ISO-10303-21;
HEADER;
/* Generated by software containing ST-Developer
 * from STEP Tools, Inc. (www.steptools.com) 
 */

FILE_DESCRIPTION(
/* description */ (''),
/* implementation_level */ '2;1');

FILE_NAME(
/* name */ 'End_Stop_Board_libs.step',
/* time_stamp */ '2026-07-12T17:03:34+02:00',
/* author */ (''),
/* organization */ (''),
/* preprocessor_version */ 'ST-DEVELOPER v20.1',
/* originating_system */ 'Autodesk Translation Framework v15.8.0.0',
/* authorisation */ '');

FILE_SCHEMA (('AUTOMOTIVE_DESIGN { 1 0 10303 214 3 1 1 }'));
ENDSEC;

DATA;
#10=MECHANICAL_DESIGN_GEOMETRIC_PRESENTATION_REPRESENTATION('',(#13),#5205);
#11=SHAPE_REPRESENTATION_RELATIONSHIP('SRR','None',#5212,#12);
#12=ADVANCED_BREP_SHAPE_REPRESENTATION('',(#14),#5204);
#13=STYLED_ITEM('',(#5221),#14);
#14=MANIFOLD_SOLID_BREP('bloc_x_endstop (1) (1)',#1425);
#15=B_SPLINE_SURFACE_WITH_KNOTS('',3,3,((#3980,#3981,#3982,#3983,#3984,
#3985,#3986,#3987,#3988,#3989,#3990,#3991,#3992,#3993,#3994,#3995,#3996,
#3997,#3998,#3999,#4000,#4001,#4002,#4003,#4004,#4005,#4006,#4007,#4008,
#4009,#4010,#4011,#4012,#4013,#4014,#4015,#4016,#4017,#4018,#4019,#4020,
#4021,#4022,#4023,#4024,#4025,#4026,#4027,#4028,#4029,#4030,#4031,#4032,
#4033,#4034,#4035,#4036,#4037,#4038,#4039,#4040,#4041,#4042,#4043,#4044,
#4045,#4046,#4047),(#4048,#4049,#4050,#4051,#4052,#4053,#4054,#4055,#4056,
#4057,#4058,#4059,#4060,#4061,#4062,#4063,#4064,#4065,#4066,#4067,#4068,
#4069,#4070,#4071,#4072,#4073,#4074,#4075,#4076,#4077,#4078,#4079,#4080,
#4081,#4082,#4083,#4084,#4085,#4086,#4087,#4088,#4089,#4090,#4091,#4092,
#4093,#4094,#4095,#4096,#4097,#4098,#4099,#4100,#4101,#4102,#4103,#4104,
#4105,#4106,#4107,#4108,#4109,#4110,#4111,#4112,#4113,#4114,#4115),(#4116,
#4117,#4118,#4119,#4120,#4121,#4122,#4123,#4124,#4125,#4126,#4127,#4128,
#4129,#4130,#4131,#4132,#4133,#4134,#4135,#4136,#4137,#4138,#4139,#4140,
#4141,#4142,#4143,#4144,#4145,#4146,#4147,#4148,#4149,#4150,#4151,#4152,
#4153,#4154,#4155,#4156,#4157,#4158,#4159,#4160,#4161,#4162,#4163,#4164,
#4165,#4166,#4167,#4168,#4169,#4170,#4171,#4172,#4173,#4174,#4175,#4176,
#4177,#4178,#4179,#4180,#4181,#4182,#4183),(#4184,#4185,#4186,#4187,#4188,
#4189,#4190,#4191,#4192,#4193,#4194,#4195,#4196,#4197,#4198,#4199,#4200,
#4201,#4202,#4203,#4204,#4205,#4206,#4207,#4208,#4209,#4210,#4211,#4212,
#4213,#4214,#4215,#4216,#4217,#4218,#4219,#4220,#4221,#4222,#4223,#4224,
#4225,#4226,#4227,#4228,#4229,#4230,#4231,#4232,#4233,#4234,#4235,#4236,
#4237,#4238,#4239,#4240,#4241,#4242,#4243,#4244,#4245,#4246,#4247,#4248,
#4249,#4250,#4251)),.UNSPECIFIED.,.F.,.F.,.F.,(4,4),(4,1,1,1,1,1,1,1,1,
1,1,1,1,1,1,1,1,1,1,1,1,1,1,1,1,1,1,1,1,1,1,1,1,1,1,1,1,1,1,1,1,1,1,1,1,
1,1,1,1,1,1,1,1,1,1,1,1,1,1,1,1,1,1,1,1,4),(0.,0.0321584099938622),(11.8553612635793,
12.8530908876339,13.8508205116886,14.8485501357432,15.8462797597979,16.8440093838526,
17.8417390079072,18.8394686319619,19.8371982560165,20.8349278800712,21.8326575041259,
22.8303871281805,23.8281167522352,24.8258463762898,25.8235760003445,26.8213056243992,
27.8190352484538,28.8167648725085,29.8144944965631,30.8122241206178,31.8099537446724,
32.8076833687271,33.8054129927818,34.8031426168364,35.8008722408911,36.7986018649457,
37.7963314890004,38.7940611130551,39.7917907371097,40.7895203611644,41.787249985219,
42.7849796092737,43.7827092333284,44.780438857383,45.7781684814377,46.7758981054923,
47.773627729547,48.7713573536017,49.7690869776563,50.766816601711,51.7645462257656,
52.7622758498203,53.7600054738749,54.7577350979296,55.7554647219843,56.7531943460389,
57.7509239700936,58.7486535941482,59.7463832182029,60.7441128422576,61.7418424663122,
62.7395720903669,63.7373017144215,64.7350313384762,65.7327609625308,66.7304905865855,
67.7282202106402,68.7259498346948,69.7236794587495,70.7214090828041,71.7191387068588,
72.7168683309135,73.7145979549681,74.7123275790228,75.7100572030774,76.7077868271321),
 .UNSPECIFIED.);
#16=B_SPLINE_SURFACE_WITH_KNOTS('',3,3,((#4274,#4275,#4276,#4277,#4278,
#4279,#4280,#4281,#4282,#4283,#4284,#4285,#4286,#4287,#4288,#4289,#4290,
#4291,#4292,#4293,#4294,#4295,#4296,#4297,#4298,#4299,#4300,#4301,#4302,
#4303,#4304,#4305,#4306,#4307,#4308,#4309,#4310,#4311,#4312,#4313,#4314,
#4315,#4316,#4317,#4318,#4319,#4320,#4321,#4322,#4323,#4324,#4325,#4326,
#4327,#4328,#4329,#4330,#4331,#4332,#4333,#4334,#4335,#4336,#4337,#4338,
#4339,#4340,#4341),(#4342,#4343,#4344,#4345,#4346,#4347,#4348,#4349,#4350,
#4351,#4352,#4353,#4354,#4355,#4356,#4357,#4358,#4359,#4360,#4361,#4362,
#4363,#4364,#4365,#4366,#4367,#4368,#4369,#4370,#4371,#4372,#4373,#4374,
#4375,#4376,#4377,#4378,#4379,#4380,#4381,#4382,#4383,#4384,#4385,#4386,
#4387,#4388,#4389,#4390,#4391,#4392,#4393,#4394,#4395,#4396,#4397,#4398,
#4399,#4400,#4401,#4402,#4403,#4404,#4405,#4406,#4407,#4408,#4409),(#4410,
#4411,#4412,#4413,#4414,#4415,#4416,#4417,#4418,#4419,#4420,#4421,#4422,
#4423,#4424,#4425,#4426,#4427,#4428,#4429,#4430,#4431,#4432,#4433,#4434,
#4435,#4436,#4437,#4438,#4439,#4440,#4441,#4442,#4443,#4444,#4445,#4446,
#4447,#4448,#4449,#4450,#4451,#4452,#4453,#4454,#4455,#4456,#4457,#4458,
#4459,#4460,#4461,#4462,#4463,#4464,#4465,#4466,#4467,#4468,#4469,#4470,
#4471,#4472,#4473,#4474,#4475,#4476,#4477),(#4478,#4479,#4480,#4481,#4482,
#4483,#4484,#4485,#4486,#4487,#4488,#4489,#4490,#4491,#4492,#4493,#4494,
#4495,#4496,#4497,#4498,#4499,#4500,#4501,#4502,#4503,#4504,#4505,#4506,
#4507,#4508,#4509,#4510,#4511,#4512,#4513,#4514,#4515,#4516,#4517,#4518,
#4519,#4520,#4521,#4522,#4523,#4524,#4525,#4526,#4527,#4528,#4529,#4530,
#4531,#4532,#4533,#4534,#4535,#4536,#4537,#4538,#4539,#4540,#4541,#4542,
#4543,#4544,#4545)),.UNSPECIFIED.,.F.,.F.,.F.,(4,4),(4,1,1,1,1,1,1,1,1,
1,1,1,1,1,1,1,1,1,1,1,1,1,1,1,1,1,1,1,1,1,1,1,1,1,1,1,1,1,1,1,1,1,1,1,1,
1,1,1,1,1,1,1,1,1,1,1,1,1,1,1,1,1,1,1,1,4),(0.,0.0321584099938622),(14.3984001269718,
15.3961297510265,16.3938593750811,17.3915889991358,18.3893186231904,19.3870482472451,
20.3847778712997,21.3825074953544,22.3802371194091,23.3779667434637,24.3756963675184,
25.373425991573,26.3711556156277,27.3688852396824,28.366614863737,29.3643444877917,
30.3620741118463,31.359803735901,32.3575333599556,33.3552629840103,34.352992608065,
35.3507222321196,36.3484518561743,37.3461814802289,38.3439111042836,39.3416407283383,
40.3393703523929,41.3370999764476,42.3348296005022,43.3325592245569,44.3302888486115,
45.3280184726662,46.3257480967209,47.3234777207755,48.3212073448302,49.3189369688848,
50.3166665929395,51.3143962169942,52.3121258410488,53.3098554651035,54.3075850891581,
55.3053147132128,56.3030443372675,57.3007739613221,58.2985035853768,59.2962332094314,
60.2939628334861,61.2916924575407,62.2894220815954,63.2871517056501,64.2848813297047,
65.2826109537594,66.280340577814,67.2780702018687,68.2757998259233,69.273529449978,
70.2712590740327,71.2689886980873,72.266718322142,73.2644479461966,74.2621775702513,
75.259907194306,76.2576368183606,77.2553664424153,78.2530960664699,79.2508256905246),
 .UNSPECIFIED.);
#17=B_SPLINE_SURFACE_WITH_KNOTS('',3,3,((#4593,#4594,#4595,#4596,#4597,
#4598,#4599,#4600,#4601,#4602,#4603,#4604,#4605,#4606,#4607,#4608,#4609,
#4610,#4611,#4612,#4613,#4614,#4615,#4616,#4617,#4618,#4619,#4620,#4621,
#4622,#4623,#4624,#4625,#4626,#4627,#4628,#4629,#4630,#4631,#4632,#4633,
#4634,#4635,#4636,#4637,#4638,#4639,#4640,#4641,#4642,#4643,#4644,#4645,
#4646,#4647,#4648,#4649,#4650,#4651,#4652,#4653,#4654,#4655,#4656,#4657,
#4658,#4659,#4660),(#4661,#4662,#4663,#4664,#4665,#4666,#4667,#4668,#4669,
#4670,#4671,#4672,#4673,#4674,#4675,#4676,#4677,#4678,#4679,#4680,#4681,
#4682,#4683,#4684,#4685,#4686,#4687,#4688,#4689,#4690,#4691,#4692,#4693,
#4694,#4695,#4696,#4697,#4698,#4699,#4700,#4701,#4702,#4703,#4704,#4705,
#4706,#4707,#4708,#4709,#4710,#4711,#4712,#4713,#4714,#4715,#4716,#4717,
#4718,#4719,#4720,#4721,#4722,#4723,#4724,#4725,#4726,#4727,#4728),(#4729,
#4730,#4731,#4732,#4733,#4734,#4735,#4736,#4737,#4738,#4739,#4740,#4741,
#4742,#4743,#4744,#4745,#4746,#4747,#4748,#4749,#4750,#4751,#4752,#4753,
#4754,#4755,#4756,#4757,#4758,#4759,#4760,#4761,#4762,#4763,#4764,#4765,
#4766,#4767,#4768,#4769,#4770,#4771,#4772,#4773,#4774,#4775,#4776,#4777,
#4778,#4779,#4780,#4781,#4782,#4783,#4784,#4785,#4786,#4787,#4788,#4789,
#4790,#4791,#4792,#4793,#4794,#4795,#4796),(#4797,#4798,#4799,#4800,#4801,
#4802,#4803,#4804,#4805,#4806,#4807,#4808,#4809,#4810,#4811,#4812,#4813,
#4814,#4815,#4816,#4817,#4818,#4819,#4820,#4821,#4822,#4823,#4824,#4825,
#4826,#4827,#4828,#4829,#4830,#4831,#4832,#4833,#4834,#4835,#4836,#4837,
#4838,#4839,#4840,#4841,#4842,#4843,#4844,#4845,#4846,#4847,#4848,#4849,
#4850,#4851,#4852,#4853,#4854,#4855,#4856,#4857,#4858,#4859,#4860,#4861,
#4862,#4863,#4864)),.UNSPECIFIED.,.F.,.F.,.F.,(4,4),(4,1,1,1,1,1,1,1,1,
1,1,1,1,1,1,1,1,1,1,1,1,1,1,1,1,1,1,1,1,1,1,1,1,1,1,1,1,1,1,1,1,1,1,1,1,
1,1,1,1,1,1,1,1,1,1,1,1,1,1,1,1,1,1,1,1,4),(0.,0.0321584099938622),(11.8553612635793,
12.8530908876339,13.8508205116886,14.8485501357433,15.8462797597979,16.8440093838526,
17.8417390079072,18.8394686319619,19.8371982560166,20.8349278800712,21.8326575041259,
22.8303871281805,23.8281167522352,24.8258463762898,25.8235760003445,26.8213056243992,
27.8190352484538,28.8167648725085,29.8144944965631,30.8122241206178,31.8099537446725,
32.8076833687271,33.8054129927818,34.8031426168364,35.8008722408911,36.7986018649458,
37.7963314890004,38.7940611130551,39.7917907371097,40.7895203611644,41.787249985219,
42.7849796092737,43.7827092333284,44.780438857383,45.7781684814377,46.7758981054923,
47.773627729547,48.7713573536017,49.7690869776563,50.766816601711,51.7645462257656,
52.7622758498203,53.760005473875,54.7577350979296,55.7554647219843,56.7531943460389,
57.7509239700936,58.7486535941483,59.7463832182029,60.7441128422576,61.7418424663122,
62.7395720903669,63.7373017144215,64.7350313384762,65.7327609625309,66.7304905865855,
67.7282202106402,68.7259498346948,69.7236794587495,70.7214090828042,71.7191387068588,
72.7168683309135,73.7145979549681,74.7123275790228,75.7100572030775,76.7077868271321),
 .UNSPECIFIED.);
#18=B_SPLINE_SURFACE_WITH_KNOTS('',3,3,((#4887,#4888,#4889,#4890,#4891,
#4892,#4893,#4894,#4895,#4896,#4897,#4898,#4899,#4900,#4901,#4902,#4903,
#4904,#4905,#4906,#4907,#4908,#4909,#4910,#4911,#4912,#4913,#4914,#4915,
#4916,#4917,#4918,#4919,#4920,#4921,#4922,#4923,#4924,#4925,#4926,#4927,
#4928,#4929,#4930,#4931,#4932,#4933,#4934,#4935,#4936,#4937,#4938,#4939,
#4940,#4941,#4942,#4943,#4944,#4945,#4946,#4947,#4948,#4949,#4950,#4951,
#4952,#4953,#4954),(#4955,#4956,#4957,#4958,#4959,#4960,#4961,#4962,#4963,
#4964,#4965,#4966,#4967,#4968,#4969,#4970,#4971,#4972,#4973,#4974,#4975,
#4976,#4977,#4978,#4979,#4980,#4981,#4982,#4983,#4984,#4985,#4986,#4987,
#4988,#4989,#4990,#4991,#4992,#4993,#4994,#4995,#4996,#4997,#4998,#4999,
#5000,#5001,#5002,#5003,#5004,#5005,#5006,#5007,#5008,#5009,#5010,#5011,
#5012,#5013,#5014,#5015,#5016,#5017,#5018,#5019,#5020,#5021,#5022),(#5023,
#5024,#5025,#5026,#5027,#5028,#5029,#5030,#5031,#5032,#5033,#5034,#5035,
#5036,#5037,#5038,#5039,#5040,#5041,#5042,#5043,#5044,#5045,#5046,#5047,
#5048,#5049,#5050,#5051,#5052,#5053,#5054,#5055,#5056,#5057,#5058,#5059,
#5060,#5061,#5062,#5063,#5064,#5065,#5066,#5067,#5068,#5069,#5070,#5071,
#5072,#5073,#5074,#5075,#5076,#5077,#5078,#5079,#5080,#5081,#5082,#5083,
#5084,#5085,#5086,#5087,#5088,#5089,#5090),(#5091,#5092,#5093,#5094,#5095,
#5096,#5097,#5098,#5099,#5100,#5101,#5102,#5103,#5104,#5105,#5106,#5107,
#5108,#5109,#5110,#5111,#5112,#5113,#5114,#5115,#5116,#5117,#5118,#5119,
#5120,#5121,#5122,#5123,#5124,#5125,#5126,#5127,#5128,#5129,#5130,#5131,
#5132,#5133,#5134,#5135,#5136,#5137,#5138,#5139,#5140,#5141,#5142,#5143,
#5144,#5145,#5146,#5147,#5148,#5149,#5150,#5151,#5152,#5153,#5154,#5155,
#5156,#5157,#5158)),.UNSPECIFIED.,.F.,.F.,.F.,(4,4),(4,1,1,1,1,1,1,1,1,
1,1,1,1,1,1,1,1,1,1,1,1,1,1,1,1,1,1,1,1,1,1,1,1,1,1,1,1,1,1,1,1,1,1,1,1,
1,1,1,1,1,1,1,1,1,1,1,1,1,1,1,1,1,1,1,1,4),(0.,0.0321584099938622),(14.3984001269718,
15.3961297510265,16.3938593750811,17.3915889991358,18.3893186231904,19.3870482472451,
20.3847778712998,21.3825074953544,22.3802371194091,23.3779667434637,24.3756963675184,
25.373425991573,26.3711556156277,27.3688852396824,28.366614863737,29.3643444877917,
30.3620741118463,31.359803735901,32.3575333599557,33.3552629840103,34.352992608065,
35.3507222321196,36.3484518561743,37.3461814802289,38.3439111042836,39.3416407283383,
40.3393703523929,41.3370999764476,42.3348296005022,43.3325592245569,44.3302888486116,
45.3280184726662,46.3257480967209,47.3234777207755,48.3212073448302,49.3189369688849,
50.3166665929395,51.3143962169942,52.3121258410488,53.3098554651035,54.3075850891581,
55.3053147132128,56.3030443372675,57.3007739613221,58.2985035853768,59.2962332094314,
60.2939628334861,61.2916924575408,62.2894220815954,63.2871517056501,64.2848813297047,
65.2826109537594,66.280340577814,67.2780702018687,68.2757998259234,69.273529449978,
70.2712590740327,71.2689886980873,72.266718322142,73.2644479461967,74.2621775702513,
75.259907194306,76.2576368183606,77.2553664424153,78.25309606647,79.2508256905246),
 .UNSPECIFIED.);
#19=FACE_BOUND('',#178,.T.);
#20=FACE_BOUND('',#180,.T.);
#21=FACE_BOUND('',#185,.T.);
#22=FACE_BOUND('',#186,.T.);
#23=FACE_BOUND('',#195,.T.);
#24=FACE_BOUND('',#196,.T.);
#25=FACE_BOUND('',#198,.T.);
#26=FACE_BOUND('',#199,.T.);
#27=FACE_BOUND('',#200,.T.);
#28=FACE_BOUND('',#201,.T.);
#29=PLANE('',#1487);
#30=PLANE('',#1488);
#31=PLANE('',#1489);
#32=PLANE('',#1490);
#33=PLANE('',#1491);
#34=PLANE('',#1494);
#35=PLANE('',#1497);
#36=PLANE('',#1498);
#37=PLANE('',#1499);
#38=PLANE('',#1500);
#39=PLANE('',#1503);
#40=PLANE('',#1510);
#41=PLANE('',#1511);
#42=PLANE('',#1512);
#43=PLANE('',#1513);
#44=PLANE('',#1514);
#45=PLANE('',#1515);
#46=PLANE('',#1516);
#47=PLANE('',#1519);
#48=PLANE('',#1520);
#49=PLANE('',#1521);
#50=PLANE('',#1522);
#51=PLANE('',#1525);
#52=PLANE('',#1526);
#53=PLANE('',#1527);
#54=PLANE('',#1528);
#55=FACE_OUTER_BOUND('',#133,.T.);
#56=FACE_OUTER_BOUND('',#134,.T.);
#57=FACE_OUTER_BOUND('',#135,.T.);
#58=FACE_OUTER_BOUND('',#136,.T.);
#59=FACE_OUTER_BOUND('',#137,.T.);
#60=FACE_OUTER_BOUND('',#138,.T.);
#61=FACE_OUTER_BOUND('',#139,.T.);
#62=FACE_OUTER_BOUND('',#140,.T.);
#63=FACE_OUTER_BOUND('',#141,.T.);
#64=FACE_OUTER_BOUND('',#142,.T.);
#65=FACE_OUTER_BOUND('',#143,.T.);
#66=FACE_OUTER_BOUND('',#144,.T.);
#67=FACE_OUTER_BOUND('',#145,.T.);
#68=FACE_OUTER_BOUND('',#146,.T.);
#69=FACE_OUTER_BOUND('',#147,.T.);
#70=FACE_OUTER_BOUND('',#148,.T.);
#71=FACE_OUTER_BOUND('',#149,.T.);
#72=FACE_OUTER_BOUND('',#150,.T.);
#73=FACE_OUTER_BOUND('',#151,.T.);
#74=FACE_OUTER_BOUND('',#152,.T.);
#75=FACE_OUTER_BOUND('',#153,.T.);
#76=FACE_OUTER_BOUND('',#154,.T.);
#77=FACE_OUTER_BOUND('',#155,.T.);
#78=FACE_OUTER_BOUND('',#156,.T.);
#79=FACE_OUTER_BOUND('',#157,.T.);
#80=FACE_OUTER_BOUND('',#158,.T.);
#81=FACE_OUTER_BOUND('',#159,.T.);
#82=FACE_OUTER_BOUND('',#160,.T.);
#83=FACE_OUTER_BOUND('',#161,.T.);
#84=FACE_OUTER_BOUND('',#162,.T.);
#85=FACE_OUTER_BOUND('',#163,.T.);
#86=FACE_OUTER_BOUND('',#164,.T.);
#87=FACE_OUTER_BOUND('',#165,.T.);
#88=FACE_OUTER_BOUND('',#166,.T.);
#89=FACE_OUTER_BOUND('',#167,.T.);
#90=FACE_OUTER_BOUND('',#168,.T.);
#91=FACE_OUTER_BOUND('',#169,.T.);
#92=FACE_OUTER_BOUND('',#170,.T.);
#93=FACE_OUTER_BOUND('',#171,.T.);
#94=FACE_OUTER_BOUND('',#172,.T.);
#95=FACE_OUTER_BOUND('',#173,.T.);
#96=FACE_OUTER_BOUND('',#174,.T.);
#97=FACE_OUTER_BOUND('',#175,.T.);
#98=FACE_OUTER_BOUND('',#176,.T.);
#99=FACE_OUTER_BOUND('',#177,.T.);
#100=FACE_OUTER_BOUND('',#179,.T.);
#101=FACE_OUTER_BOUND('',#181,.T.);
#102=FACE_OUTER_BOUND('',#182,.T.);
#103=FACE_OUTER_BOUND('',#183,.T.);
#104=FACE_OUTER_BOUND('',#184,.T.);
#105=FACE_OUTER_BOUND('',#187,.T.);
#106=FACE_OUTER_BOUND('',#188,.T.);
#107=FACE_OUTER_BOUND('',#189,.T.);
#108=FACE_OUTER_BOUND('',#190,.T.);
#109=FACE_OUTER_BOUND('',#191,.T.);
#110=FACE_OUTER_BOUND('',#192,.T.);
#111=FACE_OUTER_BOUND('',#193,.T.);
#112=FACE_OUTER_BOUND('',#194,.T.);
#113=FACE_OUTER_BOUND('',#197,.T.);
#114=FACE_OUTER_BOUND('',#202,.T.);
#115=FACE_OUTER_BOUND('',#203,.T.);
#116=FACE_OUTER_BOUND('',#204,.T.);
#117=FACE_OUTER_BOUND('',#205,.T.);
#118=FACE_OUTER_BOUND('',#206,.T.);
#119=FACE_OUTER_BOUND('',#207,.T.);
#120=FACE_OUTER_BOUND('',#208,.T.);
#121=FACE_OUTER_BOUND('',#209,.T.);
#122=FACE_OUTER_BOUND('',#210,.T.);
#123=FACE_OUTER_BOUND('',#211,.T.);
#124=FACE_OUTER_BOUND('',#212,.T.);
#125=FACE_OUTER_BOUND('',#213,.T.);
#126=FACE_OUTER_BOUND('',#214,.T.);
#127=FACE_OUTER_BOUND('',#215,.T.);
#128=FACE_OUTER_BOUND('',#216,.T.);
#129=FACE_OUTER_BOUND('',#217,.T.);
#130=FACE_OUTER_BOUND('',#218,.T.);
#131=FACE_OUTER_BOUND('',#219,.T.);
#132=FACE_OUTER_BOUND('',#220,.T.);
#133=EDGE_LOOP('',(#879,#880,#881,#882));
#134=EDGE_LOOP('',(#883,#884,#885,#886));
#135=EDGE_LOOP('',(#887,#888,#889,#890));
#136=EDGE_LOOP('',(#891,#892,#893,#894));
#137=EDGE_LOOP('',(#895,#896,#897,#898));
#138=EDGE_LOOP('',(#899,#900,#901,#902));
#139=EDGE_LOOP('',(#903,#904,#905,#906));
#140=EDGE_LOOP('',(#907,#908,#909,#910));
#141=EDGE_LOOP('',(#911,#912,#913,#914));
#142=EDGE_LOOP('',(#915,#916,#917,#918));
#143=EDGE_LOOP('',(#919,#920,#921,#922));
#144=EDGE_LOOP('',(#923,#924,#925,#926));
#145=EDGE_LOOP('',(#927,#928,#929,#930));
#146=EDGE_LOOP('',(#931,#932,#933,#934));
#147=EDGE_LOOP('',(#935,#936,#937,#938));
#148=EDGE_LOOP('',(#939,#940,#941,#942));
#149=EDGE_LOOP('',(#943,#944,#945,#946));
#150=EDGE_LOOP('',(#947,#948,#949,#950));
#151=EDGE_LOOP('',(#951,#952,#953,#954));
#152=EDGE_LOOP('',(#955,#956,#957,#958));
#153=EDGE_LOOP('',(#959,#960,#961,#962));
#154=EDGE_LOOP('',(#963,#964,#965,#966));
#155=EDGE_LOOP('',(#967,#968,#969,#970));
#156=EDGE_LOOP('',(#971,#972,#973,#974));
#157=EDGE_LOOP('',(#975,#976,#977,#978));
#158=EDGE_LOOP('',(#979,#980,#981,#982));
#159=EDGE_LOOP('',(#983,#984,#985,#986));
#160=EDGE_LOOP('',(#987,#988,#989,#990));
#161=EDGE_LOOP('',(#991,#992,#993,#994));
#162=EDGE_LOOP('',(#995,#996,#997,#998));
#163=EDGE_LOOP('',(#999,#1000,#1001,#1002));
#164=EDGE_LOOP('',(#1003,#1004,#1005,#1006));
#165=EDGE_LOOP('',(#1007,#1008,#1009,#1010));
#166=EDGE_LOOP('',(#1011,#1012,#1013,#1014));
#167=EDGE_LOOP('',(#1015,#1016,#1017,#1018));
#168=EDGE_LOOP('',(#1019,#1020,#1021,#1022));
#169=EDGE_LOOP('',(#1023,#1024,#1025,#1026));
#170=EDGE_LOOP('',(#1027,#1028,#1029,#1030));
#171=EDGE_LOOP('',(#1031,#1032,#1033,#1034));
#172=EDGE_LOOP('',(#1035,#1036,#1037,#1038));
#173=EDGE_LOOP('',(#1039,#1040,#1041,#1042));
#174=EDGE_LOOP('',(#1043,#1044,#1045,#1046));
#175=EDGE_LOOP('',(#1047,#1048,#1049,#1050));
#176=EDGE_LOOP('',(#1051,#1052,#1053,#1054));
#177=EDGE_LOOP('',(#1055));
#178=EDGE_LOOP('',(#1056));
#179=EDGE_LOOP('',(#1057));
#180=EDGE_LOOP('',(#1058));
#181=EDGE_LOOP('',(#1059,#1060,#1061,#1062));
#182=EDGE_LOOP('',(#1063,#1064,#1065,#1066));
#183=EDGE_LOOP('',(#1067,#1068,#1069,#1070));
#184=EDGE_LOOP('',(#1071,#1072,#1073,#1074,#1075,#1076,#1077,#1078));
#185=EDGE_LOOP('',(#1079));
#186=EDGE_LOOP('',(#1080));
#187=EDGE_LOOP('',(#1081,#1082,#1083,#1084));
#188=EDGE_LOOP('',(#1085,#1086,#1087,#1088));
#189=EDGE_LOOP('',(#1089,#1090,#1091,#1092));
#190=EDGE_LOOP('',(#1093,#1094,#1095,#1096));
#191=EDGE_LOOP('',(#1097,#1098,#1099,#1100));
#192=EDGE_LOOP('',(#1101,#1102,#1103,#1104));
#193=EDGE_LOOP('',(#1105,#1106,#1107,#1108));
#194=EDGE_LOOP('',(#1109,#1110,#1111,#1112,#1113,#1114,#1115,#1116));
#195=EDGE_LOOP('',(#1117));
#196=EDGE_LOOP('',(#1118));
#197=EDGE_LOOP('',(#1119,#1120,#1121,#1122));
#198=EDGE_LOOP('',(#1123,#1124,#1125,#1126));
#199=EDGE_LOOP('',(#1127,#1128,#1129,#1130));
#200=EDGE_LOOP('',(#1131,#1132,#1133,#1134));
#201=EDGE_LOOP('',(#1135,#1136,#1137,#1138));
#202=EDGE_LOOP('',(#1139,#1140,#1141,#1142,#1143,#1144));
#203=EDGE_LOOP('',(#1145,#1146,#1147,#1148,#1149,#1150));
#204=EDGE_LOOP('',(#1151,#1152,#1153,#1154));
#205=EDGE_LOOP('',(#1155,#1156,#1157,#1158));
#206=EDGE_LOOP('',(#1159,#1160,#1161,#1162,#1163,#1164,#1165,#1166,#1167,
#1168,#1169,#1170,#1171,#1172,#1173,#1174,#1175,#1176,#1177,#1178,#1179,
#1180,#1181,#1182));
#207=EDGE_LOOP('',(#1183,#1184,#1185,#1186,#1187,#1188,#1189,#1190,#1191,
#1192,#1193,#1194,#1195,#1196,#1197,#1198,#1199,#1200,#1201,#1202,#1203,
#1204,#1205,#1206));
#208=EDGE_LOOP('',(#1207,#1208,#1209,#1210));
#209=EDGE_LOOP('',(#1211,#1212,#1213,#1214,#1215,#1216,#1217,#1218,#1219,
#1220,#1221,#1222,#1223,#1224,#1225,#1226,#1227,#1228,#1229,#1230,#1231,
#1232,#1233,#1234));
#210=EDGE_LOOP('',(#1235,#1236,#1237,#1238,#1239,#1240,#1241,#1242,#1243,
#1244,#1245,#1246,#1247,#1248,#1249,#1250,#1251,#1252,#1253,#1254,#1255,
#1256,#1257,#1258));
#211=EDGE_LOOP('',(#1259,#1260,#1261,#1262));
#212=EDGE_LOOP('',(#1263,#1264,#1265,#1266));
#213=EDGE_LOOP('',(#1267,#1268,#1269,#1270));
#214=EDGE_LOOP('',(#1271,#1272,#1273,#1274));
#215=EDGE_LOOP('',(#1275,#1276,#1277,#1278));
#216=EDGE_LOOP('',(#1279,#1280,#1281,#1282));
#217=EDGE_LOOP('',(#1283,#1284,#1285,#1286));
#218=EDGE_LOOP('',(#1287,#1288,#1289,#1290));
#219=EDGE_LOOP('',(#1291,#1292,#1293,#1294));
#220=EDGE_LOOP('',(#1295,#1296,#1297,#1298));
#221=CIRCLE('',#1440,1.2645);
#222=CIRCLE('',#1450,1.2645);
#223=CIRCLE('',#1452,1.2645);
#224=CIRCLE('',#1462,1.2645);
#225=CIRCLE('',#1464,1.543);
#226=CIRCLE('',#1474,1.543);
#227=CIRCLE('',#1476,1.543);
#228=CIRCLE('',#1486,1.543);
#229=CIRCLE('',#1492,5.);
#230=CIRCLE('',#1493,2.75);
#231=CIRCLE('',#1495,5.);
#232=CIRCLE('',#1496,2.75);
#233=CIRCLE('',#1501,2.75);
#234=CIRCLE('',#1502,2.75);
#235=CIRCLE('',#1505,5.);
#236=CIRCLE('',#1507,5.);
#237=B_SPLINE_CURVE_WITH_KNOTS('',3,(#1815,#1816,#1817,#1818,#1819,#1820,
#1821,#1822,#1823,#1824,#1825,#1826,#1827),.UNSPECIFIED.,.F.,.F.,(4,3,3,
3,4),(-3.85260200436969,-2.99318887216398,-1.99545924810932,-0.99772962405466,
0.),.UNSPECIFIED.);
#238=B_SPLINE_CURVE_WITH_KNOTS('',3,(#1830,#1831,#1832,#1833,#1834,#1835,
#1836,#1837,#1838,#1839,#1840,#1841,#1842,#1843,#1844,#1845,#1846,#1847,
#1848),.UNSPECIFIED.,.F.,.F.,(4,3,3,3,3,3,4),(2.02057249175662,2.99318887216398,
3.99091849621863,4.98864812027328,5.98637774432794,6.98410736838259,7.59274844815672),
 .UNSPECIFIED.);
#239=B_SPLINE_CURVE_WITH_KNOTS('',3,(#1853,#1854,#1855,#1856,#1857,#1858,
#1859,#1860,#1861,#1862,#1863,#1864,#1865,#1866,#1867,#1868,#1869,#1870,
#1871,#1872,#1873,#1874,#1875,#1876,#1877),.UNSPECIFIED.,.F.,.F.,(4,3,3,
3,3,3,3,3,4),(-10.1357873115493,-9.97729624054658,-8.97956661649192,-7.98183699243727,
-6.98410736838261,-5.98637774432795,-4.9886481202733,-3.99091849621864,
-3.85260200436969),.UNSPECIFIED.);
#240=B_SPLINE_CURVE_WITH_KNOTS('',3,(#1878,#1879,#1880,#1881,#1882,#1883,
#1884,#1885,#1886,#1887,#1888,#1889,#1890,#1891,#1892,#1893,#1894,#1895,
#1896,#1897,#1898,#1899),.UNSPECIFIED.,.F.,.F.,(4,3,3,3,3,3,3,4),(7.59274844815672,
7.98183699243724,8.9795666164919,9.97729624054655,10.9750258646012,11.9727554886559,
12.9704851127105,13.8759337553363),.UNSPECIFIED.);
#241=B_SPLINE_CURVE_WITH_KNOTS('',3,(#1904,#1905,#1906,#1907,#1908,#1909,
#1910,#1911,#1912,#1913,#1914,#1915,#1916,#1917,#1918,#1919,#1920,#1921,
#1922,#1923,#1924,#1925),.UNSPECIFIED.,.F.,.F.,(4,3,3,3,3,3,3,4),(-16.4189726187288,
-15.9636739848745,-14.9659443608199,-13.9682147367652,-12.9704851127106,
-11.9727554886559,-10.9750258646012,-10.1357873115493),.UNSPECIFIED.);
#242=B_SPLINE_CURVE_WITH_KNOTS('',3,(#1926,#1927,#1928,#1929,#1930,#1931,
#1932,#1933,#1934,#1935,#1936,#1937,#1938,#1939,#1940,#1941,#1942,#1943,
#1944,#1945,#1946,#1947,#1948,#1949,#1950),.UNSPECIFIED.,.F.,.F.,(4,3,3,
3,3,3,3,3,4),(13.8759337553363,13.9682147367652,14.9659443608199,15.9636739848745,
16.9614036089292,17.9591332329838,18.9568628570385,19.9545924810932,20.1591190625159),
 .UNSPECIFIED.);
#243=B_SPLINE_CURVE_WITH_KNOTS('',3,(#1955,#1956,#1957,#1958,#1959,#1960,
#1961,#1962,#1963,#1964,#1965,#1966,#1967,#1968,#1969,#1970,#1971,#1972,
#1973,#1974,#1975,#1976),.UNSPECIFIED.,.F.,.F.,(4,3,3,3,3,3,3,4),(-22.7021579259084,
-21.9500517292025,-20.9523221051478,-19.9545924810932,-18.9568628570385,
-17.9591332329839,-16.9614036089292,-16.4189726187288),.UNSPECIFIED.);
#244=B_SPLINE_CURVE_WITH_KNOTS('',3,(#1977,#1978,#1979,#1980,#1981,#1982,
#1983,#1984,#1985,#1986,#1987,#1988,#1989,#1990,#1991,#1992,#1993,#1994,
#1995,#1996,#1997,#1998),.UNSPECIFIED.,.F.,.F.,(4,3,3,3,3,3,3,4),(20.1591190625159,
20.9523221051478,21.9500517292025,22.9477813532572,23.9455109773118,24.9432406013665,
25.9409702254211,26.4423043696955),.UNSPECIFIED.);
#245=B_SPLINE_CURVE_WITH_KNOTS('',3,(#2003,#2004,#2005,#2006,#2007,#2008,
#2009,#2010,#2011,#2012,#2013,#2014,#2015,#2016,#2017,#2018,#2019,#2020,
#2021,#2022,#2023,#2024,#2025,#2026,#2027),.UNSPECIFIED.,.F.,.F.,(4,3,3,
3,3,3,3,3,4),(-28.985343233088,-28.9341590975851,-27.9364294735305,-26.9386998494758,
-25.9409702254211,-24.9432406013665,-23.9455109773118,-22.9477813532572,
-22.7021579259084),.UNSPECIFIED.);
#246=B_SPLINE_CURVE_WITH_KNOTS('',3,(#2028,#2029,#2030,#2031,#2032,#2033,
#2034,#2035,#2036,#2037,#2038,#2039,#2040,#2041,#2042,#2043,#2044,#2045,
#2046,#2047,#2048,#2049),.UNSPECIFIED.,.F.,.F.,(4,3,3,3,3,3,3,4),(26.4423043696955,
26.9386998494758,27.9364294735305,28.9341590975851,29.9318887216398,30.9296183456944,
31.9273479697491,32.7254896768751),.UNSPECIFIED.);
#247=B_SPLINE_CURVE_WITH_KNOTS('',3,(#2054,#2055,#2056,#2057,#2058,#2059,
#2060,#2061,#2062,#2063,#2064,#2065,#2066,#2067,#2068,#2069,#2070,#2071,
#2072,#2073,#2074,#2075),.UNSPECIFIED.,.F.,.F.,(4,3,3,3,3,3,3,4),(-35.2685285402676,
-34.9205368419131,-33.9228072178584,-32.9250775938037,-31.9273479697491,
-30.9296183456944,-29.9318887216398,-28.985343233088),.UNSPECIFIED.);
#248=B_SPLINE_CURVE_WITH_KNOTS('',3,(#2076,#2077,#2078,#2079,#2080,#2081,
#2082,#2083,#2084,#2085,#2086,#2087,#2088,#2089,#2090,#2091,#2092,#2093,
#2094,#2095,#2096,#2097,#2098,#2099,#2100),.UNSPECIFIED.,.F.,.F.,(4,3,3,
3,3,3,3,3,4),(32.7254896768751,32.9250775938038,33.9228072178584,34.9205368419131,
35.9182664659677,36.9159960900224,37.913725714077,38.9114553381317,39.0086749840547),
 .UNSPECIFIED.);
#249=B_SPLINE_CURVE_WITH_KNOTS('',3,(#2105,#2106,#2107,#2108,#2109,#2110,
#2111,#2112,#2113,#2114,#2115,#2116,#2117,#2118,#2119,#2120,#2121,#2122,
#2123,#2124,#2125,#2126),.UNSPECIFIED.,.F.,.F.,(4,3,3,3,3,3,3,4),(-41.5517138474472,
-40.906914586241,-39.9091849621864,-38.9114553381317,-37.9137257140771,
-36.9159960900224,-35.9182664659677,-35.2685285402676),.UNSPECIFIED.);
#250=B_SPLINE_CURVE_WITH_KNOTS('',3,(#2127,#2128,#2129,#2130,#2131,#2132,
#2133,#2134,#2135,#2136,#2137,#2138,#2139,#2140,#2141,#2142,#2143,#2144,
#2145,#2146,#2147,#2148),.UNSPECIFIED.,.F.,.F.,(4,3,3,3,3,3,3,4),(39.0086749840547,
39.9091849621864,40.906914586241,41.9046442102957,42.9023738343503,43.900103458405,
44.8978330824596,45.2918602912343),.UNSPECIFIED.);
#251=B_SPLINE_CURVE_WITH_KNOTS('',3,(#2153,#2154,#2155,#2156,#2157,#2158,
#2159,#2160,#2161,#2162,#2163,#2164,#2165,#2166,#2167,#2168,#2169,#2170,
#2171,#2172,#2173,#2174),.UNSPECIFIED.,.F.,.F.,(4,3,3,3,3,3,3,4),(-47.8348991546268,
-46.893292330569,-45.8955627065143,-44.8978330824597,-43.900103458405,-42.9023738343503,
-41.9046442102957,-41.5517138474472),.UNSPECIFIED.);
#252=B_SPLINE_CURVE_WITH_KNOTS('',3,(#2175,#2176,#2177,#2178,#2179,#2180,
#2181,#2182,#2183,#2184,#2185,#2186,#2187,#2188,#2189,#2190,#2191,#2192,
#2193,#2194,#2195,#2196),.UNSPECIFIED.,.F.,.F.,(4,3,3,3,3,3,3,4),(45.2918602912343,
45.8955627065143,46.893292330569,47.8910219546236,48.8887515786783,49.8864812027329,
50.8842108267876,51.5750455984139),.UNSPECIFIED.);
#253=B_SPLINE_CURVE_WITH_KNOTS('',3,(#2201,#2202,#2203,#2204,#2205,#2206,
#2207,#2208,#2209,#2210,#2211,#2212,#2213,#2214,#2215,#2216,#2217,#2218,
#2219,#2220,#2221,#2222,#2223,#2224,#2225),.UNSPECIFIED.,.F.,.F.,(4,3,3,
3,3,3,3,3,4),(-54.1180844618064,-53.8773996989516,-52.8796700748969,-51.8819404508423,
-50.8842108267876,-49.886481202733,-48.8887515786783,-47.8910219546236,
-47.8348991546268),.UNSPECIFIED.);
#254=B_SPLINE_CURVE_WITH_KNOTS('',3,(#2226,#2227,#2228,#2229,#2230,#2231,
#2232,#2233,#2234,#2235,#2236,#2237,#2238,#2239,#2240,#2241,#2242,#2243,
#2244,#2245,#2246,#2247),.UNSPECIFIED.,.F.,.F.,(4,3,3,3,3,3,3,4),(51.5750455984139,
51.8819404508423,52.8796700748969,53.8773996989516,54.8751293230062,55.8728589470609,
56.8705885711155,57.8582309055934),.UNSPECIFIED.);
#255=B_SPLINE_CURVE_WITH_KNOTS('',3,(#2253,#2254,#2255,#2256),
 .UNSPECIFIED.,.F.,.F.,(4,4),(64.141416212773,64.8524255635528),
 .UNSPECIFIED.);
#256=B_SPLINE_CURVE_WITH_KNOTS('',3,(#2259,#2260,#2261,#2262,#2263,#2264,
#2265,#2266,#2267,#2268),.UNSPECIFIED.,.F.,.F.,(4,3,3,4),(-62.8318530717959,
-61.8592366913888,-60.8615070673342,-60.401269768986),.UNSPECIFIED.);
#257=B_SPLINE_CURVE_WITH_KNOTS('',3,(#2274,#2275,#2276,#2277,#2278,#2279,
#2280,#2281,#2282,#2283,#2284,#2285,#2286),.UNSPECIFIED.,.F.,.F.,(4,3,3,
3,4),(-3.85260200436969,-2.99318887216396,-1.99545924810931,-0.997729624054644,
0.),.UNSPECIFIED.);
#258=B_SPLINE_CURVE_WITH_KNOTS('',3,(#2289,#2290,#2291,#2292,#2293,#2294,
#2295,#2296,#2297,#2298,#2299,#2300,#2301,#2302,#2303,#2304,#2305,#2306,
#2307),.UNSPECIFIED.,.F.,.F.,(4,3,3,3,3,3,4),(2.02057249175662,2.99318887216396,
3.99091849621863,4.98864812027329,5.98637774432796,6.98410736838263,7.59274844815672),
 .UNSPECIFIED.);
#259=B_SPLINE_CURVE_WITH_KNOTS('',3,(#2312,#2313,#2314,#2315,#2316,#2317,
#2318,#2319,#2320,#2321,#2322,#2323,#2324,#2325,#2326,#2327,#2328,#2329,
#2330,#2331,#2332,#2333,#2334,#2335,#2336),.UNSPECIFIED.,.F.,.F.,(4,3,3,
3,3,3,3,3,4),(-10.1357873115493,-9.97729624054656,-8.9795666164919,-7.98183699243725,
-6.98410736838259,-5.98637774432794,-4.98864812027328,-3.99091849621863,
-3.85260200436969),.UNSPECIFIED.);
#260=B_SPLINE_CURVE_WITH_KNOTS('',3,(#2337,#2338,#2339,#2340,#2341,#2342,
#2343,#2344,#2345,#2346,#2347,#2348,#2349,#2350,#2351,#2352,#2353,#2354,
#2355,#2356,#2357,#2358),.UNSPECIFIED.,.F.,.F.,(4,3,3,3,3,3,3,4),(7.59274844815672,
7.98183699243729,8.97956661649193,9.97729624054659,10.9750258646012,11.9727554886559,
12.9704851127105,13.8759337553363),.UNSPECIFIED.);
#261=B_SPLINE_CURVE_WITH_KNOTS('',3,(#2363,#2364,#2365,#2366,#2367,#2368,
#2369,#2370,#2371,#2372,#2373,#2374,#2375,#2376,#2377,#2378,#2379,#2380,
#2381,#2382,#2383,#2384),.UNSPECIFIED.,.F.,.F.,(4,3,3,3,3,3,3,4),(-16.4189726187288,
-15.9636739848745,-14.9659443608199,-13.9682147367652,-12.9704851127105,
-11.9727554886559,-10.9750258646012,-10.1357873115493),.UNSPECIFIED.);
#262=B_SPLINE_CURVE_WITH_KNOTS('',3,(#2385,#2386,#2387,#2388,#2389,#2390,
#2391,#2392,#2393,#2394,#2395,#2396,#2397,#2398,#2399,#2400,#2401,#2402,
#2403,#2404,#2405,#2406,#2407,#2408,#2409),.UNSPECIFIED.,.F.,.F.,(4,3,3,
3,3,3,3,3,4),(13.8759337553363,13.9682147367652,14.9659443608198,15.9636739848745,
16.9614036089292,17.9591332329838,18.9568628570385,19.9545924810932,20.1591190625159),
 .UNSPECIFIED.);
#263=B_SPLINE_CURVE_WITH_KNOTS('',3,(#2414,#2415,#2416,#2417,#2418,#2419,
#2420,#2421,#2422,#2423,#2424,#2425,#2426,#2427,#2428,#2429,#2430,#2431,
#2432,#2433,#2434,#2435),.UNSPECIFIED.,.F.,.F.,(4,3,3,3,3,3,3,4),(-22.7021579259084,
-21.9500517292025,-20.9523221051478,-19.9545924810932,-18.9568628570385,
-17.9591332329838,-16.9614036089292,-16.4189726187288),.UNSPECIFIED.);
#264=B_SPLINE_CURVE_WITH_KNOTS('',3,(#2436,#2437,#2438,#2439,#2440,#2441,
#2442,#2443,#2444,#2445,#2446,#2447,#2448,#2449,#2450,#2451,#2452,#2453,
#2454,#2455,#2456,#2457),.UNSPECIFIED.,.F.,.F.,(4,3,3,3,3,3,3,4),(20.1591190625159,
20.9523221051478,21.9500517292025,22.9477813532571,23.9455109773118,24.9432406013665,
25.9409702254211,26.4423043696955),.UNSPECIFIED.);
#265=B_SPLINE_CURVE_WITH_KNOTS('',3,(#2462,#2463,#2464,#2465,#2466,#2467,
#2468,#2469,#2470,#2471,#2472,#2473,#2474,#2475,#2476,#2477,#2478,#2479,
#2480,#2481,#2482,#2483,#2484,#2485,#2486),.UNSPECIFIED.,.F.,.F.,(4,3,3,
3,3,3,3,3,4),(-28.985343233088,-28.9341590975851,-27.9364294735304,-26.9386998494758,
-25.9409702254211,-24.9432406013665,-23.9455109773118,-22.9477813532571,
-22.7021579259084),.UNSPECIFIED.);
#266=B_SPLINE_CURVE_WITH_KNOTS('',3,(#2487,#2488,#2489,#2490,#2491,#2492,
#2493,#2494,#2495,#2496,#2497,#2498,#2499,#2500,#2501,#2502,#2503,#2504,
#2505,#2506,#2507,#2508),.UNSPECIFIED.,.F.,.F.,(4,3,3,3,3,3,3,4),(26.4423043696955,
26.9386998494758,27.9364294735304,28.9341590975851,29.9318887216398,30.9296183456944,
31.9273479697491,32.7254896768751),.UNSPECIFIED.);
#267=B_SPLINE_CURVE_WITH_KNOTS('',3,(#2513,#2514,#2515,#2516,#2517,#2518,
#2519,#2520,#2521,#2522,#2523,#2524,#2525,#2526,#2527,#2528,#2529,#2530,
#2531,#2532,#2533,#2534),.UNSPECIFIED.,.F.,.F.,(4,3,3,3,3,3,3,4),(-35.2685285402676,
-34.9205368419131,-33.9228072178584,-32.9250775938037,-31.9273479697491,
-30.9296183456944,-29.9318887216398,-28.985343233088),.UNSPECIFIED.);
#268=B_SPLINE_CURVE_WITH_KNOTS('',3,(#2535,#2536,#2537,#2538,#2539,#2540,
#2541,#2542,#2543,#2544,#2545,#2546,#2547,#2548,#2549,#2550,#2551,#2552,
#2553,#2554,#2555,#2556,#2557,#2558,#2559),.UNSPECIFIED.,.F.,.F.,(4,3,3,
3,3,3,3,3,4),(32.7254896768751,32.9250775938037,33.9228072178584,34.9205368419131,
35.9182664659677,36.9159960900224,37.913725714077,38.9114553381317,39.0086749840547),
 .UNSPECIFIED.);
#269=B_SPLINE_CURVE_WITH_KNOTS('',3,(#2564,#2565,#2566,#2567,#2568,#2569,
#2570,#2571,#2572,#2573,#2574,#2575,#2576,#2577,#2578,#2579,#2580,#2581,
#2582,#2583,#2584,#2585),.UNSPECIFIED.,.F.,.F.,(4,3,3,3,3,3,3,4),(-41.5517138474472,
-40.906914586241,-39.9091849621864,-38.9114553381317,-37.913725714077,-36.9159960900224,
-35.9182664659677,-35.2685285402676),.UNSPECIFIED.);
#270=B_SPLINE_CURVE_WITH_KNOTS('',3,(#2586,#2587,#2588,#2589,#2590,#2591,
#2592,#2593,#2594,#2595,#2596,#2597,#2598,#2599,#2600,#2601,#2602,#2603,
#2604,#2605,#2606,#2607),.UNSPECIFIED.,.F.,.F.,(4,3,3,3,3,3,3,4),(39.0086749840547,
39.9091849621863,40.906914586241,41.9046442102957,42.9023738343503,43.900103458405,
44.8978330824596,45.2918602912343),.UNSPECIFIED.);
#271=B_SPLINE_CURVE_WITH_KNOTS('',3,(#2612,#2613,#2614,#2615,#2616,#2617,
#2618,#2619,#2620,#2621,#2622,#2623,#2624,#2625,#2626,#2627,#2628,#2629,
#2630,#2631,#2632,#2633),.UNSPECIFIED.,.F.,.F.,(4,3,3,3,3,3,3,4),(-47.8348991546268,
-46.893292330569,-45.8955627065143,-44.8978330824596,-43.900103458405,-42.9023738343503,
-41.9046442102957,-41.5517138474472),.UNSPECIFIED.);
#272=B_SPLINE_CURVE_WITH_KNOTS('',3,(#2634,#2635,#2636,#2637,#2638,#2639,
#2640,#2641,#2642,#2643,#2644,#2645,#2646,#2647,#2648,#2649,#2650,#2651,
#2652,#2653,#2654,#2655),.UNSPECIFIED.,.F.,.F.,(4,3,3,3,3,3,3,4),(45.2918602912343,
45.8955627065143,46.8932923305689,47.8910219546236,48.8887515786783,49.8864812027329,
50.8842108267876,51.5750455984139),.UNSPECIFIED.);
#273=B_SPLINE_CURVE_WITH_KNOTS('',3,(#2660,#2661,#2662,#2663,#2664,#2665,
#2666,#2667,#2668,#2669,#2670,#2671,#2672,#2673,#2674,#2675,#2676,#2677,
#2678,#2679,#2680,#2681,#2682,#2683,#2684),.UNSPECIFIED.,.F.,.F.,(4,3,3,
3,3,3,3,3,4),(-54.1180844618064,-53.8773996989516,-52.8796700748969,-51.8819404508423,
-50.8842108267876,-49.8864812027329,-48.8887515786783,-47.8910219546236,
-47.8348991546268),.UNSPECIFIED.);
#274=B_SPLINE_CURVE_WITH_KNOTS('',3,(#2685,#2686,#2687,#2688,#2689,#2690,
#2691,#2692,#2693,#2694,#2695,#2696,#2697,#2698,#2699,#2700,#2701,#2702,
#2703,#2704,#2705,#2706),.UNSPECIFIED.,.F.,.F.,(4,3,3,3,3,3,3,4),(51.5750455984139,
51.8819404508423,52.8796700748969,53.8773996989516,54.8751293230062,55.8728589470609,
56.8705885711155,57.8582309055934),.UNSPECIFIED.);
#275=B_SPLINE_CURVE_WITH_KNOTS('',3,(#2712,#2713,#2714,#2715),
 .UNSPECIFIED.,.F.,.F.,(4,4),(64.141416212773,64.8524255635528),
 .UNSPECIFIED.);
#276=B_SPLINE_CURVE_WITH_KNOTS('',3,(#2718,#2719,#2720,#2721,#2722,#2723,
#2724,#2725,#2726,#2727),.UNSPECIFIED.,.F.,.F.,(4,3,3,4),(-62.8318530717959,
-61.8592366913888,-60.8615070673342,-60.401269768986),.UNSPECIFIED.);
#277=B_SPLINE_CURVE_WITH_KNOTS('',3,(#2733,#2734,#2735,#2736,#2737,#2738,
#2739,#2740),.UNSPECIFIED.,.F.,.F.,(4,1,1,1,1,4),(72.2566310325652,72.7168683309135,
73.7145979549681,74.7123275790228,75.7100572030775,76.7077868271321),
 .UNSPECIFIED.);
#278=B_SPLINE_CURVE_WITH_KNOTS('',3,(#2743,#2744,#2745,#2746,#2747,#2748,
#2749,#2750,#2751),.UNSPECIFIED.,.F.,.F.,(4,1,1,1,1,1,4),(72.2566310325652,
72.266718322142,73.2644479461967,74.2621775702513,75.259907194306,76.2576368183606,
77.2302531987677),.UNSPECIFIED.);
#279=B_SPLINE_CURVE_WITH_KNOTS('',3,(#2756,#2757,#2758,#2759,#2760,#2761,
#2762,#2763,#2764,#2765),.UNSPECIFIED.,.F.,.F.,(4,1,1,1,1,1,1,4),(65.9734457253856,
66.7304905865855,67.7282202106402,68.7259498346948,69.7236794587495,70.7214090828042,
71.7191387068588,72.2566310325652),.UNSPECIFIED.);
#280=B_SPLINE_CURVE_WITH_KNOTS('',3,(#2766,#2767,#2768,#2769,#2770,#2771,
#2772,#2773,#2774,#2775),.UNSPECIFIED.,.F.,.F.,(4,1,1,1,1,1,1,4),(65.9734457253856,
66.280340577814,67.2780702018687,68.2757998259234,69.273529449978,70.2712590740327,
71.2689886980873,72.2566310325652),.UNSPECIFIED.);
#281=B_SPLINE_CURVE_WITH_KNOTS('',3,(#2780,#2781,#2782,#2783,#2784,#2785,
#2786,#2787,#2788,#2789,#2790),.UNSPECIFIED.,.F.,.F.,(4,1,1,1,1,1,1,1,4),
(59.6902604182061,59.7463832182029,60.7441128422576,61.7418424663122,62.7395720903669,
63.7373017144215,64.7350313384762,65.7327609625309,65.9734457253856),
 .UNSPECIFIED.);
#282=B_SPLINE_CURVE_WITH_KNOTS('',3,(#2791,#2792,#2793,#2794,#2795,#2796,
#2797,#2798,#2799,#2800),.UNSPECIFIED.,.F.,.F.,(4,1,1,1,1,1,1,4),(59.6902604182061,
60.2939628334861,61.2916924575408,62.2894220815954,63.2871517056501,64.2848813297047,
65.2826109537594,65.9734457253856),.UNSPECIFIED.);
#283=B_SPLINE_CURVE_WITH_KNOTS('',3,(#2805,#2806,#2807,#2808,#2809,#2810,
#2811,#2812,#2813,#2814),.UNSPECIFIED.,.F.,.F.,(4,1,1,1,1,1,1,4),(53.4070751110265,
53.760005473875,54.7577350979296,55.7554647219843,56.7531943460389,57.7509239700936,
58.7486535941483,59.6902604182061),.UNSPECIFIED.);
#284=B_SPLINE_CURVE_WITH_KNOTS('',3,(#2815,#2816,#2817,#2818,#2819,#2820,
#2821,#2822,#2823,#2824),.UNSPECIFIED.,.F.,.F.,(4,1,1,1,1,1,1,4),(53.4070751110265,
54.3075850891581,55.3053147132128,56.3030443372675,57.3007739613221,58.2985035853768,
59.2962332094314,59.6902604182061),.UNSPECIFIED.);
#285=B_SPLINE_CURVE_WITH_KNOTS('',3,(#2829,#2830,#2831,#2832,#2833,#2834,
#2835,#2836,#2837,#2838),.UNSPECIFIED.,.F.,.F.,(4,1,1,1,1,1,1,4),(47.1238898038469,
47.773627729547,48.7713573536017,49.7690869776563,50.766816601711,51.7645462257656,
52.7622758498203,53.4070751110265),.UNSPECIFIED.);
#286=B_SPLINE_CURVE_WITH_KNOTS('',3,(#2839,#2840,#2841,#2842,#2843,#2844,
#2845,#2846,#2847,#2848,#2849),.UNSPECIFIED.,.F.,.F.,(4,1,1,1,1,1,1,1,4),
(47.1238898038469,47.3234777207755,48.3212073448302,49.3189369688849,50.3166665929395,
51.3143962169942,52.3121258410488,53.3098554651035,53.4070751110265),
 .UNSPECIFIED.);
#287=B_SPLINE_CURVE_WITH_KNOTS('',3,(#2854,#2855,#2856,#2857,#2858,#2859,
#2860,#2861,#2862,#2863),.UNSPECIFIED.,.F.,.F.,(4,1,1,1,1,1,1,4),(40.8407044966673,
41.787249985219,42.7849796092737,43.7827092333284,44.780438857383,45.7781684814377,
46.7758981054923,47.1238898038469),.UNSPECIFIED.);
#288=B_SPLINE_CURVE_WITH_KNOTS('',3,(#2864,#2865,#2866,#2867,#2868,#2869,
#2870,#2871,#2872,#2873),.UNSPECIFIED.,.F.,.F.,(4,1,1,1,1,1,1,4),(40.8407044966673,
41.3370999764476,42.3348296005022,43.3325592245569,44.3302888486116,45.3280184726662,
46.3257480967209,47.1238898038469),.UNSPECIFIED.);
#289=B_SPLINE_CURVE_WITH_KNOTS('',3,(#2878,#2879,#2880,#2881,#2882,#2883,
#2884,#2885,#2886,#2887,#2888),.UNSPECIFIED.,.F.,.F.,(4,1,1,1,1,1,1,1,4),
(34.5575191894877,34.8031426168364,35.8008722408911,36.7986018649458,37.7963314890004,
38.7940611130551,39.7917907371097,40.7895203611644,40.8407044966673),
 .UNSPECIFIED.);
#290=B_SPLINE_CURVE_WITH_KNOTS('',3,(#2889,#2890,#2891,#2892,#2893,#2894,
#2895,#2896,#2897,#2898),.UNSPECIFIED.,.F.,.F.,(4,1,1,1,1,1,1,4),(34.5575191894877,
35.3507222321196,36.3484518561743,37.3461814802289,38.3439111042836,39.3416407283383,
40.3393703523929,40.8407044966673),.UNSPECIFIED.);
#291=B_SPLINE_CURVE_WITH_KNOTS('',3,(#2903,#2904,#2905,#2906,#2907,#2908,
#2909,#2910,#2911,#2912),.UNSPECIFIED.,.F.,.F.,(4,1,1,1,1,1,1,4),(28.2743338823081,
28.8167648725085,29.8144944965631,30.8122241206178,31.8099537446725,32.8076833687271,
33.8054129927818,34.5575191894877),.UNSPECIFIED.);
#292=B_SPLINE_CURVE_WITH_KNOTS('',3,(#2913,#2914,#2915,#2916,#2917,#2918,
#2919,#2920,#2921,#2922,#2923),.UNSPECIFIED.,.F.,.F.,(4,1,1,1,1,1,1,1,4),
(28.2743338823081,28.366614863737,29.3643444877917,30.3620741118463,31.359803735901,
32.3575333599557,33.3552629840103,34.352992608065,34.5575191894877),
 .UNSPECIFIED.);
#293=B_SPLINE_CURVE_WITH_KNOTS('',3,(#2928,#2929,#2930,#2931,#2932,#2933,
#2934,#2935,#2936,#2937),.UNSPECIFIED.,.F.,.F.,(4,1,1,1,1,1,1,4),(21.9911485751285,
22.8303871281805,23.8281167522352,24.8258463762898,25.8235760003445,26.8213056243992,
27.8190352484538,28.2743338823081),.UNSPECIFIED.);
#294=B_SPLINE_CURVE_WITH_KNOTS('',3,(#2938,#2939,#2940,#2941,#2942,#2943,
#2944,#2945,#2946,#2947),.UNSPECIFIED.,.F.,.F.,(4,1,1,1,1,1,1,4),(21.9911485751285,
22.3802371194091,23.3779667434637,24.3756963675184,25.373425991573,26.3711556156277,
27.3688852396824,28.2743338823081),.UNSPECIFIED.);
#295=B_SPLINE_CURVE_WITH_KNOTS('',3,(#2953,#2954,#2955,#2956,#2957),
 .UNSPECIFIED.,.F.,.F.,(4,1,4),(14.3984001269718,15.3961297510265,15.7079632679489),
 .UNSPECIFIED.);
#296=B_SPLINE_CURVE_WITH_KNOTS('',3,(#2960,#2961,#2962,#2963,#2964),
 .UNSPECIFIED.,.F.,.F.,(4,1,4),(13.8759337553362,14.8485501357433,15.7079632679489),
 .UNSPECIFIED.);
#297=B_SPLINE_CURVE_WITH_KNOTS('',3,(#2970,#2971,#2972,#2973,#2974,#2975,
#2976,#2977),.UNSPECIFIED.,.F.,.F.,(4,1,1,1,1,4),(72.2566310325652,72.7168683309135,
73.7145979549681,74.7123275790228,75.7100572030774,76.7077868271321),
 .UNSPECIFIED.);
#298=B_SPLINE_CURVE_WITH_KNOTS('',3,(#2980,#2981,#2982,#2983,#2984,#2985,
#2986,#2987,#2988),.UNSPECIFIED.,.F.,.F.,(4,1,1,1,1,1,4),(72.2566310325652,
72.266718322142,73.2644479461966,74.2621775702513,75.259907194306,76.2576368183606,
77.2302531987677),.UNSPECIFIED.);
#299=B_SPLINE_CURVE_WITH_KNOTS('',3,(#2993,#2994,#2995,#2996,#2997,#2998,
#2999,#3000,#3001,#3002),.UNSPECIFIED.,.F.,.F.,(4,1,1,1,1,1,1,4),(65.9734457253856,
66.7304905865855,67.7282202106402,68.7259498346948,69.7236794587495,70.7214090828041,
71.7191387068588,72.2566310325652),.UNSPECIFIED.);
#300=B_SPLINE_CURVE_WITH_KNOTS('',3,(#3003,#3004,#3005,#3006,#3007,#3008,
#3009,#3010,#3011,#3012),.UNSPECIFIED.,.F.,.F.,(4,1,1,1,1,1,1,4),(65.9734457253856,
66.280340577814,67.2780702018687,68.2757998259233,69.273529449978,70.2712590740327,
71.2689886980873,72.2566310325652),.UNSPECIFIED.);
#301=B_SPLINE_CURVE_WITH_KNOTS('',3,(#3017,#3018,#3019,#3020,#3021,#3022,
#3023,#3024,#3025,#3026,#3027),.UNSPECIFIED.,.F.,.F.,(4,1,1,1,1,1,1,1,4),
(59.6902604182061,59.7463832182029,60.7441128422576,61.7418424663122,62.7395720903669,
63.7373017144215,64.7350313384762,65.7327609625308,65.9734457253856),
 .UNSPECIFIED.);
#302=B_SPLINE_CURVE_WITH_KNOTS('',3,(#3028,#3029,#3030,#3031,#3032,#3033,
#3034,#3035,#3036,#3037),.UNSPECIFIED.,.F.,.F.,(4,1,1,1,1,1,1,4),(59.6902604182061,
60.2939628334861,61.2916924575407,62.2894220815954,63.2871517056501,64.2848813297047,
65.2826109537594,65.9734457253856),.UNSPECIFIED.);
#303=B_SPLINE_CURVE_WITH_KNOTS('',3,(#3042,#3043,#3044,#3045,#3046,#3047,
#3048,#3049,#3050,#3051),.UNSPECIFIED.,.F.,.F.,(4,1,1,1,1,1,1,4),(53.4070751110265,
53.7600054738749,54.7577350979296,55.7554647219843,56.7531943460389,57.7509239700936,
58.7486535941482,59.6902604182061),.UNSPECIFIED.);
#304=B_SPLINE_CURVE_WITH_KNOTS('',3,(#3052,#3053,#3054,#3055,#3056,#3057,
#3058,#3059,#3060,#3061),.UNSPECIFIED.,.F.,.F.,(4,1,1,1,1,1,1,4),(53.4070751110265,
54.3075850891581,55.3053147132128,56.3030443372675,57.3007739613221,58.2985035853768,
59.2962332094314,59.6902604182061),.UNSPECIFIED.);
#305=B_SPLINE_CURVE_WITH_KNOTS('',3,(#3066,#3067,#3068,#3069,#3070,#3071,
#3072,#3073,#3074,#3075),.UNSPECIFIED.,.F.,.F.,(4,1,1,1,1,1,1,4),(47.1238898038469,
47.773627729547,48.7713573536017,49.7690869776563,50.766816601711,51.7645462257656,
52.7622758498203,53.4070751110265),.UNSPECIFIED.);
#306=B_SPLINE_CURVE_WITH_KNOTS('',3,(#3076,#3077,#3078,#3079,#3080,#3081,
#3082,#3083,#3084,#3085,#3086),.UNSPECIFIED.,.F.,.F.,(4,1,1,1,1,1,1,1,4),
(47.1238898038469,47.3234777207755,48.3212073448302,49.3189369688848,50.3166665929395,
51.3143962169942,52.3121258410488,53.3098554651035,53.4070751110265),
 .UNSPECIFIED.);
#307=B_SPLINE_CURVE_WITH_KNOTS('',3,(#3091,#3092,#3093,#3094,#3095,#3096,
#3097,#3098,#3099,#3100),.UNSPECIFIED.,.F.,.F.,(4,1,1,1,1,1,1,4),(40.8407044966673,
41.787249985219,42.7849796092737,43.7827092333284,44.780438857383,45.7781684814377,
46.7758981054923,47.1238898038469),.UNSPECIFIED.);
#308=B_SPLINE_CURVE_WITH_KNOTS('',3,(#3101,#3102,#3103,#3104,#3105,#3106,
#3107,#3108,#3109,#3110),.UNSPECIFIED.,.F.,.F.,(4,1,1,1,1,1,1,4),(40.8407044966673,
41.3370999764476,42.3348296005022,43.3325592245569,44.3302888486115,45.3280184726662,
46.3257480967209,47.1238898038469),.UNSPECIFIED.);
#309=B_SPLINE_CURVE_WITH_KNOTS('',3,(#3115,#3116,#3117,#3118,#3119,#3120,
#3121,#3122,#3123,#3124,#3125),.UNSPECIFIED.,.F.,.F.,(4,1,1,1,1,1,1,1,4),
(34.5575191894877,34.8031426168364,35.8008722408911,36.7986018649457,37.7963314890004,
38.7940611130551,39.7917907371097,40.7895203611644,40.8407044966673),
 .UNSPECIFIED.);
#310=B_SPLINE_CURVE_WITH_KNOTS('',3,(#3126,#3127,#3128,#3129,#3130,#3131,
#3132,#3133,#3134,#3135),.UNSPECIFIED.,.F.,.F.,(4,1,1,1,1,1,1,4),(34.5575191894877,
35.3507222321196,36.3484518561743,37.3461814802289,38.3439111042836,39.3416407283383,
40.3393703523929,40.8407044966673),.UNSPECIFIED.);
#311=B_SPLINE_CURVE_WITH_KNOTS('',3,(#3140,#3141,#3142,#3143,#3144,#3145,
#3146,#3147,#3148,#3149),.UNSPECIFIED.,.F.,.F.,(4,1,1,1,1,1,1,4),(28.2743338823081,
28.8167648725085,29.8144944965631,30.8122241206178,31.8099537446724,32.8076833687271,
33.8054129927818,34.5575191894877),.UNSPECIFIED.);
#312=B_SPLINE_CURVE_WITH_KNOTS('',3,(#3150,#3151,#3152,#3153,#3154,#3155,
#3156,#3157,#3158,#3159,#3160),.UNSPECIFIED.,.F.,.F.,(4,1,1,1,1,1,1,1,4),
(28.2743338823081,28.366614863737,29.3643444877917,30.3620741118463,31.359803735901,
32.3575333599556,33.3552629840103,34.352992608065,34.5575191894877),
 .UNSPECIFIED.);
#313=B_SPLINE_CURVE_WITH_KNOTS('',3,(#3165,#3166,#3167,#3168,#3169,#3170,
#3171,#3172,#3173,#3174),.UNSPECIFIED.,.F.,.F.,(4,1,1,1,1,1,1,4),(21.9911485751285,
22.8303871281805,23.8281167522352,24.8258463762898,25.8235760003445,26.8213056243992,
27.8190352484538,28.2743338823081),.UNSPECIFIED.);
#314=B_SPLINE_CURVE_WITH_KNOTS('',3,(#3175,#3176,#3177,#3178,#3179,#3180,
#3181,#3182,#3183,#3184),.UNSPECIFIED.,.F.,.F.,(4,1,1,1,1,1,1,4),(21.9911485751285,
22.3802371194091,23.3779667434637,24.3756963675184,25.373425991573,26.3711556156277,
27.3688852396824,28.2743338823081),.UNSPECIFIED.);
#315=B_SPLINE_CURVE_WITH_KNOTS('',3,(#3190,#3191,#3192,#3193,#3194),
 .UNSPECIFIED.,.F.,.F.,(4,1,4),(14.3984001269718,15.3961297510265,15.7079632679489),
 .UNSPECIFIED.);
#316=B_SPLINE_CURVE_WITH_KNOTS('',3,(#3197,#3198,#3199,#3200,#3201),
 .UNSPECIFIED.,.F.,.F.,(4,1,4),(13.8759337553362,14.8485501357432,15.7079632679489),
 .UNSPECIFIED.);
#317=B_SPLINE_CURVE_WITH_KNOTS('',3,(#3221,#3222,#3223,#3224,#3225,#3226,
#3227,#3228,#3229,#3230,#3231,#3232,#3233,#3234,#3235,#3236,#3237,#3238,
#3239,#3240,#3241,#3242,#3243,#3244,#3245,#3246,#3247,#3248,#3249,#3250,
#3251,#3252,#3253,#3254,#3255,#3256,#3257,#3258,#3259,#3260,#3261,#3262,
#3263,#3264,#3265,#3266,#3267,#3268,#3269,#3270,#3271,#3272,#3273,#3274,
#3275,#3276,#3277,#3278,#3279,#3280,#3281,#3282,#3283,#3284,#3285,#3286,
#3287,#3288,#3289,#3290,#3291,#3292,#3293,#3294,#3295,#3296,#3297,#3298,
#3299),.UNSPECIFIED.,.F.,.F.,(4,3,3,3,3,3,3,3,3,3,3,3,3,3,3,3,3,3,3,3,3,
3,3,3,3,3,4),(0.,0.0185446662744588,0.0367870193518997,0.0507333082073711,
0.0582991345909059,0.061055767345335,0.0788116537564044,0.0962066922312848,
0.109244351722381,0.115851241698991,0.11895549557779,0.135793569706533,
0.148357330195671,0.165204664660911,0.169987662940102,0.173022797365767,
0.189791447861618,0.206553769586145,0.21670498606518,0.221978047586967,
0.226242577899598,0.242339322775543,0.253622525614569,0.258180050260511,
0.273638591597803,0.283136005917594,0.286347380332355),.UNSPECIFIED.);
#318=B_SPLINE_CURVE_WITH_KNOTS('',3,(#3300,#3301,#3302,#3303,#3304,#3305,
#3306,#3307,#3308,#3309,#3310,#3311,#3312,#3313,#3314,#3315,#3316,#3317,
#3318,#3319,#3320,#3321,#3322,#3323,#3324,#3325,#3326,#3327,#3328,#3329,
#3330,#3331,#3332,#3333,#3334,#3335,#3336,#3337,#3338,#3339,#3340,#3341,
#3342,#3343,#3344,#3345,#3346,#3347,#3348,#3349,#3350,#3351,#3352,#3353,
#3354,#3355,#3356,#3357,#3358,#3359,#3360,#3361,#3362,#3363,#3364,#3365,
#3366,#3367,#3368,#3369,#3370,#3371,#3372,#3373,#3374,#3375,#3376,#3377,
#3378),.UNSPECIFIED.,.F.,.F.,(4,3,3,3,3,3,3,3,3,3,3,3,3,3,3,3,3,3,3,3,3,
3,3,3,3,3,4),(0.,0.015126157979595,0.0309373660915973,0.0438217467479722,
0.049893490174811,0.0529365618581345,0.0692556769198603,0.0858246842725075,
0.0978716160400298,0.101522785502475,0.104450830001445,0.121530840299808,
0.134012411342597,0.150663498075642,0.155449109737561,0.158499869305492,
0.175525848894361,0.19295964355691,0.203998399286467,0.212543950235466,
0.215900921590209,0.232243113540999,0.244621829888937,0.248847265705172,
0.26705489208267,0.28126968939337,0.285142803994928),.UNSPECIFIED.);
#319=B_SPLINE_CURVE_WITH_KNOTS('',3,(#3380,#3381,#3382,#3383,#3384,#3385,
#3386,#3387,#3388,#3389,#3390,#3391,#3392,#3393,#3394,#3395,#3396,#3397,
#3398,#3399,#3400,#3401,#3402,#3403,#3404,#3405,#3406,#3407,#3408,#3409,
#3410,#3411,#3412,#3413,#3414,#3415,#3416,#3417,#3418,#3419,#3420,#3421,
#3422,#3423,#3424,#3425,#3426,#3427,#3428,#3429,#3430,#3431,#3432,#3433,
#3434,#3435,#3436,#3437,#3438,#3439,#3440,#3441,#3442,#3443,#3444,#3445,
#3446,#3447,#3448,#3449,#3450,#3451,#3452,#3453,#3454,#3455,#3456,#3457,
#3458),.UNSPECIFIED.,.F.,.F.,(4,3,3,3,3,3,3,3,3,3,3,3,3,3,3,3,3,3,3,3,3,
3,3,3,3,3,4),(0.,0.0185446662744592,0.0367870458117974,0.050733331359782,
0.0582992012575274,0.0610558499096579,0.0788117481244598,0.0962067164708417,
0.10924436990205,0.115851290720633,0.118955521175751,0.135793531737649,
0.148357330195674,0.165204664660914,0.169987660909063,0.173022793148982,
0.189791458123238,0.206553789935872,0.216705062259315,0.221978051833648,
0.226242561804713,0.242339266115921,0.253622403579631,0.258179984430826,
0.27363843773663,0.283136005917594,0.286347380332352),.UNSPECIFIED.);
#320=B_SPLINE_CURVE_WITH_KNOTS('',3,(#3459,#3460,#3461,#3462,#3463,#3464,
#3465,#3466,#3467,#3468,#3469,#3470,#3471,#3472,#3473,#3474,#3475,#3476,
#3477,#3478,#3479,#3480,#3481,#3482,#3483,#3484,#3485,#3486,#3487,#3488,
#3489,#3490,#3491,#3492,#3493,#3494,#3495,#3496,#3497,#3498,#3499,#3500,
#3501,#3502,#3503,#3504,#3505,#3506,#3507,#3508,#3509,#3510,#3511,#3512,
#3513,#3514,#3515,#3516,#3517,#3518,#3519,#3520,#3521,#3522,#3523,#3524,
#3525,#3526,#3527,#3528,#3529,#3530,#3531,#3532,#3533,#3534,#3535,#3536,
#3537),.UNSPECIFIED.,.F.,.F.,(4,3,3,3,3,3,3,3,3,3,3,3,3,3,3,3,3,3,3,3,3,
3,3,3,3,3,4),(0.,0.0151264616963812,0.0309378935379993,0.0438222082635741,
0.0498954093475739,0.0529368881881656,0.0692562221214,0.0858254586545153,
0.0978721968265359,0.101470199553806,0.104399278386278,0.121479401700889,
0.134012411342598,0.15066337645086,0.155448914951125,0.158499785704814,
0.175525623703974,0.192959348855211,0.203998141422478,0.2125440048349,0.215900913097042,
0.232243107171118,0.244621797279908,0.24884725152607,0.267054887116202,
0.281269689393348,0.285142803994905),.UNSPECIFIED.);
#321=B_SPLINE_CURVE_WITH_KNOTS('',3,(#3621,#3622,#3623,#3624,#3625,#3626,
#3627,#3628,#3629,#3630,#3631,#3632,#3633,#3634,#3635,#3636,#3637,#3638,
#3639,#3640,#3641,#3642,#3643,#3644,#3645,#3646,#3647,#3648,#3649,#3650,
#3651,#3652,#3653,#3654,#3655,#3656,#3657,#3658,#3659,#3660,#3661,#3662,
#3663,#3664,#3665,#3666,#3667,#3668,#3669,#3670,#3671,#3672,#3673,#3674,
#3675,#3676,#3677,#3678,#3679,#3680,#3681,#3682,#3683,#3684,#3685,#3686,
#3687,#3688,#3689,#3690,#3691,#3692,#3693,#3694,#3695,#3696,#3697,#3698,
#3699),.UNSPECIFIED.,.F.,.F.,(4,3,3,3,3,3,3,3,3,3,3,3,3,3,3,3,3,3,3,3,3,
3,3,3,3,3,4),(0.,0.0185446662744436,0.0367870464585316,0.0507333319256588,
0.0582992028920476,0.0610558519412414,0.0788117504413485,0.0962067170466442,
0.10924437033387,0.115851291900007,0.118955521800514,0.135793530783457,
0.148357330195549,0.165204664660776,0.169987660844714,0.173022793049958,
0.189791458378525,0.206553790430558,0.216705064147428,0.221978051927424,
0.226242561366797,0.24233926465799,0.253622400472012,0.258179982684917,
0.273638433790205,0.28313600591737,0.286347380332138),.UNSPECIFIED.);
#322=B_SPLINE_CURVE_WITH_KNOTS('',3,(#3700,#3701,#3702,#3703,#3704,#3705,
#3706,#3707,#3708,#3709,#3710,#3711,#3712,#3713,#3714,#3715,#3716,#3717,
#3718,#3719,#3720,#3721,#3722,#3723,#3724,#3725,#3726,#3727,#3728,#3729,
#3730,#3731,#3732,#3733,#3734,#3735,#3736,#3737,#3738,#3739,#3740,#3741,
#3742,#3743,#3744,#3745,#3746,#3747,#3748,#3749,#3750,#3751,#3752,#3753,
#3754,#3755,#3756,#3757,#3758,#3759,#3760,#3761,#3762,#3763,#3764,#3765,
#3766,#3767,#3768,#3769,#3770,#3771,#3772,#3773,#3774,#3775,#3776,#3777,
#3778),.UNSPECIFIED.,.F.,.F.,(4,3,3,3,3,3,3,3,3,3,3,3,3,3,3,3,3,3,3,3,3,
3,3,3,3,3,4),(0.,0.0151264541994426,0.0309378805240331,0.0438221968763706,
0.0498953619819089,0.0529368801158882,0.0692562086507897,0.0858254395281459,
0.0978721824817926,0.101471447095749,0.104400410393353,0.121480531277501,
0.134012411342733,0.150663379465118,0.155448919793053,0.158499787769383,
0.175525629278863,0.192959356152097,0.203998147807293,0.212544003498361,
0.215900913313719,0.232243107333705,0.244621798094372,0.248847251851146,
0.2670548872166,0.281269689393662,0.285142803995218),.UNSPECIFIED.);
#323=B_SPLINE_CURVE_WITH_KNOTS('',3,(#3779,#3780,#3781,#3782,#3783,#3784,
#3785,#3786,#3787,#3788,#3789,#3790,#3791,#3792,#3793,#3794,#3795,#3796,
#3797,#3798,#3799,#3800,#3801,#3802,#3803,#3804,#3805,#3806,#3807,#3808,
#3809,#3810,#3811,#3812,#3813,#3814,#3815,#3816,#3817,#3818,#3819,#3820,
#3821,#3822,#3823,#3824,#3825,#3826,#3827,#3828,#3829,#3830,#3831,#3832,
#3833,#3834,#3835,#3836,#3837,#3838,#3839,#3840,#3841,#3842,#3843,#3844,
#3845,#3846,#3847,#3848,#3849,#3850,#3851,#3852,#3853,#3854,#3855,#3856,
#3857),.UNSPECIFIED.,.F.,.F.,(4,3,3,3,3,3,3,3,3,3,3,3,3,3,3,3,3,3,3,3,3,
3,3,3,3,3,4),(0.,0.0185446662744422,0.0367870199856273,0.0507333087618661,
0.0582991361826431,0.0610557692090075,0.0788116559064461,0.096206692729995,
0.109244352096381,0.115851242770192,0.118955496172169,0.135793568802712,
0.148357330195538,0.165204664660763,0.169987662904994,0.173022797334813,
0.189791448177949,0.206553770149035,0.216704987844511,0.221978047682632,
0.226242577527954,0.242339321460396,0.253622522770051,0.25818004874349,
0.273638588017121,0.28313600591734,0.286347380332107),.UNSPECIFIED.);
#324=B_SPLINE_CURVE_WITH_KNOTS('',3,(#3858,#3859,#3860,#3861,#3862,#3863,
#3864,#3865,#3866,#3867,#3868,#3869,#3870,#3871,#3872,#3873,#3874,#3875,
#3876,#3877,#3878,#3879,#3880,#3881,#3882,#3883,#3884,#3885,#3886,#3887,
#3888,#3889,#3890,#3891,#3892,#3893,#3894,#3895,#3896,#3897,#3898,#3899,
#3900,#3901,#3902,#3903,#3904,#3905,#3906,#3907,#3908,#3909,#3910,#3911,
#3912,#3913,#3914,#3915,#3916,#3917,#3918,#3919,#3920,#3921,#3922,#3923,
#3924,#3925,#3926,#3927,#3928,#3929,#3930,#3931,#3932,#3933,#3934,#3935,
#3936),.UNSPECIFIED.,.F.,.F.,(4,3,3,3,3,3,3,3,3,3,3,3,3,3,3,3,3,3,3,3,3,
3,3,3,3,3,4),(0.,0.0151261507886704,0.03093735360035,0.0438217358181478,
0.0498934447363396,0.0529365541509453,0.0692556640289436,0.0858246659592066,
0.097871602305088,0.101524083724137,0.104452205356727,0.121532212582644,
0.134012411342732,0.150663500940886,0.155449114311654,0.158499871297479,
0.175525854222691,0.192959650523871,0.203998405382594,0.212543948928567,
0.215900921783627,0.232243113686134,0.244621830649454,0.2488472660999,0.267054892254338,
0.281269689393657,0.285142803995211),.UNSPECIFIED.);
#325=B_SPLINE_CURVE_WITH_KNOTS('',3,(#3959,#3960,#3961,#3962,#3963,#3964,
#3965,#3966,#3967,#3968,#3969),.UNSPECIFIED.,.F.,.F.,(4,1,1,1,1,1,1,1,4),
(15.7079632679489,15.8462797597979,16.8440093838526,17.8417390079072,18.8394686319619,
19.8371982560165,20.8349278800712,21.8326575041259,21.9911485751285),
 .UNSPECIFIED.);
#326=B_SPLINE_CURVE_WITH_KNOTS('',3,(#3970,#3971,#3972,#3973,#3974,#3975,
#3976,#3977,#3978,#3979),.UNSPECIFIED.,.F.,.F.,(4,1,1,1,1,1,1,4),(15.7079632679489,
16.3938593750811,17.3915889991358,18.3893186231904,19.3870482472451,20.3847778712997,
21.3825074953544,21.9911485751285),.UNSPECIFIED.);
#327=B_SPLINE_CURVE_WITH_KNOTS('',3,(#4252,#4253,#4254,#4255,#4256,#4257,
#4258,#4259,#4260,#4261,#4262,#4263,#4264,#4265,#4266,#4267,#4268,#4269,
#4270,#4271,#4272,#4273),.UNSPECIFIED.,.F.,.F.,(4,3,3,3,3,3,3,4),(-60.401269768986,
-59.8637774432795,-58.8660478192249,-57.8683181951702,-56.8705885711156,
-55.8728589470609,-54.8751293230062,-54.1180844618064),.UNSPECIFIED.);
#328=B_SPLINE_CURVE_WITH_KNOTS('',3,(#4546,#4547,#4548,#4549,#4550,#4551,
#4552,#4553,#4554,#4555,#4556,#4557,#4558,#4559,#4560,#4561,#4562,#4563,
#4564,#4565,#4566,#4567,#4568,#4569,#4570),.UNSPECIFIED.,.F.,.F.,(4,3,3,
3,3,3,3,3,4),(57.8582309055934,57.8683181951702,58.8660478192248,59.8637774432795,
60.8615070673342,61.8592366913888,62.8569663154435,63.8546959394981,64.141416212773),
 .UNSPECIFIED.);
#329=B_SPLINE_CURVE_WITH_KNOTS('',3,(#4572,#4573,#4574,#4575,#4576,#4577,
#4578,#4579,#4580,#4581,#4582),.UNSPECIFIED.,.F.,.F.,(4,1,1,1,1,1,1,1,4),
(15.7079632679489,15.8462797597979,16.8440093838526,17.8417390079072,18.8394686319619,
19.8371982560166,20.8349278800712,21.8326575041259,21.9911485751285),
 .UNSPECIFIED.);
#330=B_SPLINE_CURVE_WITH_KNOTS('',3,(#4583,#4584,#4585,#4586,#4587,#4588,
#4589,#4590,#4591,#4592),.UNSPECIFIED.,.F.,.F.,(4,1,1,1,1,1,1,4),(15.7079632679489,
16.3938593750811,17.3915889991358,18.3893186231904,19.3870482472451,20.3847778712998,
21.3825074953544,21.9911485751285),.UNSPECIFIED.);
#331=B_SPLINE_CURVE_WITH_KNOTS('',3,(#4865,#4866,#4867,#4868,#4869,#4870,
#4871,#4872,#4873,#4874,#4875,#4876,#4877,#4878,#4879,#4880,#4881,#4882,
#4883,#4884,#4885,#4886),.UNSPECIFIED.,.F.,.F.,(4,3,3,3,3,3,3,4),(-60.401269768986,
-59.8637774432795,-58.8660478192249,-57.8683181951702,-56.8705885711156,
-55.8728589470609,-54.8751293230063,-54.1180844618064),.UNSPECIFIED.);
#332=B_SPLINE_CURVE_WITH_KNOTS('',3,(#5159,#5160,#5161,#5162,#5163,#5164,
#5165,#5166,#5167,#5168,#5169,#5170,#5171,#5172,#5173,#5174,#5175,#5176,
#5177,#5178,#5179,#5180,#5181,#5182,#5183),.UNSPECIFIED.,.F.,.F.,(4,3,3,
3,3,3,3,3,4),(57.8582309055934,57.8683181951702,58.8660478192249,59.8637774432795,
60.8615070673342,61.8592366913888,62.8569663154435,63.8546959394982,64.141416212773),
 .UNSPECIFIED.);
#333=LINE('',#1813,#431);
#334=LINE('',#1852,#432);
#335=LINE('',#1903,#433);
#336=LINE('',#1954,#434);
#337=LINE('',#2002,#435);
#338=LINE('',#2053,#436);
#339=LINE('',#2104,#437);
#340=LINE('',#2152,#438);
#341=LINE('',#2200,#439);
#342=LINE('',#2251,#440);
#343=LINE('',#2272,#441);
#344=LINE('',#2311,#442);
#345=LINE('',#2362,#443);
#346=LINE('',#2413,#444);
#347=LINE('',#2461,#445);
#348=LINE('',#2512,#446);
#349=LINE('',#2563,#447);
#350=LINE('',#2611,#448);
#351=LINE('',#2659,#449);
#352=LINE('',#2710,#450);
#353=LINE('',#2731,#451);
#354=LINE('',#2755,#452);
#355=LINE('',#2779,#453);
#356=LINE('',#2804,#454);
#357=LINE('',#2828,#455);
#358=LINE('',#2853,#456);
#359=LINE('',#2877,#457);
#360=LINE('',#2902,#458);
#361=LINE('',#2927,#459);
#362=LINE('',#2951,#460);
#363=LINE('',#2968,#461);
#364=LINE('',#2992,#462);
#365=LINE('',#3016,#463);
#366=LINE('',#3041,#464);
#367=LINE('',#3065,#465);
#368=LINE('',#3090,#466);
#369=LINE('',#3114,#467);
#370=LINE('',#3139,#468);
#371=LINE('',#3164,#469);
#372=LINE('',#3188,#470);
#373=LINE('',#3205,#471);
#374=LINE('',#3207,#472);
#375=LINE('',#3209,#473);
#376=LINE('',#3210,#474);
#377=LINE('',#3214,#475);
#378=LINE('',#3216,#476);
#379=LINE('',#3218,#477);
#380=LINE('',#3219,#478);
#381=LINE('',#3551,#479);
#382=LINE('',#3553,#480);
#383=LINE('',#3555,#481);
#384=LINE('',#3556,#482);
#385=LINE('',#3559,#483);
#386=LINE('',#3561,#484);
#387=LINE('',#3562,#485);
#388=LINE('',#3565,#486);
#389=LINE('',#3567,#487);
#390=LINE('',#3568,#488);
#391=LINE('',#3571,#489);
#392=LINE('',#3573,#490);
#393=LINE('',#3575,#491);
#394=LINE('',#3577,#492);
#395=LINE('',#3578,#493);
#396=LINE('',#3586,#494);
#397=LINE('',#3587,#495);
#398=LINE('',#3588,#496);
#399=LINE('',#3592,#497);
#400=LINE('',#3596,#498);
#401=LINE('',#3598,#499);
#402=LINE('',#3600,#500);
#403=LINE('',#3602,#501);
#404=LINE('',#3605,#502);
#405=LINE('',#3607,#503);
#406=LINE('',#3608,#504);
#407=LINE('',#3612,#505);
#408=LINE('',#3613,#506);
#409=LINE('',#3614,#507);
#410=LINE('',#3617,#508);
#411=LINE('',#3619,#509);
#412=LINE('',#3620,#510);
#413=LINE('',#3939,#511);
#414=LINE('',#3941,#512);
#415=LINE('',#3943,#513);
#416=LINE('',#3944,#514);
#417=LINE('',#3947,#515);
#418=LINE('',#3949,#516);
#419=LINE('',#3951,#517);
#420=LINE('',#3952,#518);
#421=LINE('',#3954,#519);
#422=LINE('',#3956,#520);
#423=LINE('',#5185,#521);
#424=LINE('',#5186,#522);
#425=LINE('',#5188,#523);
#426=LINE('',#5190,#524);
#427=LINE('',#5195,#525);
#428=LINE('',#5196,#526);
#429=LINE('',#5198,#527);
#430=LINE('',#5200,#528);
#431=VECTOR('',#1533,1.64999999999999);
#432=VECTOR('',#1538,1.64999999999999);
#433=VECTOR('',#1541,1.64999999999999);
#434=VECTOR('',#1544,1.64999999999999);
#435=VECTOR('',#1547,1.64999999999999);
#436=VECTOR('',#1550,1.64999999999999);
#437=VECTOR('',#1553,1.64999999999999);
#438=VECTOR('',#1556,1.64999999999999);
#439=VECTOR('',#1559,1.64999999999999);
#440=VECTOR('',#1562,1.64999999999999);
#441=VECTOR('',#1567,1.65000000000002);
#442=VECTOR('',#1572,1.65000000000002);
#443=VECTOR('',#1575,1.65000000000002);
#444=VECTOR('',#1578,1.65000000000002);
#445=VECTOR('',#1581,1.65000000000002);
#446=VECTOR('',#1584,1.65000000000002);
#447=VECTOR('',#1587,1.65000000000002);
#448=VECTOR('',#1590,1.65000000000002);
#449=VECTOR('',#1593,1.65000000000002);
#450=VECTOR('',#1596,1.65000000000002);
#451=VECTOR('',#1601,1.543);
#452=VECTOR('',#1606,1.543);
#453=VECTOR('',#1609,1.543);
#454=VECTOR('',#1612,1.543);
#455=VECTOR('',#1615,1.543);
#456=VECTOR('',#1618,1.543);
#457=VECTOR('',#1621,1.543);
#458=VECTOR('',#1624,1.543);
#459=VECTOR('',#1627,1.543);
#460=VECTOR('',#1630,1.543);
#461=VECTOR('',#1635,1.543);
#462=VECTOR('',#1640,1.543);
#463=VECTOR('',#1643,1.543);
#464=VECTOR('',#1646,1.543);
#465=VECTOR('',#1649,1.543);
#466=VECTOR('',#1652,1.543);
#467=VECTOR('',#1655,1.543);
#468=VECTOR('',#1658,1.543);
#469=VECTOR('',#1661,1.543);
#470=VECTOR('',#1664,1.543);
#471=VECTOR('',#1669,10.);
#472=VECTOR('',#1670,10.);
#473=VECTOR('',#1671,10.);
#474=VECTOR('',#1672,10.);
#475=VECTOR('',#1675,10.);
#476=VECTOR('',#1676,10.);
#477=VECTOR('',#1677,10.);
#478=VECTOR('',#1678,10.);
#479=VECTOR('',#1697,10.);
#480=VECTOR('',#1698,10.);
#481=VECTOR('',#1699,10.);
#482=VECTOR('',#1700,10.);
#483=VECTOR('',#1703,10.);
#484=VECTOR('',#1704,10.);
#485=VECTOR('',#1705,10.);
#486=VECTOR('',#1708,10.);
#487=VECTOR('',#1709,10.);
#488=VECTOR('',#1710,10.);
#489=VECTOR('',#1713,10.);
#490=VECTOR('',#1714,10.);
#491=VECTOR('',#1715,10.);
#492=VECTOR('',#1716,10.);
#493=VECTOR('',#1717,10.);
#494=VECTOR('',#1724,10.);
#495=VECTOR('',#1725,10.);
#496=VECTOR('',#1726,10.);
#497=VECTOR('',#1731,5.);
#498=VECTOR('',#1736,5.);
#499=VECTOR('',#1739,2.75);
#500=VECTOR('',#1742,2.75);
#501=VECTOR('',#1745,10.);
#502=VECTOR('',#1748,10.);
#503=VECTOR('',#1749,10.);
#504=VECTOR('',#1750,10.);
#505=VECTOR('',#1753,10.);
#506=VECTOR('',#1754,10.);
#507=VECTOR('',#1755,10.);
#508=VECTOR('',#1758,10.);
#509=VECTOR('',#1759,10.);
#510=VECTOR('',#1760,10.);
#511=VECTOR('',#1761,10.);
#512=VECTOR('',#1762,10.);
#513=VECTOR('',#1763,10.);
#514=VECTOR('',#1764,10.);
#515=VECTOR('',#1765,10.);
#516=VECTOR('',#1766,10.);
#517=VECTOR('',#1767,10.);
#518=VECTOR('',#1768,10.);
#519=VECTOR('',#1771,10.);
#520=VECTOR('',#1774,10.);
#521=VECTOR('',#1783,10.);
#522=VECTOR('',#1784,10.);
#523=VECTOR('',#1787,10.);
#524=VECTOR('',#1790,10.);
#525=VECTOR('',#1799,10.);
#526=VECTOR('',#1800,10.);
#527=VECTOR('',#1803,10.);
#528=VECTOR('',#1806,10.);
#529=VERTEX_POINT('',#1811);
#530=VERTEX_POINT('',#1812);
#531=VERTEX_POINT('',#1814);
#532=VERTEX_POINT('',#1828);
#533=VERTEX_POINT('',#1850);
#534=VERTEX_POINT('',#1851);
#535=VERTEX_POINT('',#1901);
#536=VERTEX_POINT('',#1902);
#537=VERTEX_POINT('',#1952);
#538=VERTEX_POINT('',#1953);
#539=VERTEX_POINT('',#2000);
#540=VERTEX_POINT('',#2001);
#541=VERTEX_POINT('',#2051);
#542=VERTEX_POINT('',#2052);
#543=VERTEX_POINT('',#2102);
#544=VERTEX_POINT('',#2103);
#545=VERTEX_POINT('',#2150);
#546=VERTEX_POINT('',#2151);
#547=VERTEX_POINT('',#2198);
#548=VERTEX_POINT('',#2199);
#549=VERTEX_POINT('',#2249);
#550=VERTEX_POINT('',#2250);
#551=VERTEX_POINT('',#2252);
#552=VERTEX_POINT('',#2257);
#553=VERTEX_POINT('',#2270);
#554=VERTEX_POINT('',#2271);
#555=VERTEX_POINT('',#2273);
#556=VERTEX_POINT('',#2287);
#557=VERTEX_POINT('',#2309);
#558=VERTEX_POINT('',#2310);
#559=VERTEX_POINT('',#2360);
#560=VERTEX_POINT('',#2361);
#561=VERTEX_POINT('',#2411);
#562=VERTEX_POINT('',#2412);
#563=VERTEX_POINT('',#2459);
#564=VERTEX_POINT('',#2460);
#565=VERTEX_POINT('',#2510);
#566=VERTEX_POINT('',#2511);
#567=VERTEX_POINT('',#2561);
#568=VERTEX_POINT('',#2562);
#569=VERTEX_POINT('',#2609);
#570=VERTEX_POINT('',#2610);
#571=VERTEX_POINT('',#2657);
#572=VERTEX_POINT('',#2658);
#573=VERTEX_POINT('',#2708);
#574=VERTEX_POINT('',#2709);
#575=VERTEX_POINT('',#2711);
#576=VERTEX_POINT('',#2716);
#577=VERTEX_POINT('',#2729);
#578=VERTEX_POINT('',#2730);
#579=VERTEX_POINT('',#2732);
#580=VERTEX_POINT('',#2741);
#581=VERTEX_POINT('',#2753);
#582=VERTEX_POINT('',#2754);
#583=VERTEX_POINT('',#2777);
#584=VERTEX_POINT('',#2778);
#585=VERTEX_POINT('',#2802);
#586=VERTEX_POINT('',#2803);
#587=VERTEX_POINT('',#2826);
#588=VERTEX_POINT('',#2827);
#589=VERTEX_POINT('',#2851);
#590=VERTEX_POINT('',#2852);
#591=VERTEX_POINT('',#2875);
#592=VERTEX_POINT('',#2876);
#593=VERTEX_POINT('',#2900);
#594=VERTEX_POINT('',#2901);
#595=VERTEX_POINT('',#2925);
#596=VERTEX_POINT('',#2926);
#597=VERTEX_POINT('',#2949);
#598=VERTEX_POINT('',#2950);
#599=VERTEX_POINT('',#2952);
#600=VERTEX_POINT('',#2958);
#601=VERTEX_POINT('',#2966);
#602=VERTEX_POINT('',#2967);
#603=VERTEX_POINT('',#2969);
#604=VERTEX_POINT('',#2978);
#605=VERTEX_POINT('',#2990);
#606=VERTEX_POINT('',#2991);
#607=VERTEX_POINT('',#3014);
#608=VERTEX_POINT('',#3015);
#609=VERTEX_POINT('',#3039);
#610=VERTEX_POINT('',#3040);
#611=VERTEX_POINT('',#3063);
#612=VERTEX_POINT('',#3064);
#613=VERTEX_POINT('',#3088);
#614=VERTEX_POINT('',#3089);
#615=VERTEX_POINT('',#3112);
#616=VERTEX_POINT('',#3113);
#617=VERTEX_POINT('',#3137);
#618=VERTEX_POINT('',#3138);
#619=VERTEX_POINT('',#3162);
#620=VERTEX_POINT('',#3163);
#621=VERTEX_POINT('',#3186);
#622=VERTEX_POINT('',#3187);
#623=VERTEX_POINT('',#3189);
#624=VERTEX_POINT('',#3195);
#625=VERTEX_POINT('',#3203);
#626=VERTEX_POINT('',#3204);
#627=VERTEX_POINT('',#3206);
#628=VERTEX_POINT('',#3208);
#629=VERTEX_POINT('',#3212);
#630=VERTEX_POINT('',#3213);
#631=VERTEX_POINT('',#3215);
#632=VERTEX_POINT('',#3217);
#633=VERTEX_POINT('',#3539);
#634=VERTEX_POINT('',#3541);
#635=VERTEX_POINT('',#3544);
#636=VERTEX_POINT('',#3546);
#637=VERTEX_POINT('',#3549);
#638=VERTEX_POINT('',#3550);
#639=VERTEX_POINT('',#3552);
#640=VERTEX_POINT('',#3554);
#641=VERTEX_POINT('',#3558);
#642=VERTEX_POINT('',#3560);
#643=VERTEX_POINT('',#3564);
#644=VERTEX_POINT('',#3566);
#645=VERTEX_POINT('',#3570);
#646=VERTEX_POINT('',#3572);
#647=VERTEX_POINT('',#3574);
#648=VERTEX_POINT('',#3576);
#649=VERTEX_POINT('',#3579);
#650=VERTEX_POINT('',#3581);
#651=VERTEX_POINT('',#3584);
#652=VERTEX_POINT('',#3585);
#653=VERTEX_POINT('',#3590);
#654=VERTEX_POINT('',#3594);
#655=VERTEX_POINT('',#3604);
#656=VERTEX_POINT('',#3606);
#657=VERTEX_POINT('',#3610);
#658=VERTEX_POINT('',#3611);
#659=VERTEX_POINT('',#3616);
#660=VERTEX_POINT('',#3618);
#661=VERTEX_POINT('',#3937);
#662=VERTEX_POINT('',#3938);
#663=VERTEX_POINT('',#3940);
#664=VERTEX_POINT('',#3942);
#665=VERTEX_POINT('',#3945);
#666=VERTEX_POINT('',#3946);
#667=VERTEX_POINT('',#3948);
#668=VERTEX_POINT('',#3950);
#669=EDGE_CURVE('',#529,#530,#333,.T.);
#670=EDGE_CURVE('',#530,#531,#237,.T.);
#671=EDGE_CURVE('',#532,#531,#221,.T.);
#672=EDGE_CURVE('',#532,#529,#238,.T.);
#673=EDGE_CURVE('',#533,#534,#334,.T.);
#674=EDGE_CURVE('',#534,#530,#239,.T.);
#675=EDGE_CURVE('',#529,#533,#240,.T.);
#676=EDGE_CURVE('',#535,#536,#335,.T.);
#677=EDGE_CURVE('',#536,#534,#241,.T.);
#678=EDGE_CURVE('',#533,#535,#242,.T.);
#679=EDGE_CURVE('',#537,#538,#336,.T.);
#680=EDGE_CURVE('',#538,#536,#243,.T.);
#681=EDGE_CURVE('',#535,#537,#244,.T.);
#682=EDGE_CURVE('',#539,#540,#337,.T.);
#683=EDGE_CURVE('',#540,#538,#245,.T.);
#684=EDGE_CURVE('',#537,#539,#246,.T.);
#685=EDGE_CURVE('',#541,#542,#338,.T.);
#686=EDGE_CURVE('',#542,#540,#247,.T.);
#687=EDGE_CURVE('',#539,#541,#248,.T.);
#688=EDGE_CURVE('',#543,#544,#339,.T.);
#689=EDGE_CURVE('',#544,#542,#249,.T.);
#690=EDGE_CURVE('',#541,#543,#250,.T.);
#691=EDGE_CURVE('',#545,#546,#340,.T.);
#692=EDGE_CURVE('',#546,#544,#251,.T.);
#693=EDGE_CURVE('',#543,#545,#252,.T.);
#694=EDGE_CURVE('',#547,#548,#341,.T.);
#695=EDGE_CURVE('',#548,#546,#253,.T.);
#696=EDGE_CURVE('',#545,#547,#254,.T.);
#697=EDGE_CURVE('',#549,#550,#342,.T.);
#698=EDGE_CURVE('',#549,#551,#255,.T.);
#699=EDGE_CURVE('',#551,#552,#222,.T.);
#700=EDGE_CURVE('',#552,#550,#256,.T.);
#701=EDGE_CURVE('',#553,#554,#343,.T.);
#702=EDGE_CURVE('',#554,#555,#257,.T.);
#703=EDGE_CURVE('',#556,#555,#223,.T.);
#704=EDGE_CURVE('',#556,#553,#258,.T.);
#705=EDGE_CURVE('',#557,#558,#344,.T.);
#706=EDGE_CURVE('',#558,#554,#259,.T.);
#707=EDGE_CURVE('',#553,#557,#260,.T.);
#708=EDGE_CURVE('',#559,#560,#345,.T.);
#709=EDGE_CURVE('',#560,#558,#261,.T.);
#710=EDGE_CURVE('',#557,#559,#262,.T.);
#711=EDGE_CURVE('',#561,#562,#346,.T.);
#712=EDGE_CURVE('',#562,#560,#263,.T.);
#713=EDGE_CURVE('',#559,#561,#264,.T.);
#714=EDGE_CURVE('',#563,#564,#347,.T.);
#715=EDGE_CURVE('',#564,#562,#265,.T.);
#716=EDGE_CURVE('',#561,#563,#266,.T.);
#717=EDGE_CURVE('',#565,#566,#348,.T.);
#718=EDGE_CURVE('',#566,#564,#267,.T.);
#719=EDGE_CURVE('',#563,#565,#268,.T.);
#720=EDGE_CURVE('',#567,#568,#349,.T.);
#721=EDGE_CURVE('',#568,#566,#269,.T.);
#722=EDGE_CURVE('',#565,#567,#270,.T.);
#723=EDGE_CURVE('',#569,#570,#350,.T.);
#724=EDGE_CURVE('',#570,#568,#271,.T.);
#725=EDGE_CURVE('',#567,#569,#272,.T.);
#726=EDGE_CURVE('',#571,#572,#351,.T.);
#727=EDGE_CURVE('',#572,#570,#273,.T.);
#728=EDGE_CURVE('',#569,#571,#274,.T.);
#729=EDGE_CURVE('',#573,#574,#352,.T.);
#730=EDGE_CURVE('',#573,#575,#275,.T.);
#731=EDGE_CURVE('',#575,#576,#224,.T.);
#732=EDGE_CURVE('',#576,#574,#276,.T.);
#733=EDGE_CURVE('',#577,#578,#353,.T.);
#734=EDGE_CURVE('',#578,#579,#277,.T.);
#735=EDGE_CURVE('',#580,#579,#225,.T.);
#736=EDGE_CURVE('',#577,#580,#278,.T.);
#737=EDGE_CURVE('',#581,#582,#354,.T.);
#738=EDGE_CURVE('',#582,#578,#279,.T.);
#739=EDGE_CURVE('',#581,#577,#280,.T.);
#740=EDGE_CURVE('',#583,#584,#355,.T.);
#741=EDGE_CURVE('',#584,#582,#281,.T.);
#742=EDGE_CURVE('',#583,#581,#282,.T.);
#743=EDGE_CURVE('',#585,#586,#356,.T.);
#744=EDGE_CURVE('',#586,#584,#283,.T.);
#745=EDGE_CURVE('',#585,#583,#284,.T.);
#746=EDGE_CURVE('',#587,#588,#357,.T.);
#747=EDGE_CURVE('',#588,#586,#285,.T.);
#748=EDGE_CURVE('',#587,#585,#286,.T.);
#749=EDGE_CURVE('',#589,#590,#358,.T.);
#750=EDGE_CURVE('',#590,#588,#287,.T.);
#751=EDGE_CURVE('',#589,#587,#288,.T.);
#752=EDGE_CURVE('',#591,#592,#359,.T.);
#753=EDGE_CURVE('',#592,#590,#289,.T.);
#754=EDGE_CURVE('',#591,#589,#290,.T.);
#755=EDGE_CURVE('',#593,#594,#360,.T.);
#756=EDGE_CURVE('',#594,#592,#291,.T.);
#757=EDGE_CURVE('',#593,#591,#292,.T.);
#758=EDGE_CURVE('',#595,#596,#361,.T.);
#759=EDGE_CURVE('',#596,#594,#293,.T.);
#760=EDGE_CURVE('',#595,#593,#294,.T.);
#761=EDGE_CURVE('',#597,#598,#362,.T.);
#762=EDGE_CURVE('',#599,#597,#295,.T.);
#763=EDGE_CURVE('',#600,#599,#226,.T.);
#764=EDGE_CURVE('',#600,#598,#296,.T.);
#765=EDGE_CURVE('',#601,#602,#363,.T.);
#766=EDGE_CURVE('',#602,#603,#297,.T.);
#767=EDGE_CURVE('',#604,#603,#227,.T.);
#768=EDGE_CURVE('',#601,#604,#298,.T.);
#769=EDGE_CURVE('',#605,#606,#364,.T.);
#770=EDGE_CURVE('',#606,#602,#299,.T.);
#771=EDGE_CURVE('',#605,#601,#300,.T.);
#772=EDGE_CURVE('',#607,#608,#365,.T.);
#773=EDGE_CURVE('',#608,#606,#301,.T.);
#774=EDGE_CURVE('',#607,#605,#302,.T.);
#775=EDGE_CURVE('',#609,#610,#366,.T.);
#776=EDGE_CURVE('',#610,#608,#303,.T.);
#777=EDGE_CURVE('',#609,#607,#304,.T.);
#778=EDGE_CURVE('',#611,#612,#367,.T.);
#779=EDGE_CURVE('',#612,#610,#305,.T.);
#780=EDGE_CURVE('',#611,#609,#306,.T.);
#781=EDGE_CURVE('',#613,#614,#368,.T.);
#782=EDGE_CURVE('',#614,#612,#307,.T.);
#783=EDGE_CURVE('',#613,#611,#308,.T.);
#784=EDGE_CURVE('',#615,#616,#369,.T.);
#785=EDGE_CURVE('',#616,#614,#309,.T.);
#786=EDGE_CURVE('',#615,#613,#310,.T.);
#787=EDGE_CURVE('',#617,#618,#370,.T.);
#788=EDGE_CURVE('',#618,#616,#311,.T.);
#789=EDGE_CURVE('',#617,#615,#312,.T.);
#790=EDGE_CURVE('',#619,#620,#371,.T.);
#791=EDGE_CURVE('',#620,#618,#313,.T.);
#792=EDGE_CURVE('',#619,#617,#314,.T.);
#793=EDGE_CURVE('',#621,#622,#372,.T.);
#794=EDGE_CURVE('',#623,#621,#315,.T.);
#795=EDGE_CURVE('',#624,#623,#228,.T.);
#796=EDGE_CURVE('',#624,#622,#316,.T.);
#797=EDGE_CURVE('',#625,#626,#373,.T.);
#798=EDGE_CURVE('',#627,#625,#374,.T.);
#799=EDGE_CURVE('',#628,#627,#375,.T.);
#800=EDGE_CURVE('',#626,#628,#376,.T.);
#801=EDGE_CURVE('',#629,#630,#377,.T.);
#802=EDGE_CURVE('',#630,#631,#378,.T.);
#803=EDGE_CURVE('',#631,#632,#379,.T.);
#804=EDGE_CURVE('',#632,#629,#380,.T.);
#805=EDGE_CURVE('',#579,#552,#317,.T.);
#806=EDGE_CURVE('',#551,#580,#318,.T.);
#807=EDGE_CURVE('',#603,#576,#319,.T.);
#808=EDGE_CURVE('',#575,#604,#320,.T.);
#809=EDGE_CURVE('',#633,#633,#229,.T.);
#810=EDGE_CURVE('',#634,#634,#230,.T.);
#811=EDGE_CURVE('',#635,#635,#231,.T.);
#812=EDGE_CURVE('',#636,#636,#232,.T.);
#813=EDGE_CURVE('',#637,#638,#381,.T.);
#814=EDGE_CURVE('',#638,#639,#382,.T.);
#815=EDGE_CURVE('',#640,#639,#383,.T.);
#816=EDGE_CURVE('',#640,#637,#384,.T.);
#817=EDGE_CURVE('',#638,#641,#385,.T.);
#818=EDGE_CURVE('',#641,#642,#386,.T.);
#819=EDGE_CURVE('',#639,#642,#387,.T.);
#820=EDGE_CURVE('',#641,#643,#388,.T.);
#821=EDGE_CURVE('',#643,#644,#389,.T.);
#822=EDGE_CURVE('',#642,#644,#390,.T.);
#823=EDGE_CURVE('',#644,#645,#391,.T.);
#824=EDGE_CURVE('',#645,#646,#392,.T.);
#825=EDGE_CURVE('',#647,#646,#393,.T.);
#826=EDGE_CURVE('',#648,#647,#394,.T.);
#827=EDGE_CURVE('',#648,#640,#395,.T.);
#828=EDGE_CURVE('',#649,#649,#233,.T.);
#829=EDGE_CURVE('',#650,#650,#234,.T.);
#830=EDGE_CURVE('',#651,#652,#396,.T.);
#831=EDGE_CURVE('',#646,#652,#397,.T.);
#832=EDGE_CURVE('',#651,#645,#398,.T.);
#833=EDGE_CURVE('',#653,#653,#235,.T.);
#834=EDGE_CURVE('',#653,#633,#399,.T.);
#835=EDGE_CURVE('',#654,#654,#236,.T.);
#836=EDGE_CURVE('',#654,#635,#400,.T.);
#837=EDGE_CURVE('',#634,#649,#401,.T.);
#838=EDGE_CURVE('',#636,#650,#402,.T.);
#839=EDGE_CURVE('',#643,#651,#403,.T.);
#840=EDGE_CURVE('',#647,#655,#404,.T.);
#841=EDGE_CURVE('',#655,#656,#405,.T.);
#842=EDGE_CURVE('',#656,#648,#406,.T.);
#843=EDGE_CURVE('',#657,#658,#407,.T.);
#844=EDGE_CURVE('',#652,#657,#408,.T.);
#845=EDGE_CURVE('',#658,#637,#409,.T.);
#846=EDGE_CURVE('',#658,#659,#410,.F.);
#847=EDGE_CURVE('',#660,#659,#411,.T.);
#848=EDGE_CURVE('',#657,#660,#412,.T.);
#849=EDGE_CURVE('',#623,#556,#321,.T.);
#850=EDGE_CURVE('',#555,#624,#322,.T.);
#851=EDGE_CURVE('',#599,#532,#323,.T.);
#852=EDGE_CURVE('',#531,#600,#324,.T.);
#853=EDGE_CURVE('',#661,#662,#413,.T.);
#854=EDGE_CURVE('',#662,#663,#414,.T.);
#855=EDGE_CURVE('',#663,#664,#415,.T.);
#856=EDGE_CURVE('',#664,#661,#416,.T.);
#857=EDGE_CURVE('',#665,#666,#417,.T.);
#858=EDGE_CURVE('',#667,#665,#418,.T.);
#859=EDGE_CURVE('',#668,#667,#419,.T.);
#860=EDGE_CURVE('',#666,#668,#420,.T.);
#861=EDGE_CURVE('',#656,#659,#421,.F.);
#862=EDGE_CURVE('',#660,#655,#422,.T.);
#863=EDGE_CURVE('',#622,#620,#325,.T.);
#864=EDGE_CURVE('',#621,#619,#326,.T.);
#865=EDGE_CURVE('',#574,#572,#327,.T.);
#866=EDGE_CURVE('',#571,#573,#328,.T.);
#867=EDGE_CURVE('',#598,#596,#329,.T.);
#868=EDGE_CURVE('',#597,#595,#330,.T.);
#869=EDGE_CURVE('',#550,#548,#331,.T.);
#870=EDGE_CURVE('',#547,#549,#332,.T.);
#871=EDGE_CURVE('',#629,#662,#423,.T.);
#872=EDGE_CURVE('',#630,#661,#424,.T.);
#873=EDGE_CURVE('',#632,#663,#425,.T.);
#874=EDGE_CURVE('',#631,#664,#426,.T.);
#875=EDGE_CURVE('',#668,#626,#427,.T.);
#876=EDGE_CURVE('',#667,#625,#428,.T.);
#877=EDGE_CURVE('',#666,#628,#429,.T.);
#878=EDGE_CURVE('',#665,#627,#430,.T.);
#879=ORIENTED_EDGE('',*,*,#669,.T.);
#880=ORIENTED_EDGE('',*,*,#670,.T.);
#881=ORIENTED_EDGE('',*,*,#671,.F.);
#882=ORIENTED_EDGE('',*,*,#672,.T.);
#883=ORIENTED_EDGE('',*,*,#673,.T.);
#884=ORIENTED_EDGE('',*,*,#674,.T.);
#885=ORIENTED_EDGE('',*,*,#669,.F.);
#886=ORIENTED_EDGE('',*,*,#675,.T.);
#887=ORIENTED_EDGE('',*,*,#676,.T.);
#888=ORIENTED_EDGE('',*,*,#677,.T.);
#889=ORIENTED_EDGE('',*,*,#673,.F.);
#890=ORIENTED_EDGE('',*,*,#678,.T.);
#891=ORIENTED_EDGE('',*,*,#679,.T.);
#892=ORIENTED_EDGE('',*,*,#680,.T.);
#893=ORIENTED_EDGE('',*,*,#676,.F.);
#894=ORIENTED_EDGE('',*,*,#681,.T.);
#895=ORIENTED_EDGE('',*,*,#682,.T.);
#896=ORIENTED_EDGE('',*,*,#683,.T.);
#897=ORIENTED_EDGE('',*,*,#679,.F.);
#898=ORIENTED_EDGE('',*,*,#684,.T.);
#899=ORIENTED_EDGE('',*,*,#685,.T.);
#900=ORIENTED_EDGE('',*,*,#686,.T.);
#901=ORIENTED_EDGE('',*,*,#682,.F.);
#902=ORIENTED_EDGE('',*,*,#687,.T.);
#903=ORIENTED_EDGE('',*,*,#688,.T.);
#904=ORIENTED_EDGE('',*,*,#689,.T.);
#905=ORIENTED_EDGE('',*,*,#685,.F.);
#906=ORIENTED_EDGE('',*,*,#690,.T.);
#907=ORIENTED_EDGE('',*,*,#691,.T.);
#908=ORIENTED_EDGE('',*,*,#692,.T.);
#909=ORIENTED_EDGE('',*,*,#688,.F.);
#910=ORIENTED_EDGE('',*,*,#693,.T.);
#911=ORIENTED_EDGE('',*,*,#694,.T.);
#912=ORIENTED_EDGE('',*,*,#695,.T.);
#913=ORIENTED_EDGE('',*,*,#691,.F.);
#914=ORIENTED_EDGE('',*,*,#696,.T.);
#915=ORIENTED_EDGE('',*,*,#697,.F.);
#916=ORIENTED_EDGE('',*,*,#698,.T.);
#917=ORIENTED_EDGE('',*,*,#699,.T.);
#918=ORIENTED_EDGE('',*,*,#700,.T.);
#919=ORIENTED_EDGE('',*,*,#701,.T.);
#920=ORIENTED_EDGE('',*,*,#702,.T.);
#921=ORIENTED_EDGE('',*,*,#703,.F.);
#922=ORIENTED_EDGE('',*,*,#704,.T.);
#923=ORIENTED_EDGE('',*,*,#705,.T.);
#924=ORIENTED_EDGE('',*,*,#706,.T.);
#925=ORIENTED_EDGE('',*,*,#701,.F.);
#926=ORIENTED_EDGE('',*,*,#707,.T.);
#927=ORIENTED_EDGE('',*,*,#708,.T.);
#928=ORIENTED_EDGE('',*,*,#709,.T.);
#929=ORIENTED_EDGE('',*,*,#705,.F.);
#930=ORIENTED_EDGE('',*,*,#710,.T.);
#931=ORIENTED_EDGE('',*,*,#711,.T.);
#932=ORIENTED_EDGE('',*,*,#712,.T.);
#933=ORIENTED_EDGE('',*,*,#708,.F.);
#934=ORIENTED_EDGE('',*,*,#713,.T.);
#935=ORIENTED_EDGE('',*,*,#714,.T.);
#936=ORIENTED_EDGE('',*,*,#715,.T.);
#937=ORIENTED_EDGE('',*,*,#711,.F.);
#938=ORIENTED_EDGE('',*,*,#716,.T.);
#939=ORIENTED_EDGE('',*,*,#717,.T.);
#940=ORIENTED_EDGE('',*,*,#718,.T.);
#941=ORIENTED_EDGE('',*,*,#714,.F.);
#942=ORIENTED_EDGE('',*,*,#719,.T.);
#943=ORIENTED_EDGE('',*,*,#720,.T.);
#944=ORIENTED_EDGE('',*,*,#721,.T.);
#945=ORIENTED_EDGE('',*,*,#717,.F.);
#946=ORIENTED_EDGE('',*,*,#722,.T.);
#947=ORIENTED_EDGE('',*,*,#723,.T.);
#948=ORIENTED_EDGE('',*,*,#724,.T.);
#949=ORIENTED_EDGE('',*,*,#720,.F.);
#950=ORIENTED_EDGE('',*,*,#725,.T.);
#951=ORIENTED_EDGE('',*,*,#726,.T.);
#952=ORIENTED_EDGE('',*,*,#727,.T.);
#953=ORIENTED_EDGE('',*,*,#723,.F.);
#954=ORIENTED_EDGE('',*,*,#728,.T.);
#955=ORIENTED_EDGE('',*,*,#729,.F.);
#956=ORIENTED_EDGE('',*,*,#730,.T.);
#957=ORIENTED_EDGE('',*,*,#731,.T.);
#958=ORIENTED_EDGE('',*,*,#732,.T.);
#959=ORIENTED_EDGE('',*,*,#733,.T.);
#960=ORIENTED_EDGE('',*,*,#734,.T.);
#961=ORIENTED_EDGE('',*,*,#735,.F.);
#962=ORIENTED_EDGE('',*,*,#736,.F.);
#963=ORIENTED_EDGE('',*,*,#737,.T.);
#964=ORIENTED_EDGE('',*,*,#738,.T.);
#965=ORIENTED_EDGE('',*,*,#733,.F.);
#966=ORIENTED_EDGE('',*,*,#739,.F.);
#967=ORIENTED_EDGE('',*,*,#740,.T.);
#968=ORIENTED_EDGE('',*,*,#741,.T.);
#969=ORIENTED_EDGE('',*,*,#737,.F.);
#970=ORIENTED_EDGE('',*,*,#742,.F.);
#971=ORIENTED_EDGE('',*,*,#743,.T.);
#972=ORIENTED_EDGE('',*,*,#744,.T.);
#973=ORIENTED_EDGE('',*,*,#740,.F.);
#974=ORIENTED_EDGE('',*,*,#745,.F.);
#975=ORIENTED_EDGE('',*,*,#746,.T.);
#976=ORIENTED_EDGE('',*,*,#747,.T.);
#977=ORIENTED_EDGE('',*,*,#743,.F.);
#978=ORIENTED_EDGE('',*,*,#748,.F.);
#979=ORIENTED_EDGE('',*,*,#749,.T.);
#980=ORIENTED_EDGE('',*,*,#750,.T.);
#981=ORIENTED_EDGE('',*,*,#746,.F.);
#982=ORIENTED_EDGE('',*,*,#751,.F.);
#983=ORIENTED_EDGE('',*,*,#752,.T.);
#984=ORIENTED_EDGE('',*,*,#753,.T.);
#985=ORIENTED_EDGE('',*,*,#749,.F.);
#986=ORIENTED_EDGE('',*,*,#754,.F.);
#987=ORIENTED_EDGE('',*,*,#755,.T.);
#988=ORIENTED_EDGE('',*,*,#756,.T.);
#989=ORIENTED_EDGE('',*,*,#752,.F.);
#990=ORIENTED_EDGE('',*,*,#757,.F.);
#991=ORIENTED_EDGE('',*,*,#758,.T.);
#992=ORIENTED_EDGE('',*,*,#759,.T.);
#993=ORIENTED_EDGE('',*,*,#755,.F.);
#994=ORIENTED_EDGE('',*,*,#760,.F.);
#995=ORIENTED_EDGE('',*,*,#761,.F.);
#996=ORIENTED_EDGE('',*,*,#762,.F.);
#997=ORIENTED_EDGE('',*,*,#763,.F.);
#998=ORIENTED_EDGE('',*,*,#764,.T.);
#999=ORIENTED_EDGE('',*,*,#765,.T.);
#1000=ORIENTED_EDGE('',*,*,#766,.T.);
#1001=ORIENTED_EDGE('',*,*,#767,.F.);
#1002=ORIENTED_EDGE('',*,*,#768,.F.);
#1003=ORIENTED_EDGE('',*,*,#769,.T.);
#1004=ORIENTED_EDGE('',*,*,#770,.T.);
#1005=ORIENTED_EDGE('',*,*,#765,.F.);
#1006=ORIENTED_EDGE('',*,*,#771,.F.);
#1007=ORIENTED_EDGE('',*,*,#772,.T.);
#1008=ORIENTED_EDGE('',*,*,#773,.T.);
#1009=ORIENTED_EDGE('',*,*,#769,.F.);
#1010=ORIENTED_EDGE('',*,*,#774,.F.);
#1011=ORIENTED_EDGE('',*,*,#775,.T.);
#1012=ORIENTED_EDGE('',*,*,#776,.T.);
#1013=ORIENTED_EDGE('',*,*,#772,.F.);
#1014=ORIENTED_EDGE('',*,*,#777,.F.);
#1015=ORIENTED_EDGE('',*,*,#778,.T.);
#1016=ORIENTED_EDGE('',*,*,#779,.T.);
#1017=ORIENTED_EDGE('',*,*,#775,.F.);
#1018=ORIENTED_EDGE('',*,*,#780,.F.);
#1019=ORIENTED_EDGE('',*,*,#781,.T.);
#1020=ORIENTED_EDGE('',*,*,#782,.T.);
#1021=ORIENTED_EDGE('',*,*,#778,.F.);
#1022=ORIENTED_EDGE('',*,*,#783,.F.);
#1023=ORIENTED_EDGE('',*,*,#784,.T.);
#1024=ORIENTED_EDGE('',*,*,#785,.T.);
#1025=ORIENTED_EDGE('',*,*,#781,.F.);
#1026=ORIENTED_EDGE('',*,*,#786,.F.);
#1027=ORIENTED_EDGE('',*,*,#787,.T.);
#1028=ORIENTED_EDGE('',*,*,#788,.T.);
#1029=ORIENTED_EDGE('',*,*,#784,.F.);
#1030=ORIENTED_EDGE('',*,*,#789,.F.);
#1031=ORIENTED_EDGE('',*,*,#790,.T.);
#1032=ORIENTED_EDGE('',*,*,#791,.T.);
#1033=ORIENTED_EDGE('',*,*,#787,.F.);
#1034=ORIENTED_EDGE('',*,*,#792,.F.);
#1035=ORIENTED_EDGE('',*,*,#793,.F.);
#1036=ORIENTED_EDGE('',*,*,#794,.F.);
#1037=ORIENTED_EDGE('',*,*,#795,.F.);
#1038=ORIENTED_EDGE('',*,*,#796,.T.);
#1039=ORIENTED_EDGE('',*,*,#797,.F.);
#1040=ORIENTED_EDGE('',*,*,#798,.F.);
#1041=ORIENTED_EDGE('',*,*,#799,.F.);
#1042=ORIENTED_EDGE('',*,*,#800,.F.);
#1043=ORIENTED_EDGE('',*,*,#801,.T.);
#1044=ORIENTED_EDGE('',*,*,#802,.T.);
#1045=ORIENTED_EDGE('',*,*,#803,.T.);
#1046=ORIENTED_EDGE('',*,*,#804,.T.);
#1047=ORIENTED_EDGE('',*,*,#735,.T.);
#1048=ORIENTED_EDGE('',*,*,#805,.T.);
#1049=ORIENTED_EDGE('',*,*,#699,.F.);
#1050=ORIENTED_EDGE('',*,*,#806,.T.);
#1051=ORIENTED_EDGE('',*,*,#767,.T.);
#1052=ORIENTED_EDGE('',*,*,#807,.T.);
#1053=ORIENTED_EDGE('',*,*,#731,.F.);
#1054=ORIENTED_EDGE('',*,*,#808,.T.);
#1055=ORIENTED_EDGE('',*,*,#809,.F.);
#1056=ORIENTED_EDGE('',*,*,#810,.F.);
#1057=ORIENTED_EDGE('',*,*,#811,.F.);
#1058=ORIENTED_EDGE('',*,*,#812,.F.);
#1059=ORIENTED_EDGE('',*,*,#813,.T.);
#1060=ORIENTED_EDGE('',*,*,#814,.T.);
#1061=ORIENTED_EDGE('',*,*,#815,.F.);
#1062=ORIENTED_EDGE('',*,*,#816,.T.);
#1063=ORIENTED_EDGE('',*,*,#817,.T.);
#1064=ORIENTED_EDGE('',*,*,#818,.T.);
#1065=ORIENTED_EDGE('',*,*,#819,.F.);
#1066=ORIENTED_EDGE('',*,*,#814,.F.);
#1067=ORIENTED_EDGE('',*,*,#820,.T.);
#1068=ORIENTED_EDGE('',*,*,#821,.T.);
#1069=ORIENTED_EDGE('',*,*,#822,.F.);
#1070=ORIENTED_EDGE('',*,*,#818,.F.);
#1071=ORIENTED_EDGE('',*,*,#822,.T.);
#1072=ORIENTED_EDGE('',*,*,#823,.T.);
#1073=ORIENTED_EDGE('',*,*,#824,.T.);
#1074=ORIENTED_EDGE('',*,*,#825,.F.);
#1075=ORIENTED_EDGE('',*,*,#826,.F.);
#1076=ORIENTED_EDGE('',*,*,#827,.T.);
#1077=ORIENTED_EDGE('',*,*,#815,.T.);
#1078=ORIENTED_EDGE('',*,*,#819,.T.);
#1079=ORIENTED_EDGE('',*,*,#828,.T.);
#1080=ORIENTED_EDGE('',*,*,#829,.T.);
#1081=ORIENTED_EDGE('',*,*,#830,.T.);
#1082=ORIENTED_EDGE('',*,*,#831,.F.);
#1083=ORIENTED_EDGE('',*,*,#824,.F.);
#1084=ORIENTED_EDGE('',*,*,#832,.F.);
#1085=ORIENTED_EDGE('',*,*,#833,.T.);
#1086=ORIENTED_EDGE('',*,*,#834,.T.);
#1087=ORIENTED_EDGE('',*,*,#809,.T.);
#1088=ORIENTED_EDGE('',*,*,#834,.F.);
#1089=ORIENTED_EDGE('',*,*,#835,.T.);
#1090=ORIENTED_EDGE('',*,*,#836,.T.);
#1091=ORIENTED_EDGE('',*,*,#811,.T.);
#1092=ORIENTED_EDGE('',*,*,#836,.F.);
#1093=ORIENTED_EDGE('',*,*,#810,.T.);
#1094=ORIENTED_EDGE('',*,*,#837,.T.);
#1095=ORIENTED_EDGE('',*,*,#828,.F.);
#1096=ORIENTED_EDGE('',*,*,#837,.F.);
#1097=ORIENTED_EDGE('',*,*,#812,.T.);
#1098=ORIENTED_EDGE('',*,*,#838,.T.);
#1099=ORIENTED_EDGE('',*,*,#829,.F.);
#1100=ORIENTED_EDGE('',*,*,#838,.F.);
#1101=ORIENTED_EDGE('',*,*,#839,.T.);
#1102=ORIENTED_EDGE('',*,*,#832,.T.);
#1103=ORIENTED_EDGE('',*,*,#823,.F.);
#1104=ORIENTED_EDGE('',*,*,#821,.F.);
#1105=ORIENTED_EDGE('',*,*,#826,.T.);
#1106=ORIENTED_EDGE('',*,*,#840,.T.);
#1107=ORIENTED_EDGE('',*,*,#841,.T.);
#1108=ORIENTED_EDGE('',*,*,#842,.T.);
#1109=ORIENTED_EDGE('',*,*,#843,.F.);
#1110=ORIENTED_EDGE('',*,*,#844,.F.);
#1111=ORIENTED_EDGE('',*,*,#830,.F.);
#1112=ORIENTED_EDGE('',*,*,#839,.F.);
#1113=ORIENTED_EDGE('',*,*,#820,.F.);
#1114=ORIENTED_EDGE('',*,*,#817,.F.);
#1115=ORIENTED_EDGE('',*,*,#813,.F.);
#1116=ORIENTED_EDGE('',*,*,#845,.F.);
#1117=ORIENTED_EDGE('',*,*,#835,.F.);
#1118=ORIENTED_EDGE('',*,*,#833,.F.);
#1119=ORIENTED_EDGE('',*,*,#843,.T.);
#1120=ORIENTED_EDGE('',*,*,#846,.T.);
#1121=ORIENTED_EDGE('',*,*,#847,.F.);
#1122=ORIENTED_EDGE('',*,*,#848,.F.);
#1123=ORIENTED_EDGE('',*,*,#849,.T.);
#1124=ORIENTED_EDGE('',*,*,#703,.T.);
#1125=ORIENTED_EDGE('',*,*,#850,.T.);
#1126=ORIENTED_EDGE('',*,*,#795,.T.);
#1127=ORIENTED_EDGE('',*,*,#851,.T.);
#1128=ORIENTED_EDGE('',*,*,#671,.T.);
#1129=ORIENTED_EDGE('',*,*,#852,.T.);
#1130=ORIENTED_EDGE('',*,*,#763,.T.);
#1131=ORIENTED_EDGE('',*,*,#853,.T.);
#1132=ORIENTED_EDGE('',*,*,#854,.T.);
#1133=ORIENTED_EDGE('',*,*,#855,.T.);
#1134=ORIENTED_EDGE('',*,*,#856,.T.);
#1135=ORIENTED_EDGE('',*,*,#857,.F.);
#1136=ORIENTED_EDGE('',*,*,#858,.F.);
#1137=ORIENTED_EDGE('',*,*,#859,.F.);
#1138=ORIENTED_EDGE('',*,*,#860,.F.);
#1139=ORIENTED_EDGE('',*,*,#845,.T.);
#1140=ORIENTED_EDGE('',*,*,#816,.F.);
#1141=ORIENTED_EDGE('',*,*,#827,.F.);
#1142=ORIENTED_EDGE('',*,*,#842,.F.);
#1143=ORIENTED_EDGE('',*,*,#861,.T.);
#1144=ORIENTED_EDGE('',*,*,#846,.F.);
#1145=ORIENTED_EDGE('',*,*,#844,.T.);
#1146=ORIENTED_EDGE('',*,*,#848,.T.);
#1147=ORIENTED_EDGE('',*,*,#862,.T.);
#1148=ORIENTED_EDGE('',*,*,#840,.F.);
#1149=ORIENTED_EDGE('',*,*,#825,.T.);
#1150=ORIENTED_EDGE('',*,*,#831,.T.);
#1151=ORIENTED_EDGE('',*,*,#862,.F.);
#1152=ORIENTED_EDGE('',*,*,#847,.T.);
#1153=ORIENTED_EDGE('',*,*,#861,.F.);
#1154=ORIENTED_EDGE('',*,*,#841,.F.);
#1155=ORIENTED_EDGE('',*,*,#793,.T.);
#1156=ORIENTED_EDGE('',*,*,#863,.T.);
#1157=ORIENTED_EDGE('',*,*,#790,.F.);
#1158=ORIENTED_EDGE('',*,*,#864,.F.);
#1159=ORIENTED_EDGE('',*,*,#807,.F.);
#1160=ORIENTED_EDGE('',*,*,#766,.F.);
#1161=ORIENTED_EDGE('',*,*,#770,.F.);
#1162=ORIENTED_EDGE('',*,*,#773,.F.);
#1163=ORIENTED_EDGE('',*,*,#776,.F.);
#1164=ORIENTED_EDGE('',*,*,#779,.F.);
#1165=ORIENTED_EDGE('',*,*,#782,.F.);
#1166=ORIENTED_EDGE('',*,*,#785,.F.);
#1167=ORIENTED_EDGE('',*,*,#788,.F.);
#1168=ORIENTED_EDGE('',*,*,#791,.F.);
#1169=ORIENTED_EDGE('',*,*,#863,.F.);
#1170=ORIENTED_EDGE('',*,*,#796,.F.);
#1171=ORIENTED_EDGE('',*,*,#850,.F.);
#1172=ORIENTED_EDGE('',*,*,#702,.F.);
#1173=ORIENTED_EDGE('',*,*,#706,.F.);
#1174=ORIENTED_EDGE('',*,*,#709,.F.);
#1175=ORIENTED_EDGE('',*,*,#712,.F.);
#1176=ORIENTED_EDGE('',*,*,#715,.F.);
#1177=ORIENTED_EDGE('',*,*,#718,.F.);
#1178=ORIENTED_EDGE('',*,*,#721,.F.);
#1179=ORIENTED_EDGE('',*,*,#724,.F.);
#1180=ORIENTED_EDGE('',*,*,#727,.F.);
#1181=ORIENTED_EDGE('',*,*,#865,.F.);
#1182=ORIENTED_EDGE('',*,*,#732,.F.);
#1183=ORIENTED_EDGE('',*,*,#808,.F.);
#1184=ORIENTED_EDGE('',*,*,#730,.F.);
#1185=ORIENTED_EDGE('',*,*,#866,.F.);
#1186=ORIENTED_EDGE('',*,*,#728,.F.);
#1187=ORIENTED_EDGE('',*,*,#725,.F.);
#1188=ORIENTED_EDGE('',*,*,#722,.F.);
#1189=ORIENTED_EDGE('',*,*,#719,.F.);
#1190=ORIENTED_EDGE('',*,*,#716,.F.);
#1191=ORIENTED_EDGE('',*,*,#713,.F.);
#1192=ORIENTED_EDGE('',*,*,#710,.F.);
#1193=ORIENTED_EDGE('',*,*,#707,.F.);
#1194=ORIENTED_EDGE('',*,*,#704,.F.);
#1195=ORIENTED_EDGE('',*,*,#849,.F.);
#1196=ORIENTED_EDGE('',*,*,#794,.T.);
#1197=ORIENTED_EDGE('',*,*,#864,.T.);
#1198=ORIENTED_EDGE('',*,*,#792,.T.);
#1199=ORIENTED_EDGE('',*,*,#789,.T.);
#1200=ORIENTED_EDGE('',*,*,#786,.T.);
#1201=ORIENTED_EDGE('',*,*,#783,.T.);
#1202=ORIENTED_EDGE('',*,*,#780,.T.);
#1203=ORIENTED_EDGE('',*,*,#777,.T.);
#1204=ORIENTED_EDGE('',*,*,#774,.T.);
#1205=ORIENTED_EDGE('',*,*,#771,.T.);
#1206=ORIENTED_EDGE('',*,*,#768,.T.);
#1207=ORIENTED_EDGE('',*,*,#761,.T.);
#1208=ORIENTED_EDGE('',*,*,#867,.T.);
#1209=ORIENTED_EDGE('',*,*,#758,.F.);
#1210=ORIENTED_EDGE('',*,*,#868,.F.);
#1211=ORIENTED_EDGE('',*,*,#805,.F.);
#1212=ORIENTED_EDGE('',*,*,#734,.F.);
#1213=ORIENTED_EDGE('',*,*,#738,.F.);
#1214=ORIENTED_EDGE('',*,*,#741,.F.);
#1215=ORIENTED_EDGE('',*,*,#744,.F.);
#1216=ORIENTED_EDGE('',*,*,#747,.F.);
#1217=ORIENTED_EDGE('',*,*,#750,.F.);
#1218=ORIENTED_EDGE('',*,*,#753,.F.);
#1219=ORIENTED_EDGE('',*,*,#756,.F.);
#1220=ORIENTED_EDGE('',*,*,#759,.F.);
#1221=ORIENTED_EDGE('',*,*,#867,.F.);
#1222=ORIENTED_EDGE('',*,*,#764,.F.);
#1223=ORIENTED_EDGE('',*,*,#852,.F.);
#1224=ORIENTED_EDGE('',*,*,#670,.F.);
#1225=ORIENTED_EDGE('',*,*,#674,.F.);
#1226=ORIENTED_EDGE('',*,*,#677,.F.);
#1227=ORIENTED_EDGE('',*,*,#680,.F.);
#1228=ORIENTED_EDGE('',*,*,#683,.F.);
#1229=ORIENTED_EDGE('',*,*,#686,.F.);
#1230=ORIENTED_EDGE('',*,*,#689,.F.);
#1231=ORIENTED_EDGE('',*,*,#692,.F.);
#1232=ORIENTED_EDGE('',*,*,#695,.F.);
#1233=ORIENTED_EDGE('',*,*,#869,.F.);
#1234=ORIENTED_EDGE('',*,*,#700,.F.);
#1235=ORIENTED_EDGE('',*,*,#806,.F.);
#1236=ORIENTED_EDGE('',*,*,#698,.F.);
#1237=ORIENTED_EDGE('',*,*,#870,.F.);
#1238=ORIENTED_EDGE('',*,*,#696,.F.);
#1239=ORIENTED_EDGE('',*,*,#693,.F.);
#1240=ORIENTED_EDGE('',*,*,#690,.F.);
#1241=ORIENTED_EDGE('',*,*,#687,.F.);
#1242=ORIENTED_EDGE('',*,*,#684,.F.);
#1243=ORIENTED_EDGE('',*,*,#681,.F.);
#1244=ORIENTED_EDGE('',*,*,#678,.F.);
#1245=ORIENTED_EDGE('',*,*,#675,.F.);
#1246=ORIENTED_EDGE('',*,*,#672,.F.);
#1247=ORIENTED_EDGE('',*,*,#851,.F.);
#1248=ORIENTED_EDGE('',*,*,#762,.T.);
#1249=ORIENTED_EDGE('',*,*,#868,.T.);
#1250=ORIENTED_EDGE('',*,*,#760,.T.);
#1251=ORIENTED_EDGE('',*,*,#757,.T.);
#1252=ORIENTED_EDGE('',*,*,#754,.T.);
#1253=ORIENTED_EDGE('',*,*,#751,.T.);
#1254=ORIENTED_EDGE('',*,*,#748,.T.);
#1255=ORIENTED_EDGE('',*,*,#745,.T.);
#1256=ORIENTED_EDGE('',*,*,#742,.T.);
#1257=ORIENTED_EDGE('',*,*,#739,.T.);
#1258=ORIENTED_EDGE('',*,*,#736,.T.);
#1259=ORIENTED_EDGE('',*,*,#801,.F.);
#1260=ORIENTED_EDGE('',*,*,#871,.T.);
#1261=ORIENTED_EDGE('',*,*,#853,.F.);
#1262=ORIENTED_EDGE('',*,*,#872,.F.);
#1263=ORIENTED_EDGE('',*,*,#804,.F.);
#1264=ORIENTED_EDGE('',*,*,#873,.T.);
#1265=ORIENTED_EDGE('',*,*,#854,.F.);
#1266=ORIENTED_EDGE('',*,*,#871,.F.);
#1267=ORIENTED_EDGE('',*,*,#803,.F.);
#1268=ORIENTED_EDGE('',*,*,#874,.T.);
#1269=ORIENTED_EDGE('',*,*,#855,.F.);
#1270=ORIENTED_EDGE('',*,*,#873,.F.);
#1271=ORIENTED_EDGE('',*,*,#802,.F.);
#1272=ORIENTED_EDGE('',*,*,#872,.T.);
#1273=ORIENTED_EDGE('',*,*,#856,.F.);
#1274=ORIENTED_EDGE('',*,*,#874,.F.);
#1275=ORIENTED_EDGE('',*,*,#729,.T.);
#1276=ORIENTED_EDGE('',*,*,#865,.T.);
#1277=ORIENTED_EDGE('',*,*,#726,.F.);
#1278=ORIENTED_EDGE('',*,*,#866,.T.);
#1279=ORIENTED_EDGE('',*,*,#697,.T.);
#1280=ORIENTED_EDGE('',*,*,#869,.T.);
#1281=ORIENTED_EDGE('',*,*,#694,.F.);
#1282=ORIENTED_EDGE('',*,*,#870,.T.);
#1283=ORIENTED_EDGE('',*,*,#797,.T.);
#1284=ORIENTED_EDGE('',*,*,#875,.F.);
#1285=ORIENTED_EDGE('',*,*,#859,.T.);
#1286=ORIENTED_EDGE('',*,*,#876,.T.);
#1287=ORIENTED_EDGE('',*,*,#800,.T.);
#1288=ORIENTED_EDGE('',*,*,#877,.F.);
#1289=ORIENTED_EDGE('',*,*,#860,.T.);
#1290=ORIENTED_EDGE('',*,*,#875,.T.);
#1291=ORIENTED_EDGE('',*,*,#798,.T.);
#1292=ORIENTED_EDGE('',*,*,#876,.F.);
#1293=ORIENTED_EDGE('',*,*,#858,.T.);
#1294=ORIENTED_EDGE('',*,*,#878,.T.);
#1295=ORIENTED_EDGE('',*,*,#799,.T.);
#1296=ORIENTED_EDGE('',*,*,#878,.F.);
#1297=ORIENTED_EDGE('',*,*,#857,.T.);
#1298=ORIENTED_EDGE('',*,*,#877,.T.);
#1299=CYLINDRICAL_SURFACE('',#1439,1.2645);
#1300=CYLINDRICAL_SURFACE('',#1441,1.2645);
#1301=CYLINDRICAL_SURFACE('',#1442,1.2645);
#1302=CYLINDRICAL_SURFACE('',#1443,1.2645);
#1303=CYLINDRICAL_SURFACE('',#1444,1.2645);
#1304=CYLINDRICAL_SURFACE('',#1445,1.2645);
#1305=CYLINDRICAL_SURFACE('',#1446,1.2645);
#1306=CYLINDRICAL_SURFACE('',#1447,1.2645);
#1307=CYLINDRICAL_SURFACE('',#1448,1.2645);
#1308=CYLINDRICAL_SURFACE('',#1449,1.2645);
#1309=CYLINDRICAL_SURFACE('',#1451,1.2645);
#1310=CYLINDRICAL_SURFACE('',#1453,1.2645);
#1311=CYLINDRICAL_SURFACE('',#1454,1.2645);
#1312=CYLINDRICAL_SURFACE('',#1455,1.2645);
#1313=CYLINDRICAL_SURFACE('',#1456,1.2645);
#1314=CYLINDRICAL_SURFACE('',#1457,1.2645);
#1315=CYLINDRICAL_SURFACE('',#1458,1.2645);
#1316=CYLINDRICAL_SURFACE('',#1459,1.2645);
#1317=CYLINDRICAL_SURFACE('',#1460,1.2645);
#1318=CYLINDRICAL_SURFACE('',#1461,1.2645);
#1319=CYLINDRICAL_SURFACE('',#1463,1.543);
#1320=CYLINDRICAL_SURFACE('',#1465,1.543);
#1321=CYLINDRICAL_SURFACE('',#1466,1.543);
#1322=CYLINDRICAL_SURFACE('',#1467,1.543);
#1323=CYLINDRICAL_SURFACE('',#1468,1.543);
#1324=CYLINDRICAL_SURFACE('',#1469,1.543);
#1325=CYLINDRICAL_SURFACE('',#1470,1.543);
#1326=CYLINDRICAL_SURFACE('',#1471,1.543);
#1327=CYLINDRICAL_SURFACE('',#1472,1.543);
#1328=CYLINDRICAL_SURFACE('',#1473,1.543);
#1329=CYLINDRICAL_SURFACE('',#1475,1.543);
#1330=CYLINDRICAL_SURFACE('',#1477,1.543);
#1331=CYLINDRICAL_SURFACE('',#1478,1.543);
#1332=CYLINDRICAL_SURFACE('',#1479,1.543);
#1333=CYLINDRICAL_SURFACE('',#1480,1.543);
#1334=CYLINDRICAL_SURFACE('',#1481,1.543);
#1335=CYLINDRICAL_SURFACE('',#1482,1.543);
#1336=CYLINDRICAL_SURFACE('',#1483,1.543);
#1337=CYLINDRICAL_SURFACE('',#1484,1.543);
#1338=CYLINDRICAL_SURFACE('',#1485,1.543);
#1339=CYLINDRICAL_SURFACE('',#1504,5.);
#1340=CYLINDRICAL_SURFACE('',#1506,5.);
#1341=CYLINDRICAL_SURFACE('',#1508,2.75);
#1342=CYLINDRICAL_SURFACE('',#1509,2.75);
#1343=CYLINDRICAL_SURFACE('',#1517,1.543);
#1344=CYLINDRICAL_SURFACE('',#1518,1.543);
#1345=CYLINDRICAL_SURFACE('',#1523,1.2645);
#1346=CYLINDRICAL_SURFACE('',#1524,1.2645);
#1347=ADVANCED_FACE('',(#55),#1299,.F.);
#1348=ADVANCED_FACE('',(#56),#1300,.F.);
#1349=ADVANCED_FACE('',(#57),#1301,.F.);
#1350=ADVANCED_FACE('',(#58),#1302,.F.);
#1351=ADVANCED_FACE('',(#59),#1303,.F.);
#1352=ADVANCED_FACE('',(#60),#1304,.F.);
#1353=ADVANCED_FACE('',(#61),#1305,.F.);
#1354=ADVANCED_FACE('',(#62),#1306,.F.);
#1355=ADVANCED_FACE('',(#63),#1307,.F.);
#1356=ADVANCED_FACE('',(#64),#1308,.F.);
#1357=ADVANCED_FACE('',(#65),#1309,.F.);
#1358=ADVANCED_FACE('',(#66),#1310,.F.);
#1359=ADVANCED_FACE('',(#67),#1311,.F.);
#1360=ADVANCED_FACE('',(#68),#1312,.F.);
#1361=ADVANCED_FACE('',(#69),#1313,.F.);
#1362=ADVANCED_FACE('',(#70),#1314,.F.);
#1363=ADVANCED_FACE('',(#71),#1315,.F.);
#1364=ADVANCED_FACE('',(#72),#1316,.F.);
#1365=ADVANCED_FACE('',(#73),#1317,.F.);
#1366=ADVANCED_FACE('',(#74),#1318,.F.);
#1367=ADVANCED_FACE('',(#75),#1319,.F.);
#1368=ADVANCED_FACE('',(#76),#1320,.F.);
#1369=ADVANCED_FACE('',(#77),#1321,.F.);
#1370=ADVANCED_FACE('',(#78),#1322,.F.);
#1371=ADVANCED_FACE('',(#79),#1323,.F.);
#1372=ADVANCED_FACE('',(#80),#1324,.F.);
#1373=ADVANCED_FACE('',(#81),#1325,.F.);
#1374=ADVANCED_FACE('',(#82),#1326,.F.);
#1375=ADVANCED_FACE('',(#83),#1327,.F.);
#1376=ADVANCED_FACE('',(#84),#1328,.F.);
#1377=ADVANCED_FACE('',(#85),#1329,.F.);
#1378=ADVANCED_FACE('',(#86),#1330,.F.);
#1379=ADVANCED_FACE('',(#87),#1331,.F.);
#1380=ADVANCED_FACE('',(#88),#1332,.F.);
#1381=ADVANCED_FACE('',(#89),#1333,.F.);
#1382=ADVANCED_FACE('',(#90),#1334,.F.);
#1383=ADVANCED_FACE('',(#91),#1335,.F.);
#1384=ADVANCED_FACE('',(#92),#1336,.F.);
#1385=ADVANCED_FACE('',(#93),#1337,.F.);
#1386=ADVANCED_FACE('',(#94),#1338,.F.);
#1387=ADVANCED_FACE('',(#95),#29,.F.);
#1388=ADVANCED_FACE('',(#96),#30,.F.);
#1389=ADVANCED_FACE('',(#97),#31,.F.);
#1390=ADVANCED_FACE('',(#98),#32,.F.);
#1391=ADVANCED_FACE('',(#99,#19),#33,.T.);
#1392=ADVANCED_FACE('',(#100,#20),#34,.T.);
#1393=ADVANCED_FACE('',(#101),#35,.T.);
#1394=ADVANCED_FACE('',(#102),#36,.T.);
#1395=ADVANCED_FACE('',(#103),#37,.T.);
#1396=ADVANCED_FACE('',(#104,#21,#22),#38,.T.);
#1397=ADVANCED_FACE('',(#105),#39,.T.);
#1398=ADVANCED_FACE('',(#106),#1339,.F.);
#1399=ADVANCED_FACE('',(#107),#1340,.F.);
#1400=ADVANCED_FACE('',(#108),#1341,.F.);
#1401=ADVANCED_FACE('',(#109),#1342,.F.);
#1402=ADVANCED_FACE('',(#110),#40,.T.);
#1403=ADVANCED_FACE('',(#111),#41,.T.);
#1404=ADVANCED_FACE('',(#112,#23,#24),#42,.F.);
#1405=ADVANCED_FACE('',(#113,#25,#26,#27,#28),#43,.F.);
#1406=ADVANCED_FACE('',(#114),#44,.F.);
#1407=ADVANCED_FACE('',(#115),#45,.T.);
#1408=ADVANCED_FACE('',(#116),#46,.T.);
#1409=ADVANCED_FACE('',(#117),#1343,.F.);
#1410=ADVANCED_FACE('',(#118),#15,.F.);
#1411=ADVANCED_FACE('',(#119),#16,.F.);
#1412=ADVANCED_FACE('',(#120),#1344,.F.);
#1413=ADVANCED_FACE('',(#121),#17,.F.);
#1414=ADVANCED_FACE('',(#122),#18,.F.);
#1415=ADVANCED_FACE('',(#123),#47,.F.);
#1416=ADVANCED_FACE('',(#124),#48,.F.);
#1417=ADVANCED_FACE('',(#125),#49,.F.);
#1418=ADVANCED_FACE('',(#126),#50,.F.);
#1419=ADVANCED_FACE('',(#127),#1345,.F.);
#1420=ADVANCED_FACE('',(#128),#1346,.F.);
#1421=ADVANCED_FACE('',(#129),#51,.T.);
#1422=ADVANCED_FACE('',(#130),#52,.T.);
#1423=ADVANCED_FACE('',(#131),#53,.T.);
#1424=ADVANCED_FACE('',(#132),#54,.T.);
#1425=CLOSED_SHELL('',(#1347,#1348,#1349,#1350,#1351,#1352,#1353,#1354,
#1355,#1356,#1357,#1358,#1359,#1360,#1361,#1362,#1363,#1364,#1365,#1366,
#1367,#1368,#1369,#1370,#1371,#1372,#1373,#1374,#1375,#1376,#1377,#1378,
#1379,#1380,#1381,#1382,#1383,#1384,#1385,#1386,#1387,#1388,#1389,#1390,
#1391,#1392,#1393,#1394,#1395,#1396,#1397,#1398,#1399,#1400,#1401,#1402,
#1403,#1404,#1405,#1406,#1407,#1408,#1409,#1410,#1411,#1412,#1413,#1414,
#1415,#1416,#1417,#1418,#1419,#1420,#1421,#1422,#1423,#1424));
#1426=DERIVED_UNIT_ELEMENT(#1428,1.);
#1427=DERIVED_UNIT_ELEMENT(#5207,-3.);
#1428=(
MASS_UNIT()
NAMED_UNIT(*)
SI_UNIT(.KILO.,.GRAM.)
);
#1429=DERIVED_UNIT((#1426,#1427));
#1430=MEASURE_REPRESENTATION_ITEM('density measure',
POSITIVE_RATIO_MEASURE(7850.),#1429);
#1431=PROPERTY_DEFINITION_REPRESENTATION(#1436,#1433);
#1432=PROPERTY_DEFINITION_REPRESENTATION(#1437,#1434);
#1433=REPRESENTATION('material name',(#1435),#5204);
#1434=REPRESENTATION('density',(#1430),#5204);
#1435=DESCRIPTIVE_REPRESENTATION_ITEM('Steel','Steel');
#1436=PROPERTY_DEFINITION('material property','material name',#5214);
#1437=PROPERTY_DEFINITION('material property','density of part',#5214);
#1438=AXIS2_PLACEMENT_3D('',#1809,#1529,#1530);
#1439=AXIS2_PLACEMENT_3D('',#1810,#1531,#1532);
#1440=AXIS2_PLACEMENT_3D('',#1829,#1534,#1535);
#1441=AXIS2_PLACEMENT_3D('',#1849,#1536,#1537);
#1442=AXIS2_PLACEMENT_3D('',#1900,#1539,#1540);
#1443=AXIS2_PLACEMENT_3D('',#1951,#1542,#1543);
#1444=AXIS2_PLACEMENT_3D('',#1999,#1545,#1546);
#1445=AXIS2_PLACEMENT_3D('',#2050,#1548,#1549);
#1446=AXIS2_PLACEMENT_3D('',#2101,#1551,#1552);
#1447=AXIS2_PLACEMENT_3D('',#2149,#1554,#1555);
#1448=AXIS2_PLACEMENT_3D('',#2197,#1557,#1558);
#1449=AXIS2_PLACEMENT_3D('',#2248,#1560,#1561);
#1450=AXIS2_PLACEMENT_3D('',#2258,#1563,#1564);
#1451=AXIS2_PLACEMENT_3D('',#2269,#1565,#1566);
#1452=AXIS2_PLACEMENT_3D('',#2288,#1568,#1569);
#1453=AXIS2_PLACEMENT_3D('',#2308,#1570,#1571);
#1454=AXIS2_PLACEMENT_3D('',#2359,#1573,#1574);
#1455=AXIS2_PLACEMENT_3D('',#2410,#1576,#1577);
#1456=AXIS2_PLACEMENT_3D('',#2458,#1579,#1580);
#1457=AXIS2_PLACEMENT_3D('',#2509,#1582,#1583);
#1458=AXIS2_PLACEMENT_3D('',#2560,#1585,#1586);
#1459=AXIS2_PLACEMENT_3D('',#2608,#1588,#1589);
#1460=AXIS2_PLACEMENT_3D('',#2656,#1591,#1592);
#1461=AXIS2_PLACEMENT_3D('',#2707,#1594,#1595);
#1462=AXIS2_PLACEMENT_3D('',#2717,#1597,#1598);
#1463=AXIS2_PLACEMENT_3D('',#2728,#1599,#1600);
#1464=AXIS2_PLACEMENT_3D('',#2742,#1602,#1603);
#1465=AXIS2_PLACEMENT_3D('',#2752,#1604,#1605);
#1466=AXIS2_PLACEMENT_3D('',#2776,#1607,#1608);
#1467=AXIS2_PLACEMENT_3D('',#2801,#1610,#1611);
#1468=AXIS2_PLACEMENT_3D('',#2825,#1613,#1614);
#1469=AXIS2_PLACEMENT_3D('',#2850,#1616,#1617);
#1470=AXIS2_PLACEMENT_3D('',#2874,#1619,#1620);
#1471=AXIS2_PLACEMENT_3D('',#2899,#1622,#1623);
#1472=AXIS2_PLACEMENT_3D('',#2924,#1625,#1626);
#1473=AXIS2_PLACEMENT_3D('',#2948,#1628,#1629);
#1474=AXIS2_PLACEMENT_3D('',#2959,#1631,#1632);
#1475=AXIS2_PLACEMENT_3D('',#2965,#1633,#1634);
#1476=AXIS2_PLACEMENT_3D('',#2979,#1636,#1637);
#1477=AXIS2_PLACEMENT_3D('',#2989,#1638,#1639);
#1478=AXIS2_PLACEMENT_3D('',#3013,#1641,#1642);
#1479=AXIS2_PLACEMENT_3D('',#3038,#1644,#1645);
#1480=AXIS2_PLACEMENT_3D('',#3062,#1647,#1648);
#1481=AXIS2_PLACEMENT_3D('',#3087,#1650,#1651);
#1482=AXIS2_PLACEMENT_3D('',#3111,#1653,#1654);
#1483=AXIS2_PLACEMENT_3D('',#3136,#1656,#1657);
#1484=AXIS2_PLACEMENT_3D('',#3161,#1659,#1660);
#1485=AXIS2_PLACEMENT_3D('',#3185,#1662,#1663);
#1486=AXIS2_PLACEMENT_3D('',#3196,#1665,#1666);
#1487=AXIS2_PLACEMENT_3D('',#3202,#1667,#1668);
#1488=AXIS2_PLACEMENT_3D('',#3211,#1673,#1674);
#1489=AXIS2_PLACEMENT_3D('',#3220,#1679,#1680);
#1490=AXIS2_PLACEMENT_3D('',#3379,#1681,#1682);
#1491=AXIS2_PLACEMENT_3D('',#3538,#1683,#1684);
#1492=AXIS2_PLACEMENT_3D('',#3540,#1685,#1686);
#1493=AXIS2_PLACEMENT_3D('',#3542,#1687,#1688);
#1494=AXIS2_PLACEMENT_3D('',#3543,#1689,#1690);
#1495=AXIS2_PLACEMENT_3D('',#3545,#1691,#1692);
#1496=AXIS2_PLACEMENT_3D('',#3547,#1693,#1694);
#1497=AXIS2_PLACEMENT_3D('',#3548,#1695,#1696);
#1498=AXIS2_PLACEMENT_3D('',#3557,#1701,#1702);
#1499=AXIS2_PLACEMENT_3D('',#3563,#1706,#1707);
#1500=AXIS2_PLACEMENT_3D('',#3569,#1711,#1712);
#1501=AXIS2_PLACEMENT_3D('',#3580,#1718,#1719);
#1502=AXIS2_PLACEMENT_3D('',#3582,#1720,#1721);
#1503=AXIS2_PLACEMENT_3D('',#3583,#1722,#1723);
#1504=AXIS2_PLACEMENT_3D('',#3589,#1727,#1728);
#1505=AXIS2_PLACEMENT_3D('',#3591,#1729,#1730);
#1506=AXIS2_PLACEMENT_3D('',#3593,#1732,#1733);
#1507=AXIS2_PLACEMENT_3D('',#3595,#1734,#1735);
#1508=AXIS2_PLACEMENT_3D('',#3597,#1737,#1738);
#1509=AXIS2_PLACEMENT_3D('',#3599,#1740,#1741);
#1510=AXIS2_PLACEMENT_3D('',#3601,#1743,#1744);
#1511=AXIS2_PLACEMENT_3D('',#3603,#1746,#1747);
#1512=AXIS2_PLACEMENT_3D('',#3609,#1751,#1752);
#1513=AXIS2_PLACEMENT_3D('',#3615,#1756,#1757);
#1514=AXIS2_PLACEMENT_3D('',#3953,#1769,#1770);
#1515=AXIS2_PLACEMENT_3D('',#3955,#1772,#1773);
#1516=AXIS2_PLACEMENT_3D('',#3957,#1775,#1776);
#1517=AXIS2_PLACEMENT_3D('',#3958,#1777,#1778);
#1518=AXIS2_PLACEMENT_3D('',#4571,#1779,#1780);
#1519=AXIS2_PLACEMENT_3D('',#5184,#1781,#1782);
#1520=AXIS2_PLACEMENT_3D('',#5187,#1785,#1786);
#1521=AXIS2_PLACEMENT_3D('',#5189,#1788,#1789);
#1522=AXIS2_PLACEMENT_3D('',#5191,#1791,#1792);
#1523=AXIS2_PLACEMENT_3D('',#5192,#1793,#1794);
#1524=AXIS2_PLACEMENT_3D('',#5193,#1795,#1796);
#1525=AXIS2_PLACEMENT_3D('',#5194,#1797,#1798);
#1526=AXIS2_PLACEMENT_3D('',#5197,#1801,#1802);
#1527=AXIS2_PLACEMENT_3D('',#5199,#1804,#1805);
#1528=AXIS2_PLACEMENT_3D('',#5201,#1807,#1808);
#1529=DIRECTION('axis',(0.,0.,1.));
#1530=DIRECTION('refdir',(1.,0.,0.));
#1531=DIRECTION('center_axis',(0.,0.,-1.));
#1532=DIRECTION('ref_axis',(0.937365382979702,-0.348347726835295,0.));
#1533=DIRECTION('',(0.,0.,1.));
#1534=DIRECTION('center_axis',(0.,0.,-1.));
#1535=DIRECTION('ref_axis',(1.,0.,0.));
#1536=DIRECTION('center_axis',(0.,0.,-1.));
#1537=DIRECTION('ref_axis',(1.,0.,0.));
#1538=DIRECTION('',(0.,0.,1.));
#1539=DIRECTION('center_axis',(0.,0.,-1.));
#1540=DIRECTION('ref_axis',(1.,0.,0.));
#1541=DIRECTION('',(0.,0.,1.));
#1542=DIRECTION('center_axis',(0.,0.,-1.));
#1543=DIRECTION('ref_axis',(1.,0.,0.));
#1544=DIRECTION('',(0.,0.,1.));
#1545=DIRECTION('center_axis',(0.,0.,-1.));
#1546=DIRECTION('ref_axis',(1.,0.,0.));
#1547=DIRECTION('',(0.,0.,1.));
#1548=DIRECTION('center_axis',(0.,0.,-1.));
#1549=DIRECTION('ref_axis',(1.,0.,0.));
#1550=DIRECTION('',(0.,0.,1.));
#1551=DIRECTION('center_axis',(0.,0.,-1.));
#1552=DIRECTION('ref_axis',(1.,0.,0.));
#1553=DIRECTION('',(0.,0.,1.));
#1554=DIRECTION('center_axis',(0.,0.,-1.));
#1555=DIRECTION('ref_axis',(1.,0.,0.));
#1556=DIRECTION('',(0.,0.,1.));
#1557=DIRECTION('center_axis',(0.,0.,-1.));
#1558=DIRECTION('ref_axis',(1.,0.,0.));
#1559=DIRECTION('',(0.,0.,1.));
#1560=DIRECTION('center_axis',(0.,0.,-1.));
#1561=DIRECTION('ref_axis',(-0.348756274884832,0.937213455264304,0.));
#1562=DIRECTION('',(0.,0.,1.));
#1563=DIRECTION('center_axis',(0.,0.,-1.));
#1564=DIRECTION('ref_axis',(1.,0.,0.));
#1565=DIRECTION('center_axis',(0.,0.,-1.));
#1566=DIRECTION('ref_axis',(0.937365966654439,-0.348346156226803,0.));
#1567=DIRECTION('',(0.,0.,1.));
#1568=DIRECTION('center_axis',(0.,0.,-1.));
#1569=DIRECTION('ref_axis',(1.,0.,0.));
#1570=DIRECTION('center_axis',(0.,0.,-1.));
#1571=DIRECTION('ref_axis',(1.,0.,0.));
#1572=DIRECTION('',(0.,0.,1.));
#1573=DIRECTION('center_axis',(0.,0.,-1.));
#1574=DIRECTION('ref_axis',(1.,0.,0.));
#1575=DIRECTION('',(0.,0.,1.));
#1576=DIRECTION('center_axis',(0.,0.,-1.));
#1577=DIRECTION('ref_axis',(1.,0.,0.));
#1578=DIRECTION('',(0.,0.,1.));
#1579=DIRECTION('center_axis',(0.,0.,-1.));
#1580=DIRECTION('ref_axis',(1.,0.,0.));
#1581=DIRECTION('',(0.,0.,1.));
#1582=DIRECTION('center_axis',(0.,0.,-1.));
#1583=DIRECTION('ref_axis',(1.,0.,0.));
#1584=DIRECTION('',(0.,0.,1.));
#1585=DIRECTION('center_axis',(0.,0.,-1.));
#1586=DIRECTION('ref_axis',(1.,0.,0.));
#1587=DIRECTION('',(0.,0.,1.));
#1588=DIRECTION('center_axis',(0.,0.,-1.));
#1589=DIRECTION('ref_axis',(1.,0.,0.));
#1590=DIRECTION('',(0.,0.,1.));
#1591=DIRECTION('center_axis',(0.,0.,-1.));
#1592=DIRECTION('ref_axis',(1.,0.,0.));
#1593=DIRECTION('',(0.,0.,1.));
#1594=DIRECTION('center_axis',(0.,0.,-1.));
#1595=DIRECTION('ref_axis',(-0.348751077829779,0.937215389178266,0.));
#1596=DIRECTION('',(0.,0.,1.));
#1597=DIRECTION('center_axis',(0.,0.,-1.));
#1598=DIRECTION('ref_axis',(1.,0.,0.));
#1599=DIRECTION('center_axis',(0.,0.,-1.));
#1600=DIRECTION('ref_axis',(1.,0.,0.));
#1601=DIRECTION('',(1.22464679914735E-16,-1.49975978266186E-32,-1.));
#1602=DIRECTION('center_axis',(0.,0.,1.));
#1603=DIRECTION('ref_axis',(1.,0.,0.));
#1604=DIRECTION('center_axis',(0.,0.,-1.));
#1605=DIRECTION('ref_axis',(1.,0.,0.));
#1606=DIRECTION('',(1.22464679914735E-16,-1.49975978266186E-32,-1.));
#1607=DIRECTION('center_axis',(0.,0.,-1.));
#1608=DIRECTION('ref_axis',(1.,0.,0.));
#1609=DIRECTION('',(1.22464679914735E-16,-1.49975978266186E-32,-1.));
#1610=DIRECTION('center_axis',(0.,0.,-1.));
#1611=DIRECTION('ref_axis',(1.,0.,0.));
#1612=DIRECTION('',(1.22464679914735E-16,-1.49975978266186E-32,-1.));
#1613=DIRECTION('center_axis',(0.,0.,-1.));
#1614=DIRECTION('ref_axis',(1.,0.,0.));
#1615=DIRECTION('',(1.22464679914735E-16,-1.49975978266186E-32,-1.));
#1616=DIRECTION('center_axis',(0.,0.,-1.));
#1617=DIRECTION('ref_axis',(1.,0.,0.));
#1618=DIRECTION('',(1.22464679914735E-16,-1.49975978266186E-32,-1.));
#1619=DIRECTION('center_axis',(0.,0.,-1.));
#1620=DIRECTION('ref_axis',(1.,0.,0.));
#1621=DIRECTION('',(1.22464679914735E-16,-1.49975978266186E-32,-1.));
#1622=DIRECTION('center_axis',(0.,0.,-1.));
#1623=DIRECTION('ref_axis',(1.,0.,0.));
#1624=DIRECTION('',(1.22464679914735E-16,-1.49975978266186E-32,-1.));
#1625=DIRECTION('center_axis',(0.,0.,-1.));
#1626=DIRECTION('ref_axis',(1.,0.,0.));
#1627=DIRECTION('',(1.22464679914735E-16,-1.49975978266186E-32,-1.));
#1628=DIRECTION('center_axis',(0.,0.,-1.));
#1629=DIRECTION('ref_axis',(-0.609226478958509,-0.792996278261012,0.));
#1630=DIRECTION('',(1.22464679914735E-16,-1.49975978266186E-32,-1.));
#1631=DIRECTION('center_axis',(0.,0.,-1.));
#1632=DIRECTION('ref_axis',(1.,0.,0.));
#1633=DIRECTION('center_axis',(0.,0.,-1.));
#1634=DIRECTION('ref_axis',(1.,0.,0.));
#1635=DIRECTION('',(1.22464679914735E-16,-1.49975978266186E-32,-1.));
#1636=DIRECTION('center_axis',(0.,0.,1.));
#1637=DIRECTION('ref_axis',(1.,0.,0.));
#1638=DIRECTION('center_axis',(0.,0.,-1.));
#1639=DIRECTION('ref_axis',(1.,0.,0.));
#1640=DIRECTION('',(1.22464679914735E-16,-1.49975978266186E-32,-1.));
#1641=DIRECTION('center_axis',(0.,0.,-1.));
#1642=DIRECTION('ref_axis',(1.,0.,0.));
#1643=DIRECTION('',(1.22464679914735E-16,-1.49975978266186E-32,-1.));
#1644=DIRECTION('center_axis',(0.,0.,-1.));
#1645=DIRECTION('ref_axis',(1.,0.,0.));
#1646=DIRECTION('',(1.22464679914735E-16,-1.49975978266186E-32,-1.));
#1647=DIRECTION('center_axis',(0.,0.,-1.));
#1648=DIRECTION('ref_axis',(1.,0.,0.));
#1649=DIRECTION('',(1.22464679914735E-16,-1.49975978266186E-32,-1.));
#1650=DIRECTION('center_axis',(0.,0.,-1.));
#1651=DIRECTION('ref_axis',(1.,0.,0.));
#1652=DIRECTION('',(1.22464679914735E-16,-1.49975978266186E-32,-1.));
#1653=DIRECTION('center_axis',(0.,0.,-1.));
#1654=DIRECTION('ref_axis',(1.,0.,0.));
#1655=DIRECTION('',(1.22464679914735E-16,-1.49975978266186E-32,-1.));
#1656=DIRECTION('center_axis',(0.,0.,-1.));
#1657=DIRECTION('ref_axis',(1.,0.,0.));
#1658=DIRECTION('',(1.22464679914735E-16,-1.49975978266186E-32,-1.));
#1659=DIRECTION('center_axis',(0.,0.,-1.));
#1660=DIRECTION('ref_axis',(1.,0.,0.));
#1661=DIRECTION('',(1.22464679914735E-16,-1.49975978266186E-32,-1.));
#1662=DIRECTION('center_axis',(0.,0.,-1.));
#1663=DIRECTION('ref_axis',(-0.609225149182919,-0.792997299871223,0.));
#1664=DIRECTION('',(1.22464679914735E-16,-1.49975978266186E-32,-1.));
#1665=DIRECTION('center_axis',(0.,0.,-1.));
#1666=DIRECTION('ref_axis',(1.,0.,0.));
#1667=DIRECTION('center_axis',(0.,0.,-1.));
#1668=DIRECTION('ref_axis',(1.,0.,0.));
#1669=DIRECTION('',(-1.,0.,0.));
#1670=DIRECTION('',(0.,-1.,0.));
#1671=DIRECTION('',(1.,0.,0.));
#1672=DIRECTION('',(1.48029736616688E-16,1.,0.));
#1673=DIRECTION('center_axis',(0.,0.,-1.));
#1674=DIRECTION('ref_axis',(1.,0.,0.));
#1675=DIRECTION('',(0.,-1.,0.));
#1676=DIRECTION('',(1.,0.,0.));
#1677=DIRECTION('',(0.,1.,0.));
#1678=DIRECTION('',(-1.,0.,0.));
#1679=DIRECTION('center_axis',(0.,0.,-1.));
#1680=DIRECTION('ref_axis',(1.,0.,0.));
#1681=DIRECTION('center_axis',(0.,0.,-1.));
#1682=DIRECTION('ref_axis',(1.,0.,0.));
#1683=DIRECTION('center_axis',(0.,-1.,0.));
#1684=DIRECTION('ref_axis',(1.,0.,0.));
#1685=DIRECTION('center_axis',(0.,1.,0.));
#1686=DIRECTION('ref_axis',(1.,0.,0.));
#1687=DIRECTION('center_axis',(0.,-1.,0.));
#1688=DIRECTION('ref_axis',(1.,0.,0.));
#1689=DIRECTION('center_axis',(0.,-1.,0.));
#1690=DIRECTION('ref_axis',(1.,0.,0.));
#1691=DIRECTION('center_axis',(0.,1.,0.));
#1692=DIRECTION('ref_axis',(1.,0.,0.));
#1693=DIRECTION('center_axis',(0.,-1.,0.));
#1694=DIRECTION('ref_axis',(1.,0.,0.));
#1695=DIRECTION('center_axis',(0.707106781186547,0.,-0.707106781186548));
#1696=DIRECTION('ref_axis',(-0.707106781186548,0.,-0.707106781186547));
#1697=DIRECTION('',(-0.707106781186548,0.,-0.707106781186547));
#1698=DIRECTION('',(0.,1.,0.));
#1699=DIRECTION('',(-0.707106781186548,0.,-0.707106781186547));
#1700=DIRECTION('',(0.,-1.,0.));
#1701=DIRECTION('center_axis',(0.,0.,-1.));
#1702=DIRECTION('ref_axis',(-1.,0.,0.));
#1703=DIRECTION('',(-1.,0.,0.));
#1704=DIRECTION('',(0.,1.,0.));
#1705=DIRECTION('',(-1.,0.,0.));
#1706=DIRECTION('center_axis',(-0.707106781186547,0.,-0.707106781186548));
#1707=DIRECTION('ref_axis',(-0.707106781186548,0.,0.707106781186547));
#1708=DIRECTION('',(-0.707106781186548,0.,0.707106781186547));
#1709=DIRECTION('',(0.,1.,0.));
#1710=DIRECTION('',(-0.707106781186548,0.,0.707106781186547));
#1711=DIRECTION('center_axis',(0.,1.,0.));
#1712=DIRECTION('ref_axis',(1.,0.,0.));
#1713=DIRECTION('',(0.,0.,1.));
#1714=DIRECTION('',(0.707106781186547,0.,0.707106781186547));
#1715=DIRECTION('',(0.,0.,1.));
#1716=DIRECTION('',(-1.,0.,0.));
#1717=DIRECTION('',(0.,0.,-1.));
#1718=DIRECTION('center_axis',(0.,-1.,0.));
#1719=DIRECTION('ref_axis',(1.,0.,0.));
#1720=DIRECTION('center_axis',(0.,-1.,0.));
#1721=DIRECTION('ref_axis',(1.,0.,0.));
#1722=DIRECTION('center_axis',(-0.707106781186548,0.,0.707106781186548));
#1723=DIRECTION('ref_axis',(0.707106781186548,0.,0.707106781186548));
#1724=DIRECTION('',(0.707106781186547,0.,0.707106781186547));
#1725=DIRECTION('',(0.,-1.,0.));
#1726=DIRECTION('',(0.,1.,0.));
#1727=DIRECTION('center_axis',(0.,1.,0.));
#1728=DIRECTION('ref_axis',(1.,0.,0.));
#1729=DIRECTION('center_axis',(0.,-1.,0.));
#1730=DIRECTION('ref_axis',(1.,0.,0.));
#1731=DIRECTION('',(0.,1.,0.));
#1732=DIRECTION('center_axis',(0.,1.,0.));
#1733=DIRECTION('ref_axis',(1.,0.,0.));
#1734=DIRECTION('center_axis',(0.,-1.,0.));
#1735=DIRECTION('ref_axis',(1.,0.,0.));
#1736=DIRECTION('',(0.,1.,0.));
#1737=DIRECTION('center_axis',(0.,1.,0.));
#1738=DIRECTION('ref_axis',(1.,0.,0.));
#1739=DIRECTION('',(0.,1.,0.));
#1740=DIRECTION('center_axis',(0.,1.,0.));
#1741=DIRECTION('ref_axis',(1.,0.,0.));
#1742=DIRECTION('',(0.,1.,0.));
#1743=DIRECTION('center_axis',(-1.,0.,0.));
#1744=DIRECTION('ref_axis',(0.,1.,0.));
#1745=DIRECTION('',(0.,0.,1.));
#1746=DIRECTION('center_axis',(0.,0.,-1.));
#1747=DIRECTION('ref_axis',(-1.,0.,0.));
#1748=DIRECTION('',(0.,1.,0.));
#1749=DIRECTION('',(1.,0.,0.));
#1750=DIRECTION('',(0.,-1.,0.));
#1751=DIRECTION('center_axis',(0.,1.,0.));
#1752=DIRECTION('ref_axis',(0.,0.,1.));
#1753=DIRECTION('',(1.,0.,0.));
#1754=DIRECTION('',(0.,0.,1.));
#1755=DIRECTION('',(0.,0.,-1.));
#1756=DIRECTION('center_axis',(0.,0.,-1.));
#1757=DIRECTION('ref_axis',(1.,0.,0.));
#1758=DIRECTION('',(0.,-1.,0.));
#1759=DIRECTION('',(1.,0.,0.));
#1760=DIRECTION('',(0.,1.,0.));
#1761=DIRECTION('',(0.,1.,0.));
#1762=DIRECTION('',(1.,0.,0.));
#1763=DIRECTION('',(0.,-1.,0.));
#1764=DIRECTION('',(-1.,0.,0.));
#1765=DIRECTION('',(-1.,0.,0.));
#1766=DIRECTION('',(0.,1.,0.));
#1767=DIRECTION('',(1.,0.,0.));
#1768=DIRECTION('',(-1.48029736616688E-16,-1.,0.));
#1769=DIRECTION('center_axis',(-1.,0.,0.));
#1770=DIRECTION('ref_axis',(0.,0.,1.));
#1771=DIRECTION('',(0.,0.,-1.));
#1772=DIRECTION('center_axis',(-1.,0.,0.));
#1773=DIRECTION('ref_axis',(0.,1.,0.));
#1774=DIRECTION('',(0.,0.,-1.));
#1775=DIRECTION('center_axis',(0.,1.,0.));
#1776=DIRECTION('ref_axis',(1.,0.,0.));
#1777=DIRECTION('center_axis',(0.,0.,-1.));
#1778=DIRECTION('ref_axis',(1.,0.,0.));
#1779=DIRECTION('center_axis',(0.,0.,-1.));
#1780=DIRECTION('ref_axis',(1.,0.,0.));
#1781=DIRECTION('center_axis',(-1.,0.,0.));
#1782=DIRECTION('ref_axis',(0.,-1.,0.));
#1783=DIRECTION('',(0.,0.,1.));
#1784=DIRECTION('',(0.,0.,1.));
#1785=DIRECTION('center_axis',(0.,1.,0.));
#1786=DIRECTION('ref_axis',(-1.,0.,0.));
#1787=DIRECTION('',(0.,0.,1.));
#1788=DIRECTION('center_axis',(1.,0.,0.));
#1789=DIRECTION('ref_axis',(0.,1.,0.));
#1790=DIRECTION('',(0.,0.,1.));
#1791=DIRECTION('center_axis',(0.,-1.,0.));
#1792=DIRECTION('ref_axis',(1.,0.,0.));
#1793=DIRECTION('center_axis',(0.,0.,-1.));
#1794=DIRECTION('ref_axis',(1.,0.,0.));
#1795=DIRECTION('center_axis',(0.,0.,-1.));
#1796=DIRECTION('ref_axis',(1.,0.,0.));
#1797=DIRECTION('center_axis',(0.,1.,0.));
#1798=DIRECTION('ref_axis',(1.,0.,0.));
#1799=DIRECTION('',(0.,0.,-1.));
#1800=DIRECTION('',(0.,0.,-1.));
#1801=DIRECTION('center_axis',(1.,-1.48029736616688E-16,0.));
#1802=DIRECTION('ref_axis',(-1.48029736616688E-16,-1.,0.));
#1803=DIRECTION('',(0.,0.,-1.));
#1804=DIRECTION('center_axis',(-1.,0.,0.));
#1805=DIRECTION('ref_axis',(0.,1.,0.));
#1806=DIRECTION('',(0.,0.,-1.));
#1807=DIRECTION('center_axis',(0.,-1.,0.));
#1808=DIRECTION('ref_axis',(-1.,0.,0.));
#1809=CARTESIAN_POINT('',(0.,0.,0.));
#1810=CARTESIAN_POINT('Origin',(2.5,396.25,14.4000002145767));
#1811=CARTESIAN_POINT('',(1.23707214331072,396.250708937544,13.9565805409573));
#1812=CARTESIAN_POINT('',(1.23423772034618,396.250906512762,14.0934198881961));
#1813=CARTESIAN_POINT('',(1.2355,396.25,14.4000002145767));
#1814=CARTESIAN_POINT('',(3.45811615272234,397.075211298937,14.4000002145767));
#1815=CARTESIAN_POINT('Ctrl Pts',(1.23423772034618,396.250906512762,14.0934198881961));
#1816=CARTESIAN_POINT('Ctrl Pts',(1.23717571310643,395.88966088417,14.1162165295542));
#1817=CARTESIAN_POINT('Ctrl Pts',(1.39979684939361,395.526136564331,14.1390131709123));
#1818=CARTESIAN_POINT('Ctrl Pts',(1.67297274529561,395.290611408199,14.1618098122705));
#1819=CARTESIAN_POINT('Ctrl Pts',(1.9901143780044,395.017180136699,14.1882754125267));
#1820=CARTESIAN_POINT('Ctrl Pts',(2.45626045012333,394.916264672747,14.214741012783));
#1821=CARTESIAN_POINT('Ctrl Pts',(2.85776757733225,395.034679654265,14.2412066130392));
#1822=CARTESIAN_POINT('Ctrl Pts',(3.25927470454117,395.153094635784,14.2676722132955));
#1823=CARTESIAN_POINT('Ctrl Pts',(3.59614288684009,395.490840062773,14.2941378135517));
#1824=CARTESIAN_POINT('Ctrl Pts',(3.71446472880652,395.89170748949,14.320603413808));
#1825=CARTESIAN_POINT('Ctrl Pts',(3.83278657077295,396.292574916207,14.3470690140642));
#1826=CARTESIAN_POINT('Ctrl Pts',(3.73256207240688,396.756564342651,14.3735346143205));
#1827=CARTESIAN_POINT('Ctrl Pts',(3.45811615272233,397.075211298937,14.4000002145767));
#1828=CARTESIAN_POINT('',(1.54000380486401,397.076647067537,14.4000002145767));
#1829=CARTESIAN_POINT('Origin',(2.5,396.25,14.4000002145767));
#1830=CARTESIAN_POINT('Ctrl Pts',(1.54000218168979,397.076648307138,14.4000002145767));
#1831=CARTESIAN_POINT('Ctrl Pts',(1.80687725641366,397.385393607471,14.3742007637977));
#1832=CARTESIAN_POINT('Ctrl Pts',(2.23708515707922,397.55460169756,14.3484013130187));
#1833=CARTESIAN_POINT('Ctrl Pts',(2.64268381528102,397.508587104859,14.3226018622398));
#1834=CARTESIAN_POINT('Ctrl Pts',(3.05875515123289,397.461384401715,14.2961362619835));
#1835=CARTESIAN_POINT('Ctrl Pts',(3.44893000215053,397.187701302348,14.2696706617272));
#1836=CARTESIAN_POINT('Ctrl Pts',(3.63484397353283,396.812632678786,14.243205061471));
#1837=CARTESIAN_POINT('Ctrl Pts',(3.82075794491514,396.437564055223,14.2167394612147));
#1838=CARTESIAN_POINT('Ctrl Pts',(3.80241103676212,395.961109907466,14.1902738609585));
#1839=CARTESIAN_POINT('Ctrl Pts',(3.58808278214447,395.60147274467,14.1638082607022));
#1840=CARTESIAN_POINT('Ctrl Pts',(3.37375452752682,395.241835581875,14.137342660446));
#1841=CARTESIAN_POINT('Ctrl Pts',(2.96344492644455,394.999015404042,14.1108770601897));
#1842=CARTESIAN_POINT('Ctrl Pts',(2.5450449316045,394.984131009227,14.0844114599335));
#1843=CARTESIAN_POINT('Ctrl Pts',(2.12664493676444,394.969246614413,14.0579458596772));
#1844=CARTESIAN_POINT('Ctrl Pts',(1.7001545481666,395.182298002617,14.031480259421));
#1845=CARTESIAN_POINT('Ctrl Pts',(1.46078999503449,395.525772029803,14.0050146591647));
#1846=CARTESIAN_POINT('Ctrl Pts',(1.31477137780037,395.735300140166,13.9888699530956));
#1847=CARTESIAN_POINT('Ctrl Pts',(1.23838823529087,395.993362662453,13.9727252470264));
#1848=CARTESIAN_POINT('Ctrl Pts',(1.23707214331072,396.250708937544,13.9565805409573));
#1849=CARTESIAN_POINT('Origin',(2.5,396.25,14.4000002145767));
#1850=CARTESIAN_POINT('',(1.23376994697781,396.250671760751,13.4565805409573));
#1851=CARTESIAN_POINT('',(1.23447036975129,396.248995233172,13.5934198881961));
#1852=CARTESIAN_POINT('',(1.2355,396.25,14.4000002145767));
#1853=CARTESIAN_POINT('Ctrl Pts',(1.23447036975129,396.248995233172,13.5934198881961));
#1854=CARTESIAN_POINT('Ctrl Pts',(1.23389146474879,396.182332248212,13.5976239944271));
#1855=CARTESIAN_POINT('Ctrl Pts',(1.23870410580761,396.115753033921,13.6018281006581));
#1856=CARTESIAN_POINT('Ctrl Pts',(1.24920035542619,396.050082273608,13.6060322068891));
#1857=CARTESIAN_POINT('Ctrl Pts',(1.31527612309989,395.636673098039,13.6324978071454));
#1858=CARTESIAN_POINT('Ctrl Pts',(1.6065891810099,395.259265295565,13.6589634074016));
#1859=CARTESIAN_POINT('Ctrl Pts',(1.98978082910345,395.090628696068,13.6854290076579));
#1860=CARTESIAN_POINT('Ctrl Pts',(2.372972477197,394.921992096571,13.7118946079142));
#1861=CARTESIAN_POINT('Ctrl Pts',(2.84804271547411,394.962126700051,13.7383602081704));
#1862=CARTESIAN_POINT('Ctrl Pts',(3.19750742826384,395.192666106198,13.7648258084267));
#1863=CARTESIAN_POINT('Ctrl Pts',(3.54697214105358,395.423205512345,13.7912914086829));
#1864=CARTESIAN_POINT('Ctrl Pts',(3.77083132835595,395.844149721159,13.8177570089392));
#1865=CARTESIAN_POINT('Ctrl Pts',(3.76660982948345,396.262780824969,13.8442226091954));
#1866=CARTESIAN_POINT('Ctrl Pts',(3.76238833061095,396.681411928778,13.8706882094517));
#1867=CARTESIAN_POINT('Ctrl Pts',(3.53008614556358,397.097729927582,13.8971538097079));
#1868=CARTESIAN_POINT('Ctrl Pts',(3.17603781556294,397.321179932978,13.9236194099642));
#1869=CARTESIAN_POINT('Ctrl Pts',(2.8219894855623,397.544629938373,13.9500850102204));
#1870=CARTESIAN_POINT('Ctrl Pts',(2.34619501060838,397.57521195036,13.9765506104767));
#1871=CARTESIAN_POINT('Ctrl Pts',(1.96649047152059,397.398860102262,14.0030162107329));
#1872=CARTESIAN_POINT('Ctrl Pts',(1.58678593243281,397.222508254163,14.0294818109892));
#1873=CARTESIAN_POINT('Ctrl Pts',(1.30317132921115,396.839222545979,14.0559474112454));
#1874=CARTESIAN_POINT('Ctrl Pts',(1.24543262424966,396.424606152363,14.0824130115017));
#1875=CARTESIAN_POINT('Ctrl Pts',(1.23742823616532,396.367127368887,14.0860819703998));
#1876=CARTESIAN_POINT('Ctrl Pts',(1.23376487110005,396.309046452879,14.089750929298));
#1877=CARTESIAN_POINT('Ctrl Pts',(1.23423772034618,396.250906512762,14.0934198881961));
#1878=CARTESIAN_POINT('Ctrl Pts',(1.23707214331072,396.250708937544,13.9565805409573));
#1879=CARTESIAN_POINT('Ctrl Pts',(1.23623079965234,396.415223773755,13.9462596467702));
#1880=CARTESIAN_POINT('Ctrl Pts',(1.26606722111943,396.579445900141,13.9359387525831));
#1881=CARTESIAN_POINT('Ctrl Pts',(1.32800042404344,396.730508426475,13.925617858396));
#1882=CARTESIAN_POINT('Ctrl Pts',(1.48681412385087,397.117874129793,13.8991522581397));
#1883=CARTESIAN_POINT('Ctrl Pts',(1.8566802411321,397.418708870261,13.8726866578834));
#1884=CARTESIAN_POINT('Ctrl Pts',(2.26827250844468,397.495298184502,13.8462210576272));
#1885=CARTESIAN_POINT('Ctrl Pts',(2.67986477575727,397.571887498743,13.8197554573709));
#1886=CARTESIAN_POINT('Ctrl Pts',(3.1331831931012,397.424231386757,13.7932898571147));
#1887=CARTESIAN_POINT('Ctrl Pts',(3.42070644401595,397.119923139789,13.7668242568584));
#1888=CARTESIAN_POINT('Ctrl Pts',(3.70822969493069,396.81561489282,13.7403586566022));
#1889=CARTESIAN_POINT('Ctrl Pts',(3.82995777941623,396.354654510868,13.7138930563459));
#1890=CARTESIAN_POINT('Ctrl Pts',(3.7301636972129,395.948065353838,13.6874274560897));
#1891=CARTESIAN_POINT('Ctrl Pts',(3.63036961500956,395.541476196808,13.6609618558334));
#1892=CARTESIAN_POINT('Ctrl Pts',(3.30905336611735,395.189258264699,13.6344962555772));
#1893=CARTESIAN_POINT('Ctrl Pts',(2.91331047080225,395.052652483831,13.6080306553209));
#1894=CARTESIAN_POINT('Ctrl Pts',(2.51756757548716,394.916046702964,13.5815650550647));
#1895=CARTESIAN_POINT('Ctrl Pts',(2.04739803374918,394.995053073339,13.5550994548084));
#1896=CARTESIAN_POINT('Ctrl Pts',(1.71803983879683,395.253503582631,13.5286338545522));
#1897=CARTESIAN_POINT('Ctrl Pts',(1.41914430300491,395.488049753439,13.5046160833539));
#1898=CARTESIAN_POINT('Ctrl Pts',(1.23621713958131,395.870381207155,13.4805983121556));
#1899=CARTESIAN_POINT('Ctrl Pts',(1.23376994697781,396.250671760751,13.4565805409573));
#1900=CARTESIAN_POINT('Origin',(2.5,396.25,14.4000002145767));
#1901=CARTESIAN_POINT('',(1.23504392811033,396.248872254161,12.9565805409573));
#1902=CARTESIAN_POINT('',(1.23741039810683,396.249700518645,13.0934198881961));
#1903=CARTESIAN_POINT('',(1.2355,396.25,14.4000002145767));
#1904=CARTESIAN_POINT('Ctrl Pts',(1.23741039810683,396.249700518645,13.0934198881961));
#1905=CARTESIAN_POINT('Ctrl Pts',(1.23700240061499,396.057062006769,13.1054970595563));
#1906=CARTESIAN_POINT('Ctrl Pts',(1.27835149638864,395.864589617333,13.1175742309164));
#1907=CARTESIAN_POINT('Ctrl Pts',(1.36236097801155,395.69300405152,13.1296514022766));
#1908=CARTESIAN_POINT('Ctrl Pts',(1.54645717836052,395.316995890408,13.1561170025328));
#1909=CARTESIAN_POINT('Ctrl Pts',(1.93541368575541,395.041288770068,13.1825826027891));
#1910=CARTESIAN_POINT('Ctrl Pts',(2.35117064420402,394.992098242493,13.2090482030453));
#1911=CARTESIAN_POINT('Ctrl Pts',(2.76692760265263,394.942907714917,13.2355138033016));
#1912=CARTESIAN_POINT('Ctrl Pts',(3.20948501215496,395.120233780105,13.2619794035579));
#1913=CARTESIAN_POINT('Ctrl Pts',(3.47624509620786,395.442898652963,13.2884450038141));
#1914=CARTESIAN_POINT('Ctrl Pts',(3.74300518026076,395.765563525822,13.3149106040704));
#1915=CARTESIAN_POINT('Ctrl Pts',(3.83396793886424,396.23356720635,13.3413762043266));
#1916=CARTESIAN_POINT('Ctrl Pts',(3.70749170858403,396.632662776234,13.3678418045829));
#1917=CARTESIAN_POINT('Ctrl Pts',(3.58101547830382,397.031758346117,13.3943074048391));
#1918=CARTESIAN_POINT('Ctrl Pts',(3.23710025913992,397.361945805357,13.4207730050954));
#1919=CARTESIAN_POINT('Ctrl Pts',(2.83318641504159,397.472069415295,13.4472386053516));
#1920=CARTESIAN_POINT('Ctrl Pts',(2.42927257094325,397.582193025234,13.4737042056079));
#1921=CARTESIAN_POINT('Ctrl Pts',(1.96536010191047,397.472252785872,13.5001698058641));
#1922=CARTESIAN_POINT('Ctrl Pts',(1.65382310611278,397.192577391858,13.5266354061204));
#1923=CARTESIAN_POINT('Ctrl Pts',(1.39177429922971,396.957328916381,13.5488969001456));
#1924=CARTESIAN_POINT('Ctrl Pts',(1.23753577522543,396.601987655307,13.5711583941709));
#1925=CARTESIAN_POINT('Ctrl Pts',(1.23447036975129,396.248995233172,13.5934198881961));
#1926=CARTESIAN_POINT('Ctrl Pts',(1.23376994697781,396.250671760751,13.4565805409573));
#1927=CARTESIAN_POINT('Ctrl Pts',(1.2335205354435,396.289429989393,13.4541327118993));
#1928=CARTESIAN_POINT('Ctrl Pts',(1.23514579800109,396.328167018881,13.4516848828414));
#1929=CARTESIAN_POINT('Ctrl Pts',(1.23871402871358,396.366724238376,13.4492370537834));
#1930=CARTESIAN_POINT('Ctrl Pts',(1.27729326174942,396.78359973662,13.4227714535271));
#1931=CARTESIAN_POINT('Ctrl Pts',(1.54299857598783,397.179456084899,13.3963058532709));
#1932=CARTESIAN_POINT('Ctrl Pts',(1.91419303767228,397.373074792018,13.3698402530146));
#1933=CARTESIAN_POINT('Ctrl Pts',(2.28538749935673,397.566693499137,13.3433746527584));
#1934=CARTESIAN_POINT('Ctrl Pts',(2.76207110848722,397.558074565096,13.3169090525021));
#1935=CARTESIAN_POINT('Ctrl Pts',(3.12602355605903,397.351163618698,13.2904434522459));
#1936=CARTESIAN_POINT('Ctrl Pts',(3.48997600363084,397.144252672301,13.2639778519896));
#1937=CARTESIAN_POINT('Ctrl Pts',(3.74119728964396,396.739049713547,13.2375122517334));
#1938=CARTESIAN_POINT('Ctrl Pts',(3.76468115158316,396.32105206089,13.2110466514771));
#1939=CARTESIAN_POINT('Ctrl Pts',(3.78816501352236,395.903054408232,13.1845810512209));
#1940=CARTESIAN_POINT('Ctrl Pts',(3.58391145138763,395.47226206167,13.1581154509646));
#1941=CARTESIAN_POINT('Ctrl Pts',(3.24542543044557,395.225886855897,13.1316498507084));
#1942=CARTESIAN_POINT('Ctrl Pts',(2.90693940950351,394.979511650123,13.1051842504521));
#1943=CARTESIAN_POINT('Ctrl Pts',(2.43422092975411,394.917553585138,13.0787186501959));
#1944=CARTESIAN_POINT('Ctrl Pts',(2.0436751347889,395.068376360991,13.0522530499396));
#1945=CARTESIAN_POINT('Ctrl Pts',(1.65312933982368,395.219199136843,13.0257874496834));
#1946=CARTESIAN_POINT('Ctrl Pts',(1.34475622964264,395.582802753533,12.9993218494271));
#1947=CARTESIAN_POINT('Ctrl Pts',(1.25972551013888,395.992733607464,12.9728562491708));
#1948=CARTESIAN_POINT('Ctrl Pts',(1.2422948937106,396.0767661491,12.9674310130997));
#1949=CARTESIAN_POINT('Ctrl Pts',(1.2342495078142,396.162745440745,12.9620057770285));
#1950=CARTESIAN_POINT('Ctrl Pts',(1.23504392811033,396.248872254161,12.9565805409573));
#1951=CARTESIAN_POINT('Origin',(2.5,396.25,14.4000002145767));
#1952=CARTESIAN_POINT('',(1.23747563404414,396.250017162819,12.4565805409573));
#1953=CARTESIAN_POINT('',(1.23556893416835,396.251156900618,12.5934198881961));
#1954=CARTESIAN_POINT('',(1.2355,396.25,14.4000002145767));
#1955=CARTESIAN_POINT('Ctrl Pts',(1.23556893416835,396.251156900618,12.5934198881961));
#1956=CARTESIAN_POINT('Ctrl Pts',(1.23844910901369,395.934105585804,12.6133701246854));
#1957=CARTESIAN_POINT('Ctrl Pts',(1.35940327850177,395.61509545993,12.6333203611747));
#1958=CARTESIAN_POINT('Ctrl Pts',(1.57500815284514,395.38463469424,12.653270597664));
#1959=CARTESIAN_POINT('Ctrl Pts',(1.86102543493259,395.078909872243,12.6797361979203));
#1960=CARTESIAN_POINT('Ctrl Pts',(2.31361059505655,394.929015680879,12.7062017981765));
#1961=CARTESIAN_POINT('Ctrl Pts',(2.72557529165724,395.00357197672,12.7326673984328));
#1962=CARTESIAN_POINT('Ctrl Pts',(3.13753998825794,395.078128272562,12.759132998689));
#1963=CARTESIAN_POINT('Ctrl Pts',(3.50888422133537,395.37713505561,12.7855985989453));
#1964=CARTESIAN_POINT('Ctrl Pts',(3.66961082185986,395.763710420213,12.8120641992016));
#1965=CARTESIAN_POINT('Ctrl Pts',(3.83033742238434,396.150285784817,12.8385297994578));
#1966=CARTESIAN_POINT('Ctrl Pts',(3.78044639035588,396.624429730977,12.8649953997141));
#1967=CARTESIAN_POINT('Ctrl Pts',(3.5427772736842,396.969084548196,12.8914609999703));
#1968=CARTESIAN_POINT('Ctrl Pts',(3.30510815701252,397.313739365416,12.9179266002266));
#1969=CARTESIAN_POINT('Ctrl Pts',(2.87966095569762,397.528905053694,12.9443922004828));
#1970=CARTESIAN_POINT('Ctrl Pts',(2.46120056115247,397.516081210239,12.9708578007391));
#1971=CARTESIAN_POINT('Ctrl Pts',(2.04274016660732,397.503257366783,12.9973234009953));
#1972=CARTESIAN_POINT('Ctrl Pts',(1.63126657883191,397.262443991593,13.0237890012516));
#1973=CARTESIAN_POINT('Ctrl Pts',(1.41514773159573,396.903882703055,13.0502546015078));
#1974=CARTESIAN_POINT('Ctrl Pts',(1.29765141046729,396.708945367228,13.0646430304039));
#1975=CARTESIAN_POINT('Ctrl Pts',(1.23789647574257,396.47920504815,13.0790314593));
#1976=CARTESIAN_POINT('Ctrl Pts',(1.23741039810683,396.249700518645,13.0934198881961));
#1977=CARTESIAN_POINT('Ctrl Pts',(1.23504392811033,396.248872254161,12.9565805409573));
#1978=CARTESIAN_POINT('Ctrl Pts',(1.23812488018822,396.582892653751,12.9355401767722));
#1979=CARTESIAN_POINT('Ctrl Pts',(1.37416306504645,396.919131890027,12.9144998125871));
#1980=CARTESIAN_POINT('Ctrl Pts',(1.6113430121605,397.152638113695,12.8934594484021));
#1981=CARTESIAN_POINT('Ctrl Pts',(1.90967956251238,397.446353674822,12.8669938481458));
#1982=CARTESIAN_POINT('Ctrl Pts',(2.36804099204261,397.577526705904,12.8405282478896));
#1983=CARTESIAN_POINT('Ctrl Pts',(2.77659464889728,397.486107684154,12.8140626476333));
#1984=CARTESIAN_POINT('Ctrl Pts',(3.18514830575195,397.394688662404,12.7875970473771));
#1985=CARTESIAN_POINT('Ctrl Pts',(3.54389418993105,397.080677587822,12.7611314471208));
#1986=CARTESIAN_POINT('Ctrl Pts',(3.68860251344602,396.687825161035,12.7346658468646));
#1987=CARTESIAN_POINT('Ctrl Pts',(3.83331083696099,396.294972734249,12.7082002466083));
#1988=CARTESIAN_POINT('Ctrl Pts',(3.76398159981182,395.823278955257,12.6817346463521));
#1989=CARTESIAN_POINT('Ctrl Pts',(3.51235293875402,395.488679874201,12.6552690460958));
#1990=CARTESIAN_POINT('Ctrl Pts',(3.26072427769622,395.154080793145,12.6288034458396));
#1991=CARTESIAN_POINT('Ctrl Pts',(2.8267961927298,394.956576410026,12.6023378455833));
#1992=CARTESIAN_POINT('Ctrl Pts',(2.40921602857923,394.98658198639,12.5758722453271));
#1993=CARTESIAN_POINT('Ctrl Pts',(1.99163586442866,395.016587562753,12.5494066450708));
#1994=CARTESIAN_POINT('Ctrl Pts',(1.59040362109395,395.274103098598,12.5229410448145));
#1995=CARTESIAN_POINT('Ctrl Pts',(1.38919885870649,395.641240908832,12.4964754445583));
#1996=CARTESIAN_POINT('Ctrl Pts',(1.28809850552112,395.825718462156,12.483177143358));
#1997=CARTESIAN_POINT('Ctrl Pts',(1.23750130609509,396.037873565348,12.4698788421576));
#1998=CARTESIAN_POINT('Ctrl Pts',(1.23747563404414,396.250017162819,12.4565805409573));
#1999=CARTESIAN_POINT('Origin',(2.5,396.25,14.4000002145767));
#2000=CARTESIAN_POINT('',(1.23498089673144,396.251119060133,11.9565805409573));
#2001=CARTESIAN_POINT('',(1.23347259223567,396.24960785284,12.0934198881961));
#2002=CARTESIAN_POINT('',(1.2355,396.25,14.4000002145767));
#2003=CARTESIAN_POINT('Ctrl Pts',(1.23347259223567,396.24960785284,12.0934198881961));
#2004=CARTESIAN_POINT('Ctrl Pts',(1.23338515239565,396.228123768592,12.0947775895583));
#2005=CARTESIAN_POINT('Ctrl Pts',(1.23388446456724,396.206643833444,12.0961352909205));
#2006=CARTESIAN_POINT('Ctrl Pts',(1.23498328424225,396.185194610394,12.0974929922827));
#2007=CARTESIAN_POINT('Ctrl Pts',(1.25640251757465,395.767086049225,12.123958592539));
#2008=CARTESIAN_POINT('Ctrl Pts',(1.50561959662024,395.36064731657,12.1504241927952));
#2009=CARTESIAN_POINT('Ctrl Pts',(1.86854577548851,395.151941444177,12.1768897930515));
#2010=CARTESIAN_POINT('Ctrl Pts',(2.23147195435677,394.943235571784,12.2033553933077));
#2011=CARTESIAN_POINT('Ctrl Pts',(2.70810723304771,394.932262559652,12.229820993564));
#2012=CARTESIAN_POINT('Ctrl Pts',(3.0802533989803,395.124045727999,12.2562865938202));
#2013=CARTESIAN_POINT('Ctrl Pts',(3.4523995649129,395.315828896346,12.2827521940765));
#2014=CARTESIAN_POINT('Ctrl Pts',(3.72005661808716,395.710368245172,12.3092177943327));
#2015=CARTESIAN_POINT('Ctrl Pts',(3.76069420206486,396.127048145396,12.335683394589));
#2016=CARTESIAN_POINT('Ctrl Pts',(3.80133178604257,396.543728045619,12.3621489948452));
#2017=CARTESIAN_POINT('Ctrl Pts',(3.61494990082373,396.98254849724,12.3886145951015));
#2018=CARTESIAN_POINT('Ctrl Pts',(3.2868720548298,397.242622485642,12.4150801953578));
#2019=CARTESIAN_POINT('Ctrl Pts',(2.95879420883587,397.502696474045,12.441545795614));
#2020=CARTESIAN_POINT('Ctrl Pts',(2.48902040206685,397.58402399923,12.4680113958703));
#2021=CARTESIAN_POINT('Ctrl Pts',(2.092607743242,397.44937424467,12.4944769961265));
#2022=CARTESIAN_POINT('Ctrl Pts',(1.69619508441715,397.314724490109,12.5209425963828));
#2023=CARTESIAN_POINT('Ctrl Pts',(1.37314357353647,396.964097455803,12.547408196639));
#2024=CARTESIAN_POINT('Ctrl Pts',(1.2713425201216,396.558006212335,12.5738737968953));
#2025=CARTESIAN_POINT('Ctrl Pts',(1.24628089716823,396.458033714143,12.5803891606622));
#2026=CARTESIAN_POINT('Ctrl Pts',(1.23462832442471,396.354699765882,12.5869045244292));
#2027=CARTESIAN_POINT('Ctrl Pts',(1.23556893416835,396.251156900618,12.5934198881961));
#2028=CARTESIAN_POINT('Ctrl Pts',(1.23747563404414,396.250017162819,12.4565805409573));
#2029=CARTESIAN_POINT('Ctrl Pts',(1.23745021488968,396.46007092447,12.4434132419014));
#2030=CARTESIAN_POINT('Ctrl Pts',(1.28700486608777,396.67011340597,12.4302459428455));
#2031=CARTESIAN_POINT('Ctrl Pts',(1.38620596043993,396.853265815386,12.4170786437895));
#2032=CARTESIAN_POINT('Ctrl Pts',(1.58559510600103,397.221392827084,12.3906130435333));
#2033=CARTESIAN_POINT('Ctrl Pts',(1.98555067856341,397.480886765855,12.364147443277));
#2034=CARTESIAN_POINT('Ctrl Pts',(2.40297756338109,397.512954256246,12.3376818430208));
#2035=CARTESIAN_POINT('Ctrl Pts',(2.82040444819875,397.545021746636,12.3112162427645));
#2036=CARTESIAN_POINT('Ctrl Pts',(3.2553026452717,397.349662788645,12.2847506425083));
#2037=CARTESIAN_POINT('Ctrl Pts',(3.50858070354759,397.01631049256,12.258285042252));
#2038=CARTESIAN_POINT('Ctrl Pts',(3.76185876182347,396.682958196475,12.2318194419958));
#2039=CARTESIAN_POINT('Ctrl Pts',(3.83351668130228,396.211612562296,12.2053538417395));
#2040=CARTESIAN_POINT('Ctrl Pts',(3.6907502809963,395.818050263476,12.1788882414833));
#2041=CARTESIAN_POINT('Ctrl Pts',(3.54798388069033,395.424487964656,12.152422641227));
#2042=CARTESIAN_POINT('Ctrl Pts',(3.19079316059957,395.108709001195,12.1259570409708));
#2043=CARTESIAN_POINT('Ctrl Pts',(2.78269597212752,395.015273393047,12.0994914407145));
#2044=CARTESIAN_POINT('Ctrl Pts',(2.37459878365546,394.921837784898,12.0730258404582));
#2045=CARTESIAN_POINT('Ctrl Pts',(1.91559512680211,395.050745532063,12.046560240202));
#2046=CARTESIAN_POINT('Ctrl Pts',(1.61581165809463,395.342984133207,12.0200946399457));
#2047=CARTESIAN_POINT('Ctrl Pts',(1.37599750031713,395.576762714479,11.9989232736163));
#2048=CARTESIAN_POINT('Ctrl Pts',(1.23807354130359,395.915062043844,11.9777519072868));
#2049=CARTESIAN_POINT('Ctrl Pts',(1.23498089673144,396.251119060133,11.9565805409573));
#2050=CARTESIAN_POINT('Origin',(2.5,396.25,14.4000002145767));
#2051=CARTESIAN_POINT('',(1.23381412330659,396.249297905366,11.4565805409573));
#2052=CARTESIAN_POINT('',(1.23672818319153,396.24908617582,11.5934198881961));
#2053=CARTESIAN_POINT('',(1.2355,396.25,14.4000002145767));
#2054=CARTESIAN_POINT('Ctrl Pts',(1.23672818319153,396.24908617582,11.5934198881961));
#2055=CARTESIAN_POINT('Ctrl Pts',(1.23574519574307,396.102048719947,11.6026506546875));
#2056=CARTESIAN_POINT('Ctrl Pts',(1.25945505824362,395.955318305872,11.6118814211788));
#2057=CARTESIAN_POINT('Ctrl Pts',(1.30924963622009,395.818050233446,11.6211121876702));
#2058=CARTESIAN_POINT('Ctrl Pts',(1.45201604645155,395.424487907265,11.6475777879264));
#2059=CARTESIAN_POINT('Ctrl Pts',(1.80920679137504,395.10870892185,11.6740433881827));
#2060=CARTESIAN_POINT('Ctrl Pts',(2.21730400821895,395.015273307205,11.7005089884389));
#2061=CARTESIAN_POINT('Ctrl Pts',(2.62540122506285,394.921837692561,11.7269745886952));
#2062=CARTESIAN_POINT('Ctrl Pts',(3.08440491382718,395.050745448688,11.7534401889514));
#2063=CARTESIAN_POINT('Ctrl Pts',(3.38418840337625,395.342984070149,11.7799057892077));
#2064=CARTESIAN_POINT('Ctrl Pts',(3.68397189292531,395.63522269161,11.8063713894639));
#2065=CARTESIAN_POINT('Ctrl Pts',(3.82453518325914,396.090792178406,11.8328369897202));
#2066=CARTESIAN_POINT('Ctrl Pts',(3.74152999787215,396.501137998025,11.8593025899765));
#2067=CARTESIAN_POINT('Ctrl Pts',(3.65852481248517,396.911483817643,11.8857681902327));
#2068=CARTESIAN_POINT('Ctrl Pts',(3.35195115137737,397.276605970085,11.912233790489));
#2069=CARTESIAN_POINT('Ctrl Pts',(2.96215495172379,397.429355684374,11.9386993907452));
#2070=CARTESIAN_POINT('Ctrl Pts',(2.57235875207021,397.582105398663,11.9651649910015));
#2071=CARTESIAN_POINT('Ctrl Pts',(2.09934001387085,397.522482674798,11.9916305912577));
#2072=CARTESIAN_POINT('Ctrl Pts',(1.75964133858076,397.277782118024,12.018096191514));
#2073=CARTESIAN_POINT('Ctrl Pts',(1.43736941158702,397.045634848386,12.043204090408));
#2074=CARTESIAN_POINT('Ctrl Pts',(1.2350896125345,396.646911877229,12.0683119893021));
#2075=CARTESIAN_POINT('Ctrl Pts',(1.23347259223567,396.24960785284,12.0934198881961));
#2076=CARTESIAN_POINT('Ctrl Pts',(1.23498089673144,396.251119060133,11.9565805409573));
#2077=CARTESIAN_POINT('Ctrl Pts',(1.23420753219924,396.335155415145,11.9512863070305));
#2078=CARTESIAN_POINT('Ctrl Pts',(1.24186555902371,396.419051551848,11.9459920731038));
#2079=CARTESIAN_POINT('Ctrl Pts',(1.25847008844178,396.501137980565,11.940697839177));
#2080=CARTESIAN_POINT('Ctrl Pts',(1.34147526805801,396.911483771656,11.9142322389207));
#2081=CARTESIAN_POINT('Ctrl Pts',(1.64804890785208,397.276605898713,11.8877666386645));
#2082=CARTESIAN_POINT('Ctrl Pts',(2.03784508040613,397.429355602382,11.8613010384082));
#2083=CARTESIAN_POINT('Ctrl Pts',(2.42764125296018,397.582105306052,11.834835438152));
#2084=CARTESIAN_POINT('Ctrl Pts',(2.90065995827423,397.522482586333,11.8083698378957));
#2085=CARTESIAN_POINT('Ctrl Pts',(3.24035860994773,397.27778204657,11.7819042376395));
#2086=CARTESIAN_POINT('Ctrl Pts',(3.58005726162122,397.033081506808,11.7554386373832));
#2087=CARTESIAN_POINT('Ctrl Pts',(3.78643585965417,396.603303147002,11.728973037127));
#2088=CARTESIAN_POINT('Ctrl Pts',(3.76501662781094,396.1851946149,11.7025074368707));
#2089=CARTESIAN_POINT('Ctrl Pts',(3.74359739596771,395.767086082798,11.6760418366144));
#2090=CARTESIAN_POINT('Ctrl Pts',(3.49438033424829,395.3606473784,11.6495762363582));
#2091=CARTESIAN_POINT('Ctrl Pts',(3.13145418061149,395.151941520517,11.6231106361019));
#2092=CARTESIAN_POINT('Ctrl Pts',(2.7685280269747,394.943235662633,11.5966450358457));
#2093=CARTESIAN_POINT('Ctrl Pts',(2.29189278142052,394.932262651264,11.5701794355894));
#2094=CARTESIAN_POINT('Ctrl Pts',(1.91974664136035,395.124045806278,11.5437138353332));
#2095=CARTESIAN_POINT('Ctrl Pts',(1.54760050130017,395.315828961291,11.5172482350769));
#2096=CARTESIAN_POINT('Ctrl Pts',(1.27994346673399,395.710368282688,11.4907826348207));
#2097=CARTESIAN_POINT('Ctrl Pts',(1.23930588558145,396.127048153943,11.4643170345644));
#2098=CARTESIAN_POINT('Ctrl Pts',(1.23534612418361,396.167649804501,11.461738203362));
#2099=CARTESIAN_POINT('Ctrl Pts',(1.23354184979244,396.208461673464,11.4591593721597));
#2100=CARTESIAN_POINT('Ctrl Pts',(1.23381412330659,396.249297905366,11.4565805409573));
#2101=CARTESIAN_POINT('Origin',(2.5,396.25,14.4000002145767));
#2102=CARTESIAN_POINT('',(1.23710501836262,396.249317251445,10.9565805409573));
#2103=CARTESIAN_POINT('',(1.23677395112766,396.250892075947,11.0934198881961));
#2104=CARTESIAN_POINT('',(1.2355,396.25,14.4000002145767));
#2105=CARTESIAN_POINT('Ctrl Pts',(1.23677395112766,396.250892075947,11.0934198881961));
#2106=CARTESIAN_POINT('Ctrl Pts',(1.23854786588056,395.978419258932,11.1105237198166));
#2107=CARTESIAN_POINT('Ctrl Pts',(1.32502779813319,395.704920023089,11.1276275514371));
#2108=CARTESIAN_POINT('Ctrl Pts',(1.48764699086499,395.488679821272,11.1447313830576));
#2109=CARTESIAN_POINT('Ctrl Pts',(1.73927566941661,395.154080716955,11.1711969833139));
#2110=CARTESIAN_POINT('Ctrl Pts',(2.17320378455073,394.956576320104,11.1976625835701));
#2111=CARTESIAN_POINT('Ctrl Pts',(2.59078397773242,394.986581898554,11.2241281838264));
#2112=CARTESIAN_POINT('Ctrl Pts',(3.00836417091411,395.016587477003,11.2505937840826));
#2113=CARTESIAN_POINT('Ctrl Pts',(3.40959644214336,395.274103030752,11.2770593843389));
#2114=CARTESIAN_POINT('Ctrl Pts',(3.61080121851898,395.64124086651,11.3035249845951));
#2115=CARTESIAN_POINT('Ctrl Pts',(3.8120059948946,396.008378702269,11.3299905848514));
#2116=CARTESIAN_POINT('Ctrl Pts',(3.8131832764166,396.485138820037,11.3564561851076));
#2117=CARTESIAN_POINT('Ctrl Pts',(3.61379411699349,396.853265857327,11.3829217853639));
#2118=CARTESIAN_POINT('Ctrl Pts',(3.41440495757037,397.221392894617,11.4093873856201));
#2119=CARTESIAN_POINT('Ctrl Pts',(3.01444935720213,397.480886851429,11.4358529858764));
#2120=CARTESIAN_POINT('Ctrl Pts',(2.59702244336399,397.512954344049,11.4623185861327));
#2121=CARTESIAN_POINT('Ctrl Pts',(2.17959552952586,397.545021836669,11.4887841863889));
#2122=CARTESIAN_POINT('Ctrl Pts',(1.74469730221783,397.349662865096,11.5152497866452));
#2123=CARTESIAN_POINT('Ctrl Pts',(1.49141922633352,397.016310545836,11.5417153869014));
#2124=CARTESIAN_POINT('Ctrl Pts',(1.32648038149737,396.799226037947,11.5589502206663));
#2125=CARTESIAN_POINT('Ctrl Pts',(1.23856352647349,396.523620919122,11.5761850544312));
#2126=CARTESIAN_POINT('Ctrl Pts',(1.23672818319153,396.24908617582,11.5934198881961));
#2127=CARTESIAN_POINT('Ctrl Pts',(1.23381412330659,396.249297905366,11.4565805409573));
#2128=CARTESIAN_POINT('Ctrl Pts',(1.23633609316101,396.627548967162,11.4326937719034));
#2129=CARTESIAN_POINT('Ctrl Pts',(1.41701836630397,397.007890281112,11.4088070028495));
#2130=CARTESIAN_POINT('Ctrl Pts',(1.7131279998752,397.242622416633,11.3849202337957));
#2131=CARTESIAN_POINT('Ctrl Pts',(2.04120582306039,397.502696386955,11.3584546335394));
#2132=CARTESIAN_POINT('Ctrl Pts',(2.51097959716966,397.584023906485,11.3319890332832));
#2133=CARTESIAN_POINT('Ctrl Pts',(2.90739222843503,397.449374161286,11.3055234330269));
#2134=CARTESIAN_POINT('Ctrl Pts',(3.3038048597004,397.314724416087,11.2790578327707));
#2135=CARTESIAN_POINT('Ctrl Pts',(3.62685634812186,396.964097406157,11.2525922325144));
#2136=CARTESIAN_POINT('Ctrl Pts',(3.72865739445933,396.558006190922,11.2261266322582));
#2137=CARTESIAN_POINT('Ctrl Pts',(3.8304584407968,396.151914975687,11.1996610320019));
#2138=CARTESIAN_POINT('Ctrl Pts',(3.71100904505028,395.690359555145,11.1731954317456));
#2139=CARTESIAN_POINT('Ctrl Pts',(3.42499178284743,395.384634754403,11.1467298314894));
#2140=CARTESIAN_POINT('Ctrl Pts',(3.13897452064459,395.07890995366,11.1202642312331));
#2141=CARTESIAN_POINT('Ctrl Pts',(2.68638939198542,394.929015772717,11.0937986309769));
#2142=CARTESIAN_POINT('Ctrl Pts',(2.27442472402542,395.003572063375,11.0673330307206));
#2143=CARTESIAN_POINT('Ctrl Pts',(1.86246005606542,395.078128354033,11.0408674304644));
#2144=CARTESIAN_POINT('Ctrl Pts',(1.49111584880459,395.377135116292,11.0144018302081));
#2145=CARTESIAN_POINT('Ctrl Pts',(1.33038925945416,395.763710454021,10.9879362299519));
#2146=CARTESIAN_POINT('Ctrl Pts',(1.26691449850615,395.916378268661,10.9774843336203));
#2147=CARTESIAN_POINT('Ctrl Pts',(1.23628867957023,396.08270370172,10.9670324372888));
#2148=CARTESIAN_POINT('Ctrl Pts',(1.23710501836262,396.249317251445,10.9565805409573));
#2149=CARTESIAN_POINT('Origin',(2.5,396.25,14.4000002145767));
#2150=CARTESIAN_POINT('',(1.23630485926766,396.251061710956,10.4565805409573));
#2151=CARTESIAN_POINT('',(1.23350094593645,396.250427966337,10.5934198881961));
#2152=CARTESIAN_POINT('',(1.2355,396.25,14.4000002145767));
#2153=CARTESIAN_POINT('Ctrl Pts',(1.23350094593645,396.250427966337,10.5934198881961));
#2154=CARTESIAN_POINT('Ctrl Pts',(1.23523836013579,395.855173320496,10.6183967849458));
#2155=CARTESIAN_POINT('Ctrl Pts',(1.43512848581873,395.458403275709,10.6433736816954));
#2156=CARTESIAN_POINT('Ctrl Pts',(1.75457451773038,395.225886784698,10.6683505784451));
#2157=CARTESIAN_POINT('Ctrl Pts',(2.09306056220428,394.979511561795,10.6948161787013));
#2158=CARTESIAN_POINT('Ctrl Pts',(2.56577907481914,394.917553492504,10.7212817789576));
#2159=CARTESIAN_POINT('Ctrl Pts',(2.95632489693622,395.068376278842,10.7477473792138));
#2160=CARTESIAN_POINT('Ctrl Pts',(3.3468707190533,395.21919906518,10.7742129794701));
#2161=CARTESIAN_POINT('Ctrl Pts',(3.6552438506726,395.582802707148,10.8006785797263));
#2162=CARTESIAN_POINT('Ctrl Pts',(3.74027457608771,395.992733589579,10.8271441799826));
#2163=CARTESIAN_POINT('Ctrl Pts',(3.82530530150283,396.402664472009,10.8536097802388));
#2164=CARTESIAN_POINT('Ctrl Pts',(3.68699362071377,396.858922594902,10.8800753804951));
#2165=CARTESIAN_POINT('Ctrl Pts',(3.3886570496209,397.152638176449,10.9065409807513));
#2166=CARTESIAN_POINT('Ctrl Pts',(3.09032047852803,397.446353757996,10.9330065810076));
#2167=CARTESIAN_POINT('Ctrl Pts',(2.63195901713133,397.577526798197,10.9594721812638));
#2168=CARTESIAN_POINT('Ctrl Pts',(2.22340533187307,397.486107770091,10.9859377815201));
#2169=CARTESIAN_POINT('Ctrl Pts',(1.81485164661481,397.394688741985,11.0124033817764));
#2170=CARTESIAN_POINT('Ctrl Pts',(1.45610573749497,397.080677645573,11.0388689820326));
#2171=CARTESIAN_POINT('Ctrl Pts',(1.31139740391961,396.687825191474,11.0653345822889));
#2172=CARTESIAN_POINT('Ctrl Pts',(1.26020922282863,396.548860129369,11.0746963509246));
#2173=CARTESIAN_POINT('Ctrl Pts',(1.23580300029835,396.400029855657,11.0840581195604));
#2174=CARTESIAN_POINT('Ctrl Pts',(1.23677395112766,396.250892075947,11.0934198881961));
#2175=CARTESIAN_POINT('Ctrl Pts',(1.23710501836262,396.249317251445,10.9565805409573));
#2176=CARTESIAN_POINT('Ctrl Pts',(1.23835575864065,396.504591506997,10.9405668370326));
#2177=CARTESIAN_POINT('Ctrl Pts',(1.31341489100038,396.760542097426,10.9245531331078));
#2178=CARTESIAN_POINT('Ctrl Pts',(1.45722279881199,396.969084498204,10.9085394291831));
#2179=CARTESIAN_POINT('Ctrl Pts',(1.6948918989603,397.313739291462,10.8820738289269));
#2180=CARTESIAN_POINT('Ctrl Pts',(2.12033907069697,397.52890496478,10.8556082286706));
#2181=CARTESIAN_POINT('Ctrl Pts',(2.53879943614988,397.516081122217,10.8291426284144));
#2182=CARTESIAN_POINT('Ctrl Pts',(2.95725980160279,397.503257279653,10.8026770281581));
#2183=CARTESIAN_POINT('Ctrl Pts',(3.36873336077194,397.262443921209,10.7762114279018));
#2184=CARTESIAN_POINT('Ctrl Pts',(3.58485219298299,396.903882657597,10.7497458276456));
#2185=CARTESIAN_POINT('Ctrl Pts',(3.80097102519404,396.545321393986,10.7232802273893));
#2186=CARTESIAN_POINT('Ctrl Pts',(3.82173513044697,396.069012225208,10.6968146271331));
#2187=CARTESIAN_POINT('Ctrl Pts',(3.63763894289699,395.69300409024,10.6703490268768));
#2188=CARTESIAN_POINT('Ctrl Pts',(3.45354275534701,395.316995955272,10.6438834266206));
#2189=CARTESIAN_POINT('Ctrl Pts',(3.06458627499412,395.041288854114,10.6174178263643));
#2190=CARTESIAN_POINT('Ctrl Pts',(2.64882934544968,394.992098329951,10.5909522261081));
#2191=CARTESIAN_POINT('Ctrl Pts',(2.23307241590524,394.942907805789,10.5644866258518));
#2192=CARTESIAN_POINT('Ctrl Pts',(1.79051503716924,395.120233858623,10.5380210255956));
#2193=CARTESIAN_POINT('Ctrl Pts',(1.52375497166218,395.442898709062,10.5115554253393));
#2194=CARTESIAN_POINT('Ctrl Pts',(1.33904848957473,395.666314044129,10.4932304638786));
#2195=CARTESIAN_POINT('Ctrl Pts',(1.23862401590777,395.959408747661,10.474905502418));
#2196=CARTESIAN_POINT('Ctrl Pts',(1.23630485926766,396.251061710956,10.4565805409573));
#2197=CARTESIAN_POINT('Origin',(2.5,396.25,14.4000002145767));
#2198=CARTESIAN_POINT('',(1.23333205244841,396.250082929104,9.95658054095728));
#2199=CARTESIAN_POINT('',(1.23550638435,396.248842581122,10.0934198881961));
#2200=CARTESIAN_POINT('',(1.2355,396.25,14.4000002145767));
#2201=CARTESIAN_POINT('Ctrl Pts',(1.23550638435,396.248842581122,10.0934198881961));
#2202=CARTESIAN_POINT('Ctrl Pts',(1.23458013331044,396.14739437459,10.0998042498187));
#2203=CARTESIAN_POINT('Ctrl Pts',(1.24576264457031,396.046147838716,10.1061886114412));
#2204=CARTESIAN_POINT('Ctrl Pts',(1.26983621732209,395.948065332933,10.1125729730638));
#2205=CARTESIAN_POINT('Ctrl Pts',(1.36963030651327,395.541476147722,10.13903857332));
#2206=CARTESIAN_POINT('Ctrl Pts',(1.69094657763193,395.189258190955,10.1655041735763));
#2207=CARTESIAN_POINT('Ctrl Pts',(2.08668950043319,395.052652400547,10.1919697738325));
#2208=CARTESIAN_POINT('Ctrl Pts',(2.48243242323445,394.916046610139,10.2184353740888));
#2209=CARTESIAN_POINT('Ctrl Pts',(2.9526019977183,394.995052986092,10.244900974345));
#2210=CARTESIAN_POINT('Ctrl Pts',(3.28196021558251,395.253503513373,10.2713665746013));
#2211=CARTESIAN_POINT('Ctrl Pts',(3.61131843344673,395.511954040654,10.2978321748575));
#2212=CARTESIAN_POINT('Ctrl Pts',(3.7998652946913,395.949848719265,10.3242977751138));
#2213=CARTESIAN_POINT('Ctrl Pts',(3.76128605896591,396.366724246481,10.35076337537));
#2214=CARTESIAN_POINT('Ctrl Pts',(3.72270682324052,396.783599773696,10.3772289756263));
#2215=CARTESIAN_POINT('Ctrl Pts',(3.45700149054517,397.179456149517,10.4036945758825));
#2216=CARTESIAN_POINT('Ctrl Pts',(3.08580700305823,397.373074870102,10.4301601761388));
#2217=CARTESIAN_POINT('Ctrl Pts',(2.71461251557131,397.566693590687,10.456625776395));
#2218=CARTESIAN_POINT('Ctrl Pts',(2.23792887329279,397.558074656036,10.4830913766513));
#2219=CARTESIAN_POINT('Ctrl Pts',(1.87397640041626,397.351163695251,10.5095569769076));
#2220=CARTESIAN_POINT('Ctrl Pts',(1.51002392753972,397.144252734466,10.5360225771638));
#2221=CARTESIAN_POINT('Ctrl Pts',(1.25880262406516,396.739049747547,10.5624881774201));
#2222=CARTESIAN_POINT('Ctrl Pts',(1.23531876049435,396.32105206583,10.5889537776763));
#2223=CARTESIAN_POINT('Ctrl Pts',(1.23399778119639,396.297539483138,10.5904424811829));
#2224=CARTESIAN_POINT('Ctrl Pts',(1.23339739045328,396.273986416498,10.5919311846895));
#2225=CARTESIAN_POINT('Ctrl Pts',(1.23350094593645,396.250427966337,10.5934198881961));
#2226=CARTESIAN_POINT('Ctrl Pts',(1.23630485926766,396.251061710956,10.4565805409573));
#2227=CARTESIAN_POINT('Ctrl Pts',(1.23527460244786,396.380624953582,10.4484399021617));
#2228=CARTESIAN_POINT('Ctrl Pts',(1.25360514908636,396.5099036729,10.4402992633661));
#2229=CARTESIAN_POINT('Ctrl Pts',(1.29250837536465,396.632662749656,10.4321586245706));
#2230=CARTESIAN_POINT('Ctrl Pts',(1.4189845968523,397.031758291768,10.4056930243143));
#2231=CARTESIAN_POINT('Ctrl Pts',(1.76289979210572,397.361945727949,10.3792274240581));
#2232=CARTESIAN_POINT('Ctrl Pts',(2.16681360812079,397.472069330282,10.3527618238018));
#2233=CARTESIAN_POINT('Ctrl Pts',(2.57072742413585,397.582192932616,10.3262962235456));
#2234=CARTESIAN_POINT('Ctrl Pts',(3.03463986091257,397.472252701102,10.2998306232893));
#2235=CARTESIAN_POINT('Ctrl Pts',(3.34617683505927,397.192577326431,10.273365023033));
#2236=CARTESIAN_POINT('Ctrl Pts',(3.65771380920597,396.912901951761,10.2468994227768));
#2237=CARTESIAN_POINT('Ctrl Pts',(3.81687532072266,396.463491433935,10.2204338225205));
#2238=CARTESIAN_POINT('Ctrl Pts',(3.75079955761958,396.050082287301,10.1939682222643));
#2239=CARTESIAN_POINT('Ctrl Pts',(3.6847237945165,395.636673140668,10.167502622008));
#2240=CARTESIAN_POINT('Ctrl Pts',(3.39341075679367,395.259265365228,10.1410370217518));
#2241=CARTESIAN_POINT('Ctrl Pts',(3.01021913540177,395.090628777079,10.1145714214955));
#2242=CARTESIAN_POINT('Ctrl Pts',(2.62702751400988,394.921992188931,10.0881058212393));
#2243=CARTESIAN_POINT('Ctrl Pts',(2.15195730894893,394.962126788073,10.061640220983));
#2244=CARTESIAN_POINT('Ctrl Pts',(1.80249262028646,395.192666178919,10.0351746207268));
#2245=CARTESIAN_POINT('Ctrl Pts',(1.4565611047667,395.420874760357,10.0089765941369));
#2246=CARTESIAN_POINT('Ctrl Pts',(1.2337081399235,395.835657518445,9.98277856754711));
#2247=CARTESIAN_POINT('Ctrl Pts',(1.23333205244841,396.250082929104,9.95658054095728));
#2248=CARTESIAN_POINT('Origin',(2.5,396.25,14.4000002145767));
#2249=CARTESIAN_POINT('',(1.23662043408,396.247993927574,9.45658054095728));
#2250=CARTESIAN_POINT('',(1.23745553740915,396.250290447936,9.59341988819613));
#2251=CARTESIAN_POINT('',(1.2355,396.25,14.4000002145767));
#2252=CARTESIAN_POINT('',(1.54188384727756,397.075211298936,9.40000021457672));
#2253=CARTESIAN_POINT('Ctrl Pts',(1.23662043408,396.247993927574,9.45658054095728));
#2254=CARTESIAN_POINT('Ctrl Pts',(1.23920462769186,396.547248025957,9.43772043216375));
#2255=CARTESIAN_POINT('Ctrl Pts',(1.34630619730655,396.848134784363,9.41886032337023));
#2256=CARTESIAN_POINT('Ctrl Pts',(1.54188384727753,397.075211298936,9.4000002145767));
#2257=CARTESIAN_POINT('',(3.45999622720031,397.07664723434,9.40000021457672));
#2258=CARTESIAN_POINT('Origin',(2.5,396.25,9.40000021457672));
#2259=CARTESIAN_POINT('Ctrl Pts',(3.45999784776217,397.076648472068,9.40000021457672));
#2260=CARTESIAN_POINT('Ctrl Pts',(3.19312278199435,397.385393701319,9.42579966535571));
#2261=CARTESIAN_POINT('Ctrl Pts',(2.76291485536105,397.554601849318,9.4515991161347));
#2262=CARTESIAN_POINT('Ctrl Pts',(2.3573161698104,397.508587253512,9.47739856691369));
#2263=CARTESIAN_POINT('Ctrl Pts',(1.94124480580343,397.461384547184,9.50386416716994));
#2264=CARTESIAN_POINT('Ctrl Pts',(1.55106992537737,397.187701380428,9.53032976742619));
#2265=CARTESIAN_POINT('Ctrl Pts',(1.36515594230745,396.812632716308,9.55679536768245));
#2266=CARTESIAN_POINT('Ctrl Pts',(1.27939668726446,396.63961932219,9.56900354118701));
#2267=CARTESIAN_POINT('Ctrl Pts',(1.23710077493487,396.445032770042,9.58121171469157));
#2268=CARTESIAN_POINT('Ctrl Pts',(1.23745553740915,396.250290447936,9.59341988819613));
#2269=CARTESIAN_POINT('Origin',(2.5,377.,14.4000002145767));
#2270=CARTESIAN_POINT('',(1.23707582536828,377.000708904992,13.9565805409573));
#2271=CARTESIAN_POINT('',(1.23424171800112,377.00090656786,14.0934198881961));
#2272=CARTESIAN_POINT('',(1.2355,377.,14.4000002145767));
#2273=CARTESIAN_POINT('',(3.45811615272234,377.825211298937,14.4000002145767));
#2274=CARTESIAN_POINT('Ctrl Pts',(1.23424171800112,377.00090656786,14.0934198881961));
#2275=CARTESIAN_POINT('Ctrl Pts',(1.23718016721191,376.639662651178,14.1162165295542));
#2276=CARTESIAN_POINT('Ctrl Pts',(1.39980162399169,376.276140682996,14.1390131709123));
#2277=CARTESIAN_POINT('Ctrl Pts',(1.67297672737524,376.040616172138,14.1618098122704));
#2278=CARTESIAN_POINT('Ctrl Pts',(1.99011744001532,375.767185649763,14.1882754125267));
#2279=CARTESIAN_POINT('Ctrl Pts',(2.45626109196197,375.666268635091,14.214741012783));
#2280=CARTESIAN_POINT('Ctrl Pts',(2.85777051405265,375.784686140532,14.2412066130392));
#2281=CARTESIAN_POINT('Ctrl Pts',(3.25927993614333,375.903103645973,14.2676722132955));
#2282=CARTESIAN_POINT('Ctrl Pts',(3.59615512837804,376.240855671526,14.2941378135517));
#2283=CARTESIAN_POINT('Ctrl Pts',(3.71447566244393,376.641720845696,14.320603413808));
#2284=CARTESIAN_POINT('Ctrl Pts',(3.83279619650981,377.042586019866,14.3470690140642));
#2285=CARTESIAN_POINT('Ctrl Pts',(3.73256207240687,377.506564342651,14.3735346143205));
#2286=CARTESIAN_POINT('Ctrl Pts',(3.45811615272233,377.825211298937,14.4000002145767));
#2287=CARTESIAN_POINT('',(1.54000517664891,377.826640223212,14.4000002145767));
#2288=CARTESIAN_POINT('Origin',(2.5,377.,14.4000002145767));
#2289=CARTESIAN_POINT('Ctrl Pts',(1.54000344512556,377.826641540215,14.4000002145767));
#2290=CARTESIAN_POINT('Ctrl Pts',(1.80687890490497,378.135389846729,14.3742007637977));
#2291=CARTESIAN_POINT('Ctrl Pts',(2.23708570558892,378.304595420115,14.3484013130187));
#2292=CARTESIAN_POINT('Ctrl Pts',(2.64268321026265,378.258580923825,14.3226018622398));
#2293=CARTESIAN_POINT('Ctrl Pts',(3.05875336290203,378.211378319582,14.2961362619835));
#2294=CARTESIAN_POINT('Ctrl Pts',(3.44892697415982,377.937698068916,14.2696706617272));
#2295=CARTESIAN_POINT('Ctrl Pts',(3.63484045534767,377.562631143109,14.243205061471));
#2296=CARTESIAN_POINT('Ctrl Pts',(3.82075393653552,377.187564217302,14.2167394612147));
#2297=CARTESIAN_POINT('Ctrl Pts',(3.80240728765342,376.711110616354,14.1902738609585));
#2298=CARTESIAN_POINT('Ctrl Pts',(3.58807968992847,376.351474318248,14.1638082607022));
#2299=CARTESIAN_POINT('Ctrl Pts',(3.37375209220351,375.991838020143,14.137342660446));
#2300=CARTESIAN_POINT('Ctrl Pts',(2.9634435456357,375.74901902488,14.1108770601897));
#2301=CARTESIAN_POINT('Ctrl Pts',(2.54504474394603,375.734134795166,14.0844114599335));
#2302=CARTESIAN_POINT('Ctrl Pts',(2.12664594225636,375.719250565453,14.0579458596772));
#2303=CARTESIAN_POINT('Ctrl Pts',(1.70015688544483,375.93230110129,14.031480259421));
#2304=CARTESIAN_POINT('Ctrl Pts',(1.46079304719434,376.275774072922,14.0050146591647));
#2305=CARTESIAN_POINT('Ctrl Pts',(1.31477486605666,376.485301539369,13.9888699530956));
#2306=CARTESIAN_POINT('Ctrl Pts',(1.23839193007373,376.74336334213,13.9727252470264));
#2307=CARTESIAN_POINT('Ctrl Pts',(1.23707582536828,377.000708904992,13.9565805409573));
#2308=CARTESIAN_POINT('Origin',(2.5,377.,14.4000002145767));
#2309=CARTESIAN_POINT('',(1.23377362931261,377.000671759082,13.4565805409573));
#2310=CARTESIAN_POINT('',(1.23447404773407,376.998995225022,13.5934198881961));
#2311=CARTESIAN_POINT('',(1.2355,377.,14.4000002145767));
#2312=CARTESIAN_POINT('Ctrl Pts',(1.23447404773407,376.998995225022,13.5934198881961));
#2313=CARTESIAN_POINT('Ctrl Pts',(1.23389514448961,376.932332434018,13.5976239944271));
#2314=CARTESIAN_POINT('Ctrl Pts',(1.23870777167255,376.865753413935,13.6018281006581));
#2315=CARTESIAN_POINT('Ctrl Pts',(1.24920399094201,376.800082845842,13.6060322068891));
#2316=CARTESIAN_POINT('Ctrl Pts',(1.31527956756256,376.386674880329,13.6324978071454));
#2317=CARTESIAN_POINT('Ctrl Pts',(1.60659178159695,376.009268209102,13.6589634074016));
#2318=CARTESIAN_POINT('Ctrl Pts',(1.989782313191,375.840632083627,13.6854290076579));
#2319=CARTESIAN_POINT('Ctrl Pts',(2.37297284478506,375.671995958152,13.7118946079142));
#2320=CARTESIAN_POINT('Ctrl Pts',(2.84804169393878,375.712130378429,13.7383602081704));
#2321=CARTESIAN_POINT('Ctrl Pts',(3.19750539817214,375.942669145627,13.7648258084267));
#2322=CARTESIAN_POINT('Ctrl Pts',(3.54696910240549,376.173207912825,13.7912914086829));
#2323=CARTESIAN_POINT('Ctrl Pts',(3.77082766171849,376.594151026945,13.8177570089392));
#2324=CARTESIAN_POINT('Ctrl Pts',(3.76660615873153,377.012780856679,13.8442226091954));
#2325=CARTESIAN_POINT('Ctrl Pts',(3.76238465574457,377.431410686412,13.8706882094517));
#2326=CARTESIAN_POINT('Ctrl Pts',(3.53008309045766,377.847727231759,13.8971538097079));
#2327=CARTESIAN_POINT('Ctrl Pts',(3.17603583858748,378.071176701461,13.9236194099642));
#2328=CARTESIAN_POINT('Ctrl Pts',(2.82198858671729,378.294626171163,13.9500850102204));
#2329=CARTESIAN_POINT('Ctrl Pts',(2.34619564826382,378.32520856522,13.9765506104767));
#2330=CARTESIAN_POINT('Ctrl Pts',(1.96649213874672,378.14885706148,14.0030162107329));
#2331=CARTESIAN_POINT('Ctrl Pts',(1.58678862922962,377.97250555774,14.0294818109892));
#2332=CARTESIAN_POINT('Ctrl Pts',(1.30317454864889,377.589220156203,14.0559474112454));
#2333=CARTESIAN_POINT('Ctrl Pts',(1.24543639502527,377.174605440396,14.0824130115017));
#2334=CARTESIAN_POINT('Ctrl Pts',(1.23743208337359,377.117126889517,14.0860819703998));
#2335=CARTESIAN_POINT('Ctrl Pts',(1.2337687952925,377.059046232458,14.089750929298));
#2336=CARTESIAN_POINT('Ctrl Pts',(1.23424171800112,377.00090656786,14.0934198881961));
#2337=CARTESIAN_POINT('Ctrl Pts',(1.23707582536828,377.000708904992,13.9565805409573));
#2338=CARTESIAN_POINT('Ctrl Pts',(1.23623447357495,377.165223285895,13.9462596467702));
#2339=CARTESIAN_POINT('Ctrl Pts',(1.26607079730511,377.329444959954,13.9359387525831));
#2340=CARTESIAN_POINT('Ctrl Pts',(1.32800381558583,377.480507058606,13.9256178583959));
#2341=CARTESIAN_POINT('Ctrl Pts',(1.48681704191726,377.86787166523,13.8991522581397));
#2342=CARTESIAN_POINT('Ctrl Pts',(1.85668211426957,378.16870547105,13.8726866578834));
#2343=CARTESIAN_POINT('Ctrl Pts',(2.26827319146053,378.245294547665,13.8462210576272));
#2344=CARTESIAN_POINT('Ctrl Pts',(2.67986426865149,378.321883624279,13.8197554573709));
#2345=CARTESIAN_POINT('Ctrl Pts',(3.13318135068111,378.174227971689,13.7932898571147));
#2346=CARTESIAN_POINT('Ctrl Pts',(3.42070376149258,377.869920617256,13.7668242568584));
#2347=CARTESIAN_POINT('Ctrl Pts',(3.70822617230405,377.565613262823,13.7403586566022));
#2348=CARTESIAN_POINT('Ctrl Pts',(3.82995391189737,377.104654206548,13.7138930563459));
#2349=CARTESIAN_POINT('Ctrl Pts',(3.73016012207006,376.698066228243,13.6874274560897));
#2350=CARTESIAN_POINT('Ctrl Pts',(3.63036633224275,376.291478249938,13.6609618558334));
#2351=CARTESIAN_POINT('Ctrl Pts',(3.3090510129948,375.939261349603,13.6344962555772));
#2352=CARTESIAN_POINT('Ctrl Pts',(2.913309267462,375.802655967898,13.6080306553209));
#2353=CARTESIAN_POINT('Ctrl Pts',(2.51756752192919,375.666050586193,13.5815650550647));
#2354=CARTESIAN_POINT('Ctrl Pts',(2.04739935011152,375.745056723118,13.5550994548084));
#2355=CARTESIAN_POINT('Ctrl Pts',(1.71804211363938,376.003506479831,13.5286338545522));
#2356=CARTESIAN_POINT('Ctrl Pts',(1.4191474476769,376.238051967667,13.5046160833539));
#2357=CARTESIAN_POINT('Ctrl Pts',(1.23622081523194,376.620382310868,13.4805983121556));
#2358=CARTESIAN_POINT('Ctrl Pts',(1.23377362931261,377.000671759082,13.4565805409573));
#2359=CARTESIAN_POINT('Origin',(2.5,377.,14.4000002145767));
#2360=CARTESIAN_POINT('',(1.23504760696508,376.998872257449,12.9565805409573));
#2361=CARTESIAN_POINT('',(1.23741406810301,376.999700519387,13.0934198881961));
#2362=CARTESIAN_POINT('',(1.2355,377.,14.4000002145767));
#2363=CARTESIAN_POINT('Ctrl Pts',(1.23741406810301,376.999700519387,13.0934198881961));
#2364=CARTESIAN_POINT('Ctrl Pts',(1.23700607180147,376.807062567406,13.1054970595563));
#2365=CARTESIAN_POINT('Ctrl Pts',(1.27835504738789,376.61459073741,13.1175742309164));
#2366=CARTESIAN_POINT('Ctrl Pts',(1.36236428481616,376.443005670411,13.1296514022766));
#2367=CARTESIAN_POINT('Ctrl Pts',(1.54645995004332,376.066998602387,13.1561170025328));
#2368=CARTESIAN_POINT('Ctrl Pts',(1.93541532681788,375.791292284005,13.1825826027891));
#2369=CARTESIAN_POINT('Ctrl Pts',(2.35117107678754,375.742101899132,13.2090482030454));
#2370=CARTESIAN_POINT('Ctrl Pts',(2.7669268267572,375.692911514259,13.2355138033016));
#2371=CARTESIAN_POINT('Ctrl Pts',(3.20948294992195,375.870237062896,13.2619794035579));
#2372=CARTESIAN_POINT('Ctrl Pts',(3.47624225857543,376.192900998418,13.2884450038141));
#2373=CARTESIAN_POINT('Ctrl Pts',(3.74300156722891,376.51556493394,13.3149106040704));
#2374=CARTESIAN_POINT('Ctrl Pts',(3.83396406137111,376.983567256348,13.3413762043266));
#2375=CARTESIAN_POINT('Ctrl Pts',(3.70748819870165,377.382661665065,13.3678418045829));
#2376=CARTESIAN_POINT('Ctrl Pts',(3.58101233603219,377.781756073782,13.3943074048391));
#2377=CARTESIAN_POINT('Ctrl Pts',(3.23709811655107,378.111942568808,13.4207730050954));
#2378=CARTESIAN_POINT('Ctrl Pts',(2.83318544661686,378.222065860841,13.4472386053516));
#2379=CARTESIAN_POINT('Ctrl Pts',(2.42927277668264,378.332189152874,13.4737042056079));
#2380=CARTESIAN_POINT('Ctrl Pts',(1.96536165629534,378.222249241915,13.5001698058641));
#2381=CARTESIAN_POINT('Ctrl Pts',(1.65382556570504,377.942574656535,13.5266354061204));
#2382=CARTESIAN_POINT('Ctrl Pts',(1.39177752023562,377.70732686124,13.5488969001456));
#2383=CARTESIAN_POINT('Ctrl Pts',(1.23753944389904,377.351986620126,13.5711583941709));
#2384=CARTESIAN_POINT('Ctrl Pts',(1.23447404773407,376.998995225022,13.5934198881961));
#2385=CARTESIAN_POINT('Ctrl Pts',(1.23377362931261,377.000671759082,13.4565805409573));
#2386=CARTESIAN_POINT('Ctrl Pts',(1.23352421845953,377.039429875066,13.4541327118993));
#2387=CARTESIAN_POINT('Ctrl Pts',(1.23514947625242,377.078166791949,13.4516848828414));
#2388=CARTESIAN_POINT('Ctrl Pts',(1.23871769655798,377.116723899352,13.4492370537834));
#2389=CARTESIAN_POINT('Ctrl Pts',(1.27729681707534,377.533598185661,13.4227714535271));
#2390=CARTESIAN_POINT('Ctrl Pts',(1.54300135923669,377.929453381779,13.3963058532709));
#2391=CARTESIAN_POINT('Ctrl Pts',(1.91419474154402,378.123071525571,13.3698402530146));
#2392=CARTESIAN_POINT('Ctrl Pts',(2.28538812385136,378.316689669362,13.3433746527584));
#2393=CARTESIAN_POINT('Ctrl Pts',(2.76207034630468,378.308070760827,13.3169090525021));
#2394=CARTESIAN_POINT('Ctrl Pts',(3.12602173531202,378.101160416299,13.2904434522459));
#2395=CARTESIAN_POINT('Ctrl Pts',(3.48997312431936,377.894250071771,13.2639778519896));
#2396=CARTESIAN_POINT('Ctrl Pts',(3.74119367988072,377.489048291251,13.2375122517334));
#2397=CARTESIAN_POINT('Ctrl Pts',(3.76467747356497,377.071051854197,13.2110466514771));
#2398=CARTESIAN_POINT('Ctrl Pts',(3.78816126724922,376.653055417144,13.1845810512209));
#2399=CARTESIAN_POINT('Ctrl Pts',(3.58390829905636,376.222264323558,13.1581154509646));
#2400=CARTESIAN_POINT('Ctrl Pts',(3.24542326250877,375.975889834343,13.1316498507084));
#2401=CARTESIAN_POINT('Ctrl Pts',(2.90693822596118,375.729515345127,13.1051842504521));
#2402=CARTESIAN_POINT('Ctrl Pts',(2.43422112105885,375.667557460283,13.0787186501959));
#2403=CARTESIAN_POINT('Ctrl Pts',(2.0436764619258,375.818379797485,13.0522530499396));
#2404=CARTESIAN_POINT('Ctrl Pts',(1.65313180279276,375.969202134688,13.0257874496834));
#2405=CARTESIAN_POINT('Ctrl Pts',(1.34475958942898,376.332804693937,12.9993218494271));
#2406=CARTESIAN_POINT('Ctrl Pts',(1.25972911721391,376.742734355676,12.9728562491708));
#2407=CARTESIAN_POINT('Ctrl Pts',(1.24229855147783,376.826766652922,12.9674310130997));
#2408=CARTESIAN_POINT('Ctrl Pts',(1.23425318897932,376.912745694515,12.9620057770285));
#2409=CARTESIAN_POINT('Ctrl Pts',(1.23504760696508,376.998872257449,12.9565805409573));
#2410=CARTESIAN_POINT('Origin',(2.5,377.,14.4000002145767));
#2411=CARTESIAN_POINT('',(1.23747930583366,377.000017162769,12.4565805409573));
#2412=CARTESIAN_POINT('',(1.23557260950899,377.001156897255,12.5934198881961));
#2413=CARTESIAN_POINT('',(1.2355,377.,14.4000002145767));
#2414=CARTESIAN_POINT('Ctrl Pts',(1.23557260950899,377.001156897255,12.5934198881961));
#2415=CARTESIAN_POINT('Ctrl Pts',(1.23845277598269,376.684106504018,12.6133701246854));
#2416=CARTESIAN_POINT('Ctrl Pts',(1.35940659389176,376.365097305413,12.6333203611747));
#2417=CARTESIAN_POINT('Ctrl Pts',(1.57501084153304,376.134637209609,12.653270597664));
#2418=CARTESIAN_POINT('Ctrl Pts',(1.86102729224955,375.828913276269,12.6797361979203));
#2419=CARTESIAN_POINT('Ctrl Pts',(2.3136111368364,375.679019520612,12.7062017981765));
#2420=CARTESIAN_POINT('Ctrl Pts',(2.72557463597364,375.753575599735,12.7326673984328));
#2421=CARTESIAN_POINT('Ctrl Pts',(3.13753813511089,375.828131678859,12.7591329986891));
#2422=CARTESIAN_POINT('Ctrl Pts',(3.50888128879852,376.127137592763,12.7855985989453));
#2423=CARTESIAN_POINT('Ctrl Pts',(3.66960742213571,376.513711833711,12.8120641992016));
#2424=CARTESIAN_POINT('Ctrl Pts',(3.83033355547291,376.900286074658,12.8385297994578));
#2425=CARTESIAN_POINT('Ctrl Pts',(3.78044266845965,377.37442864265,12.8649953997141));
#2426=CARTESIAN_POINT('Ctrl Pts',(3.54277424262591,377.719082458039,12.8914609999703));
#2427=CARTESIAN_POINT('Ctrl Pts',(3.30510581679217,378.063736273428,12.9179266002266));
#2428=CARTESIAN_POINT('Ctrl Pts',(2.87965985213795,378.278901336214,12.9443922004828));
#2429=CARTESIAN_POINT('Ctrl Pts',(2.46120067393514,378.266077530068,12.9708578007391));
#2430=CARTESIAN_POINT('Ctrl Pts',(2.04274149573232,378.253253723922,12.9973234009953));
#2431=CARTESIAN_POINT('Ctrl Pts',(1.6312691039809,378.012441048844,13.0237890012516));
#2432=CARTESIAN_POINT('Ctrl Pts',(1.41515088494507,377.653880802472,13.0502546015078));
#2433=CARTESIAN_POINT('Ctrl Pts',(1.29765490534738,377.458944033234,13.0646430304039));
#2434=CARTESIAN_POINT('Ctrl Pts',(1.23790014432065,377.229204381848,13.0790314593));
#2435=CARTESIAN_POINT('Ctrl Pts',(1.23741406810301,376.999700519387,13.0934198881961));
#2436=CARTESIAN_POINT('Ctrl Pts',(1.23504760696508,376.998872257449,12.9565805409573));
#2437=CARTESIAN_POINT('Ctrl Pts',(1.23812855008281,377.33289168561,12.9355401767722));
#2438=CARTESIAN_POINT('Ctrl Pts',(1.37416633930956,377.669129943996,12.9144998125872));
#2439=CARTESIAN_POINT('Ctrl Pts',(1.61134559663723,377.902635488557,12.8934594484021));
#2440=CARTESIAN_POINT('Ctrl Pts',(1.90968127934202,378.19635019547,12.8669938481458));
#2441=CARTESIAN_POINT('Ctrl Pts',(2.36804137581797,378.327522845069,12.8405282478896));
#2442=CARTESIAN_POINT('Ctrl Pts',(2.77659384447792,378.236104089193,12.8140626476333));
#2443=CARTESIAN_POINT('Ctrl Pts',(3.18514631313788,378.144685333318,12.7875970473771));
#2444=CARTESIAN_POINT('Ctrl Pts',(3.54389115398184,377.830675171969,12.7611314471208));
#2445=CARTESIAN_POINT('Ctrl Pts',(3.68859905664342,377.437823887711,12.7346658468646));
#2446=CARTESIAN_POINT('Ctrl Pts',(3.833306959305,377.044972603453,12.7082002466083));
#2447=CARTESIAN_POINT('Ctrl Pts',(3.7639779237842,376.573280196286,12.6817346463521));
#2448=CARTESIAN_POINT('Ctrl Pts',(3.5123499945357,376.238682088343,12.6552690460958));
#2449=CARTESIAN_POINT('Ctrl Pts',(3.2607220652872,375.9040839804,12.6288034458396));
#2450=CARTESIAN_POINT('Ctrl Pts',(2.82679524231103,375.70658017168,12.6023378455833));
#2451=CARTESIAN_POINT('Ctrl Pts',(2.4092162926057,375.736585660778,12.5758722453271));
#2452=CARTESIAN_POINT('Ctrl Pts',(1.99163734290037,375.766591149876,12.5494066450708));
#2453=CARTESIAN_POINT('Ctrl Pts',(1.59040626646588,376.024105936791,12.5229410448145));
#2454=CARTESIAN_POINT('Ctrl Pts',(1.38920208924055,376.391242679282,12.4964754445583));
#2455=CARTESIAN_POINT('Ctrl Pts',(1.28810203008449,376.575719696091,12.483177143358));
#2456=CARTESIAN_POINT('Ctrl Pts',(1.23750497780991,376.787874182274,12.4698788421576));
#2457=CARTESIAN_POINT('Ctrl Pts',(1.23747930583366,377.000017162769,12.4565805409573));
#2458=CARTESIAN_POINT('Origin',(2.5,377.,14.4000002145767));
#2459=CARTESIAN_POINT('',(1.23498457577644,377.001119056878,11.9565805409573));
#2460=CARTESIAN_POINT('',(1.23347627366976,376.99960785398,12.0934198881961));
#2461=CARTESIAN_POINT('',(1.2355,377.,14.4000002145767));
#2462=CARTESIAN_POINT('Ctrl Pts',(1.23347627366976,376.99960785398,12.0934198881961));
#2463=CARTESIAN_POINT('Ctrl Pts',(1.23338883408391,376.97812383218,12.0947775895583));
#2464=CARTESIAN_POINT('Ctrl Pts',(1.23388814480414,376.956643959468,12.0961352909205));
#2465=CARTESIAN_POINT('Ctrl Pts',(1.2349869612852,376.935194798765,12.0974929922827));
#2466=CARTESIAN_POINT('Ctrl Pts',(1.256406132358,376.517087452918,12.123958592539));
#2467=CARTESIAN_POINT('Ctrl Pts',(1.50562248700062,376.110649901665,12.1504241927952));
#2468=CARTESIAN_POINT('Ctrl Pts',(1.86854761094595,375.90194463592,12.1768897930515));
#2469=CARTESIAN_POINT('Ctrl Pts',(2.23147273489128,375.693239370176,12.2033553933077));
#2470=CARTESIAN_POINT('Ctrl Pts',(2.70810662813932,375.682266389939,12.229820993564));
#2471=CARTESIAN_POINT('Ctrl Pts',(3.08025171234911,375.874049000827,12.2562865938202));
#2472=CARTESIAN_POINT('Ctrl Pts',(3.4523967965589,376.065831611715,12.2827521940765));
#2473=CARTESIAN_POINT('Ctrl Pts',(3.72005307173044,376.460369813728,12.3092177943327));
#2474=CARTESIAN_POINT('Ctrl Pts',(3.76069053758625,376.877048502782,12.335683394589));
#2475=CARTESIAN_POINT('Ctrl Pts',(3.80132800344206,377.293727191835,12.3621489948453));
#2476=CARTESIAN_POINT('Ctrl Pts',(3.61494665998214,377.73254636793,12.3886145951015));
#2477=CARTESIAN_POINT('Ctrl Pts',(3.28686976761701,377.992619600372,12.4150801953578));
#2478=CARTESIAN_POINT('Ctrl Pts',(2.95879287525188,378.252692832813,12.441545795614));
#2479=CARTESIAN_POINT('Ctrl Pts',(2.48902043398154,378.334020121602,12.4680113958703));
#2480=CARTESIAN_POINT('Ctrl Pts',(2.09260892741521,378.19937075843,12.4944769961265));
#2481=CARTESIAN_POINT('Ctrl Pts',(1.69619742084888,378.064721395258,12.5209425963828));
#2482=CARTESIAN_POINT('Ctrl Pts',(1.37314684898655,377.714095380127,12.547408196639));
#2483=CARTESIAN_POINT('Ctrl Pts',(1.27134609147847,377.30800531705,12.5738737968953));
#2484=CARTESIAN_POINT('Ctrl Pts',(1.24628454137212,377.208033109449,12.5803891606622));
#2485=CARTESIAN_POINT('Ctrl Pts',(1.23463200249937,377.10469946155,12.5869045244292));
#2486=CARTESIAN_POINT('Ctrl Pts',(1.23557260950899,377.001156897255,12.5934198881961));
#2487=CARTESIAN_POINT('Ctrl Pts',(1.23747930583366,377.000017162769,12.4565805409573));
#2488=CARTESIAN_POINT('Ctrl Pts',(1.23745388675316,377.210070313523,12.4434132419014));
#2489=CARTESIAN_POINT('Ctrl Pts',(1.2870083938319,377.420112184157,12.4302459428454));
#2490=CARTESIAN_POINT('Ctrl Pts',(1.38620919967831,377.603264060913,12.4170786437895));
#2491=CARTESIAN_POINT('Ctrl Pts',(1.58559776535758,377.971390001989,12.3906130435333));
#2492=CARTESIAN_POINT('Ctrl Pts',(1.98555217473227,378.230883186077,12.364147443277));
#2493=CARTESIAN_POINT('Ctrl Pts',(2.40297784555063,378.262950583206,12.3376818430208));
#2494=CARTESIAN_POINT('Ctrl Pts',(2.82040351636899,378.295017980335,12.3112162427645));
#2495=CARTESIAN_POINT('Ctrl Pts',(3.25530044863101,378.099659590504,12.2847506425083));
#2496=CARTESIAN_POINT('Ctrl Pts',(3.50857777030034,377.766308263905,12.258285042252));
#2497=CARTESIAN_POINT('Ctrl Pts',(3.76185509196967,377.432956937306,12.2318194419958));
#2498=CARTESIAN_POINT('Ctrl Pts',(3.83351280304631,376.961612673938,12.2053538417395));
#2499=CARTESIAN_POINT('Ctrl Pts',(3.69074681794673,376.568051519712,12.1788882414833));
#2500=CARTESIAN_POINT('Ctrl Pts',(3.54798083284714,376.174490365486,12.152422641227));
#2501=CARTESIAN_POINT('Ctrl Pts',(3.19079115157133,375.858712320402,12.1259570409707));
#2502=CARTESIAN_POINT('Ctrl Pts',(2.78269514996509,375.765276983992,12.0994914407145));
#2503=CARTESIAN_POINT('Ctrl Pts',(2.37459914835884,375.671841647582,12.0730258404582));
#2504=CARTESIAN_POINT('Ctrl Pts',(1.91559682642217,375.800749019845,12.046560240202));
#2505=CARTESIAN_POINT('Ctrl Pts',(1.61581422957257,376.092986771074,12.0200946399457));
#2506=CARTESIAN_POINT('Ctrl Pts',(1.37600076924467,376.32676467245,11.9989232736163));
#2507=CARTESIAN_POINT('Ctrl Pts',(1.23807721135428,376.665063017941,11.9777519072868));
#2508=CARTESIAN_POINT('Ctrl Pts',(1.23498457577644,377.001119056878,11.9565805409573));
#2509=CARTESIAN_POINT('Origin',(2.5,377.,14.4000002145767));
#2510=CARTESIAN_POINT('',(1.23381780574491,376.999297907408,11.4565805409573));
#2511=CARTESIAN_POINT('',(1.23673185516255,376.999086178476,11.5934198881961));
#2512=CARTESIAN_POINT('',(1.2355,377.,14.4000002145767));
#2513=CARTESIAN_POINT('Ctrl Pts',(1.23673185516255,376.999086178476,11.5934198881961));
#2514=CARTESIAN_POINT('Ctrl Pts',(1.23574887057136,376.852049149999,11.6026506546875));
#2515=CARTESIAN_POINT('Ctrl Pts',(1.25945866415411,376.705319162428,11.6118814211788));
#2516=CARTESIAN_POINT('Ctrl Pts',(1.30925309739194,376.568051489001,11.6211121876702));
#2517=CARTESIAN_POINT('Ctrl Pts',(1.45201909264216,376.174490306793,11.6475777879264));
#2518=CARTESIAN_POINT('Ctrl Pts',(1.80920879931399,375.858712239257,11.6740433881827));
#2519=CARTESIAN_POINT('Ctrl Pts',(2.21730482993563,375.765276896204,11.7005089884389));
#2520=CARTESIAN_POINT('Ctrl Pts',(2.62540086055727,375.67184155315,11.7269745886952));
#2521=CARTESIAN_POINT('Ctrl Pts',(3.08440321512871,375.800748934579,11.7534401889514));
#2522=CARTESIAN_POINT('Ctrl Pts',(3.38418583329264,376.092986706586,11.7799057892077));
#2523=CARTESIAN_POINT('Ctrl Pts',(3.68396845145657,376.385224478593,11.8063713894639));
#2524=CARTESIAN_POINT('Ctrl Pts',(3.82453133321297,376.840792641178,11.8328369897202));
#2525=CARTESIAN_POINT('Ctrl Pts',(3.74152638909839,377.251137268038,11.8593025899765));
#2526=CARTESIAN_POINT('Ctrl Pts',(3.65852144498381,377.661481894899,11.8857681902327));
#2527=CARTESIAN_POINT('Ctrl Pts',(3.35194867499824,378.026602986035,11.912233790489));
#2528=CARTESIAN_POINT('Ctrl Pts',(2.96215360837107,378.179352256323,11.9386993907452));
#2529=CARTESIAN_POINT('Ctrl Pts',(2.57235854174392,378.332101526612,11.9651649910015));
#2530=CARTESIAN_POINT('Ctrl Pts',(2.09934117847518,378.272478976054,11.9916305912577));
#2531=CARTESIAN_POINT('Ctrl Pts',(1.7596434905923,378.027779130554,12.018096191514));
#2532=CARTESIAN_POINT('Ctrl Pts',(1.43737250035119,377.795632535702,12.043204090408));
#2533=CARTESIAN_POINT('Ctrl Pts',(1.23509328926838,377.396910723519,12.0683119893021));
#2534=CARTESIAN_POINT('Ctrl Pts',(1.23347627366976,376.99960785398,12.0934198881961));
#2535=CARTESIAN_POINT('Ctrl Pts',(1.23498457577644,377.001119056878,11.9565805409573));
#2536=CARTESIAN_POINT('Ctrl Pts',(1.23421121349342,377.085155167488,11.9512863070305));
#2537=CARTESIAN_POINT('Ctrl Pts',(1.24186921804611,377.169051060196,11.9459920731037));
#2538=CARTESIAN_POINT('Ctrl Pts',(1.25847369917336,377.251137250182,11.940697839177));
#2539=CARTESIAN_POINT('Ctrl Pts',(1.34147863738628,377.661481847867,11.9142322389207));
#2540=CARTESIAN_POINT('Ctrl Pts',(1.64805138557465,378.026602913044,11.8877666386645));
#2541=CARTESIAN_POINT('Ctrl Pts',(2.03784642448759,378.179352172472,11.8613010384082));
#2542=CARTESIAN_POINT('Ctrl Pts',(2.42764146340053,378.332101431901,11.834835438152));
#2543=CARTESIAN_POINT('Ctrl Pts',(2.90065879303803,378.272478885582,11.8083698378957));
#2544=CARTESIAN_POINT('Ctrl Pts',(3.24035645676865,378.02777905748,11.7819042376395));
#2545=CARTESIAN_POINT('Ctrl Pts',(3.58005412049926,377.783079229378,11.7554386373832));
#2546=CARTESIAN_POINT('Ctrl Pts',(3.78643211832299,377.353302119493,11.728973037127));
#2547=CARTESIAN_POINT('Ctrl Pts',(3.76501294877314,376.935194803373,11.7025074368707));
#2548=CARTESIAN_POINT('Ctrl Pts',(3.74359377922329,376.517087487253,11.6760418366145));
#2549=CARTESIAN_POINT('Ctrl Pts',(3.49437744229987,376.110649964897,11.6495762363582));
#2550=CARTESIAN_POINT('Ctrl Pts',(3.13145234415833,375.901944713991,11.6231106361019));
#2551=CARTESIAN_POINT('Ctrl Pts',(2.76852724601679,375.693239463085,11.5966450358457));
#2552=CARTESIAN_POINT('Ctrl Pts',(2.29189338665713,375.682266483629,11.5701794355894));
#2553=CARTESIAN_POINT('Ctrl Pts',(1.9197483289066,375.874049080881,11.5437138353332));
#2554=CARTESIAN_POINT('Ctrl Pts',(1.54760327115607,376.065831678134,11.5172482350769));
#2555=CARTESIAN_POINT('Ctrl Pts',(1.27994701501468,376.460369852095,11.4907826348207));
#2556=CARTESIAN_POINT('Ctrl Pts',(1.23930955204811,376.877048511523,11.4643170345644));
#2557=CARTESIAN_POINT('Ctrl Pts',(1.23534980216641,376.917650043999,11.4617382033621));
#2558=CARTESIAN_POINT('Ctrl Pts',(1.2335455330226,376.958461794269,11.4591593721597));
#2559=CARTESIAN_POINT('Ctrl Pts',(1.23381780574491,376.999297907408,11.4565805409573));
#2560=CARTESIAN_POINT('Origin',(2.5,377.,14.4000002145767));
#2561=CARTESIAN_POINT('',(1.23710869123089,376.99931725344,10.9565805409573));
#2562=CARTESIAN_POINT('',(1.2367776229649,377.000892073353,11.0934198881961));
#2563=CARTESIAN_POINT('',(1.2355,377.,14.4000002145767));
#2564=CARTESIAN_POINT('Ctrl Pts',(1.2367776229649,377.000892073353,11.0934198881961));
#2565=CARTESIAN_POINT('Ctrl Pts',(1.23855153256177,376.728420048339,11.1105237198166));
#2566=CARTESIAN_POINT('Ctrl Pts',(1.32503121344251,376.454921607481,11.1276275514371));
#2567=CARTESIAN_POINT('Ctrl Pts',(1.48764993348691,376.238682034213,11.1447313830576));
#2568=CARTESIAN_POINT('Ctrl Pts',(1.73927788062603,375.90408390248,11.1711969833139));
#2569=CARTESIAN_POINT('Ctrl Pts',(2.17320473445419,375.706580079718,11.1976625835701));
#2570=CARTESIAN_POINT('Ctrl Pts',(2.59078371384914,375.73658557095,11.2241281838264));
#2571=CARTESIAN_POINT('Ctrl Pts',(3.00836269324409,375.766591062181,11.2505937840826));
#2572=CARTESIAN_POINT('Ctrl Pts',(3.40959379820582,376.024105867406,11.2770593843389));
#2573=CARTESIAN_POINT('Ctrl Pts',(3.61079798973659,376.391242635999,11.3035249845951));
#2574=CARTESIAN_POINT('Ctrl Pts',(3.81200218126737,376.758379404593,11.3299905848514));
#2575=CARTESIAN_POINT('Ctrl Pts',(3.81317945936719,377.235138136555,11.3564561851076));
#2576=CARTESIAN_POINT('Ctrl Pts',(3.61379087951147,377.603264103805,11.3829217853639));
#2577=CARTESIAN_POINT('Ctrl Pts',(3.41440229965575,377.971390071055,11.4093873856201));
#2578=CARTESIAN_POINT('Ctrl Pts',(3.0144478618445,378.230883273592,11.4358529858764));
#2579=CARTESIAN_POINT('Ctrl Pts',(2.59702216134743,378.262950673001,11.4623185861327));
#2580=CARTESIAN_POINT('Ctrl Pts',(2.17959646085034,378.29501807241,11.4887841863889));
#2581=CARTESIAN_POINT('Ctrl Pts',(1.74469949766743,378.099659668689,11.5152497866452));
#2582=CARTESIAN_POINT('Ctrl Pts',(1.49142215799028,377.766308318389,11.5417153869014));
#2583=CARTESIAN_POINT('Ctrl Pts',(1.32648379258432,377.549224441504,11.5589502206663));
#2584=CARTESIAN_POINT('Ctrl Pts',(1.23856719310969,377.273620123784,11.5761850544312));
#2585=CARTESIAN_POINT('Ctrl Pts',(1.23673185516255,376.999086178476,11.5934198881961));
#2586=CARTESIAN_POINT('Ctrl Pts',(1.23381780574491,376.999297907408,11.4565805409573));
#2587=CARTESIAN_POINT('Ctrl Pts',(1.23633976826472,377.377547869139,11.4326937719034));
#2588=CARTESIAN_POINT('Ctrl Pts',(1.41702151593091,377.757888076946,11.4088070028495));
#2589=CARTESIAN_POINT('Ctrl Pts',(1.71313028832882,377.992619529797,11.3849202337957));
#2590=CARTESIAN_POINT('Ctrl Pts',(2.04120715736784,378.252692743748,11.3584546335394));
#2591=CARTESIAN_POINT('Ctrl Pts',(2.51097956523763,378.334020026753,11.3319890332832));
#2592=CARTESIAN_POINT('Ctrl Pts',(2.90739104361936,378.199370673155,11.3055234330269));
#2593=CARTESIAN_POINT('Ctrl Pts',(3.30380252200109,378.064721319557,11.2790578327707));
#2594=CARTESIAN_POINT('Ctrl Pts',(3.62685307089477,377.714095329356,11.2525922325144));
#2595=CARTESIAN_POINT('Ctrl Pts',(3.72865382116494,377.308005295151,11.2261266322582));
#2596=CARTESIAN_POINT('Ctrl Pts',(3.8304545714351,376.901915260946,11.1996610320019));
#2597=CARTESIAN_POINT('Ctrl Pts',(3.71100552308176,376.440361182739,11.1731954317457));
#2598=CARTESIAN_POINT('Ctrl Pts',(3.42498909270091,376.134637271136,11.1467298314894));
#2599=CARTESIAN_POINT('Ctrl Pts',(3.13897266232005,375.828913359532,11.1202642312331));
#2600=CARTESIAN_POINT('Ctrl Pts',(2.68638884991169,375.679019614533,11.0937986309769));
#2601=CARTESIAN_POINT('Ctrl Pts',(2.27442538006478,375.753575688355,11.0673330307206));
#2602=CARTESIAN_POINT('Ctrl Pts',(1.86246191021786,375.828131762178,11.0408674304644));
#2603=CARTESIAN_POINT('Ctrl Pts',(1.4911187829324,376.127137654822,11.0144018302081));
#2604=CARTESIAN_POINT('Ctrl Pts',(1.33039266102271,376.513711868285,10.9879362299519));
#2605=CARTESIAN_POINT('Ctrl Pts',(1.26691808467819,376.666379238926,10.9774843336203));
#2606=CARTESIAN_POINT('Ctrl Pts',(1.23629235481191,376.832704188269,10.9670324372888));
#2607=CARTESIAN_POINT('Ctrl Pts',(1.23710869123089,376.99931725344,10.9565805409573));
#2608=CARTESIAN_POINT('Origin',(2.5,377.,14.4000002145767));
#2609=CARTESIAN_POINT('',(1.23630853448392,377.001061709215,10.4565805409573));
#2610=CARTESIAN_POINT('',(1.23350462723824,377.000427965033,10.5934198881961));
#2611=CARTESIAN_POINT('',(1.2355,377.,14.4000002145767));
#2612=CARTESIAN_POINT('Ctrl Pts',(1.23350462723824,377.000427965033,10.5934198881961));
#2613=CARTESIAN_POINT('Ctrl Pts',(1.23524203636014,376.60517446805,10.6183967849458));
#2614=CARTESIAN_POINT('Ctrl Pts',(1.43513158109808,376.208405576655,10.6433736816954));
#2615=CARTESIAN_POINT('Ctrl Pts',(1.75457668449166,375.975889761528,10.6683505784451));
#2616=CARTESIAN_POINT('Ctrl Pts',(2.09306174510482,375.729515254795,10.6948161787013));
#2617=CARTESIAN_POINT('Ctrl Pts',(2.56577888361817,375.667557365547,10.7212817789576));
#2618=CARTESIAN_POINT('Ctrl Pts',(2.95632357051896,375.818379713473,10.7477473792138));
#2619=CARTESIAN_POINT('Ctrl Pts',(3.34686825741976,375.969202061399,10.7742129794701));
#2620=CARTESIAN_POINT('Ctrl Pts',(3.65524049270802,376.3328046465,10.8006785797263));
#2621=CARTESIAN_POINT('Ctrl Pts',(3.74027097096851,376.742734337384,10.8271441799826));
#2622=CARTESIAN_POINT('Ctrl Pts',(3.82530144922901,377.152664028269,10.8536097802388));
#2623=CARTESIAN_POINT('Ctrl Pts',(3.68699017046176,377.608920824938,10.8800753804951));
#2624=CARTESIAN_POINT('Ctrl Pts',(3.38865446654552,377.902635552734,10.9065409807513));
#2625=CARTESIAN_POINT('Ctrl Pts',(3.09031876262928,378.19635028053,10.9330065810076));
#2626=CARTESIAN_POINT('Ctrl Pts',(2.63195863356405,378.327522939454,10.9594721812638));
#2627=CARTESIAN_POINT('Ctrl Pts',(2.22340613585623,378.236104177079,10.9859377815201));
#2628=CARTESIAN_POINT('Ctrl Pts',(1.81485363814841,378.144685414704,11.0124033817764));
#2629=CARTESIAN_POINT('Ctrl Pts',(1.456108771798,377.83067523103,11.0388689820326));
#2630=CARTESIAN_POINT('Ctrl Pts',(1.31140085884785,377.43782391884,11.0653345822889));
#2631=CARTESIAN_POINT('Ctrl Pts',(1.26021282654608,377.298859260667,11.0746963509246));
#2632=CARTESIAN_POINT('Ctrl Pts',(1.23580667495774,377.150029419562,11.0840581195604));
#2633=CARTESIAN_POINT('Ctrl Pts',(1.2367776229649,377.000892073353,11.0934198881961));
#2634=CARTESIAN_POINT('Ctrl Pts',(1.23710869123089,376.99931725344,10.9565805409573));
#2635=CARTESIAN_POINT('Ctrl Pts',(1.23835942787254,377.25459076659,10.9405668370326));
#2636=CARTESIAN_POINT('Ctrl Pts',(1.31341834193941,377.510540612648,10.9245531331078));
#2637=CARTESIAN_POINT('Ctrl Pts',(1.45722583151466,377.719082406913,10.9085394291831));
#2638=CARTESIAN_POINT('Ctrl Pts',(1.69489424045022,378.063736197797,10.8820738289269));
#2639=CARTESIAN_POINT('Ctrl Pts',(2.12034017485529,378.278901245283,10.8556082286706));
#2640=CARTESIAN_POINT('Ctrl Pts',(2.53879932330598,378.26607744005,10.8291426284144));
#2641=CARTESIAN_POINT('Ctrl Pts',(2.95725847175667,378.253253634817,10.8026770281581));
#2642=CARTESIAN_POINT('Ctrl Pts',(3.36873083425299,378.012440976864,10.7762114279019));
#2643=CARTESIAN_POINT('Ctrl Pts',(3.58484903792289,377.653880755983,10.7497458276456));
#2644=CARTESIAN_POINT('Ctrl Pts',(3.80096724159278,377.295320535103,10.7232802273893));
#2645=CARTESIAN_POINT('Ctrl Pts',(3.82173128643625,376.819012751296,10.6968146271331));
#2646=CARTESIAN_POINT('Ctrl Pts',(3.6376356342984,376.443005710009,10.6703490268768));
#2647=CARTESIAN_POINT('Ctrl Pts',(3.45353998216054,376.066998668723,10.6438834266206));
#2648=CARTESIAN_POINT('Ctrl Pts',(3.06458463304137,375.791292369957,10.6174178263643));
#2649=CARTESIAN_POINT('Ctrl Pts',(2.64882891263151,375.742101988575,10.5909522261081));
#2650=CARTESIAN_POINT('Ctrl Pts',(2.23307319222167,375.692911607192,10.5644866258518));
#2651=CARTESIAN_POINT('Ctrl Pts',(1.79051710052114,375.870237143193,10.5380210255956));
#2652=CARTESIAN_POINT('Ctrl Pts',(1.52375781083411,376.192901055788,10.5115554253393));
#2653=CARTESIAN_POINT('Ctrl Pts',(1.33905186592971,376.416315741486,10.4932304638786));
#2654=CARTESIAN_POINT('Ctrl Pts',(1.23862768435523,376.709409593805,10.474905502418));
#2655=CARTESIAN_POINT('Ctrl Pts',(1.23630853448392,377.001061709215,10.4565805409573));
#2656=CARTESIAN_POINT('Origin',(2.5,377.,14.4000002145767));
#2657=CARTESIAN_POINT('',(1.23333572486933,377.000082999524,9.95658054095729));
#2658=CARTESIAN_POINT('',(1.23551005983127,376.998842584973,10.0934198881961));
#2659=CARTESIAN_POINT('',(1.2355,377.,14.4000002145767));
#2660=CARTESIAN_POINT('Ctrl Pts',(1.23551005983127,376.998842584973,10.0934198881961));
#2661=CARTESIAN_POINT('Ctrl Pts',(1.23458381043667,376.897394671591,10.0998042498187));
#2662=CARTESIAN_POINT('Ctrl Pts',(1.24576628826994,376.796148428459,10.1061886114412));
#2663=CARTESIAN_POINT('Ctrl Pts',(1.26983979053006,376.69806620687,10.1125729730638));
#2664=CARTESIAN_POINT('Ctrl Pts',(1.36963358750657,376.291478199751,10.13903857332));
#2665=CARTESIAN_POINT('Ctrl Pts',(1.69094892947821,375.939261274186,10.1655041735763));
#2666=CARTESIAN_POINT('Ctrl Pts',(2.08669070311905,375.802655882721,10.1919697738325));
#2667=CARTESIAN_POINT('Ctrl Pts',(2.48243247675989,375.666050491257,10.2184353740888));
#2668=CARTESIAN_POINT('Ctrl Pts',(2.95260068206992,375.745056633892,10.244900974345));
#2669=CARTESIAN_POINT('Ctrl Pts',(3.28195794197448,376.003506409004,10.2713665746013));
#2670=CARTESIAN_POINT('Ctrl Pts',(3.61131520187905,376.261956184115,10.2978321748575));
#2671=CARTESIAN_POINT('Ctrl Pts',(3.79986151637815,376.699849591703,10.3242977751138));
#2672=CARTESIAN_POINT('Ctrl Pts',(3.76128239310976,377.116723907639,10.35076337537));
#2673=CARTESIAN_POINT('Ctrl Pts',(3.72270326984137,377.533598223576,10.3772289756263));
#2674=CARTESIAN_POINT('Ctrl Pts',(3.45699870880547,377.929453447862,10.4036945758825));
#2675=CARTESIAN_POINT('Ctrl Pts',(3.08580530011062,378.123071605426,10.4301601761388));
#2676=CARTESIAN_POINT('Ctrl Pts',(2.71461189141579,378.316689762989,10.456625776395));
#2677=CARTESIAN_POINT('Ctrl Pts',(2.23792963506202,378.30807085383,10.4830913766513));
#2678=CARTESIAN_POINT('Ctrl Pts',(1.87397822017585,378.101160494588,10.5095569769076));
#2679=CARTESIAN_POINT('Ctrl Pts',(1.51002680528967,377.894250135346,10.5360225771638));
#2680=CARTESIAN_POINT('Ctrl Pts',(1.25880623187111,377.489048326022,10.5624881774201));
#2681=CARTESIAN_POINT('Ctrl Pts',(1.23532243651831,377.07105185925,10.5889537776763));
#2682=CARTESIAN_POINT('Ctrl Pts',(1.23400146105765,377.047539344899,10.5904424811829));
#2683=CARTESIAN_POINT('Ctrl Pts',(1.2334010720577,377.023986346719,10.5919311846895));
#2684=CARTESIAN_POINT('Ctrl Pts',(1.23350462723824,377.000427965033,10.5934198881961));
#2685=CARTESIAN_POINT('Ctrl Pts',(1.23630853448392,377.001061709215,10.4565805409573));
#2686=CARTESIAN_POINT('Ctrl Pts',(1.23527828067107,377.130624575179,10.4484399021617));
#2687=CARTESIAN_POINT('Ctrl Pts',(1.25360877400871,377.259902918491,10.4402992633661));
#2688=CARTESIAN_POINT('Ctrl Pts',(1.29251188715113,377.382661637886,10.4321586245706));
#2689=CARTESIAN_POINT('Ctrl Pts',(1.41898774082873,377.7817560182,10.4056930243143));
#2690=CARTESIAN_POINT('Ctrl Pts',(1.76290193585748,378.111942489637,10.3792274240581));
#2691=CARTESIAN_POINT('Ctrl Pts',(2.16681457707104,378.222065773896,10.3527618238018));
#2692=CARTESIAN_POINT('Ctrl Pts',(2.5707272182846,378.332189058155,10.3262962235456));
#2693=CARTESIAN_POINT('Ctrl Pts',(3.03463830568297,378.222249155236,10.2998306232893));
#2694=CARTESIAN_POINT('Ctrl Pts',(3.34617437413214,377.942574589632,10.2733650230331));
#2695=CARTESIAN_POINT('Ctrl Pts',(3.6577104425813,377.662900024029,10.2468994227768));
#2696=CARTESIAN_POINT('Ctrl Pts',(3.81687149208127,377.213490795741,10.2204338225205));
#2697=CARTESIAN_POINT('Ctrl Pts',(3.75079592013288,376.800082859832,10.1939682222643));
#2698=CARTESIAN_POINT('Ctrl Pts',(3.68472034818449,376.386674923923,10.167502622008));
#2699=CARTESIAN_POINT('Ctrl Pts',(3.39340815478774,376.009268280394,10.1410370217518));
#2700=CARTESIAN_POINT('Ctrl Pts',(3.01021765050651,375.840632166502,10.1145714214955));
#2701=CARTESIAN_POINT('Ctrl Pts',(2.62702714622528,375.671996052609,10.0881058212393));
#2702=CARTESIAN_POINT('Ctrl Pts',(2.15195833105956,375.712130468355,10.061640220983));
#2703=CARTESIAN_POINT('Ctrl Pts',(1.80249465149033,375.942669219945,10.0351746207268));
#2704=CARTESIAN_POINT('Ctrl Pts',(1.45656413486162,376.17087716859,10.0089765941369));
#2705=CARTESIAN_POINT('Ctrl Pts',(1.23371179576854,376.585658847197,9.98277856754711));
#2706=CARTESIAN_POINT('Ctrl Pts',(1.23333572486933,377.000082999524,9.95658054095729));
#2707=CARTESIAN_POINT('Origin',(2.5,377.,14.4000002145767));
#2708=CARTESIAN_POINT('',(1.23661225496782,376.998003631123,9.45658054095729));
#2709=CARTESIAN_POINT('',(1.23745928814689,377.00029067001,9.59341988819613));
#2710=CARTESIAN_POINT('',(1.2355,377.,14.4000002145767));
#2711=CARTESIAN_POINT('',(1.54188384727756,377.825211298936,9.40000021457672));
#2712=CARTESIAN_POINT('Ctrl Pts',(1.23661225496782,376.998003631123,9.45658054095729));
#2713=CARTESIAN_POINT('Ctrl Pts',(1.23919973432323,377.297253670162,9.43772043216376));
#2714=CARTESIAN_POINT('Ctrl Pts',(1.34630619730657,377.598134784363,9.41886032337024));
#2715=CARTESIAN_POINT('Ctrl Pts',(1.54188384727754,377.825211298936,9.40000021457672));
#2716=CARTESIAN_POINT('',(3.45999485759932,377.826640387389,9.40000021457672));
#2717=CARTESIAN_POINT('Origin',(2.5,377.,9.40000021457672));
#2718=CARTESIAN_POINT('Ctrl Pts',(3.45999658649863,377.826641702524,9.40000021457672));
#2719=CARTESIAN_POINT('Ctrl Pts',(3.19312113637733,378.135389934779,9.4257996653557));
#2720=CARTESIAN_POINT('Ctrl Pts',(2.76291430847559,378.304595571937,9.4515991161347));
#2721=CARTESIAN_POINT('Ctrl Pts',(2.35731677537777,378.258581074082,9.47739856691369));
#2722=CARTESIAN_POINT('Ctrl Pts',(1.94124659358029,378.211378468234,9.50386416716994));
#2723=CARTESIAN_POINT('Ctrl Pts',(1.55107295189502,377.937698147209,9.53032976742619));
#2724=CARTESIAN_POINT('Ctrl Pts',(1.36515945869524,377.562631179863,9.55679536768245));
#2725=CARTESIAN_POINT('Ctrl Pts',(1.2794004296218,377.389618568441,9.56900354118701));
#2726=CARTESIAN_POINT('Ctrl Pts',(1.23710458391447,377.19503255451,9.58121171469157));
#2727=CARTESIAN_POINT('Ctrl Pts',(1.23745928814689,377.00029067001,9.59341988819613));
#2728=CARTESIAN_POINT('Origin',(2.5,396.25,15.5042119381654));
#2729=CARTESIAN_POINT('',(0.954354572501339,396.250101193837,9.79578849098799));
#2730=CARTESIAN_POINT('',(0.959386235051273,396.250354417686,9.75421193816544));
#2731=CARTESIAN_POINT('',(0.957,396.25,15.5042119381654));
#2732=CARTESIAN_POINT('',(2.89851384185732,394.759350571782,9.40000021457672));
#2733=CARTESIAN_POINT('Ctrl Pts',(0.959386235051273,396.250354417686,9.75421193816544));
#2734=CARTESIAN_POINT('Ctrl Pts',(0.958953337860421,396.487987792941,9.74200376466088));
#2735=CARTESIAN_POINT('Ctrl Pts',(1.12245092542992,397.240174708826,9.70332999090006));
#2736=CARTESIAN_POINT('Ctrl Pts',(2.29429068869287,398.062146684548,9.638190616883));
#2737=CARTESIAN_POINT('Ctrl Pts',(3.91221806432302,397.405858251388,9.55879381611424));
#2738=CARTESIAN_POINT('Ctrl Pts',(4.23437019135991,395.689571355332,9.47939701534548));
#2739=CARTESIAN_POINT('Ctrl Pts',(3.39426887306185,394.891886926987,9.42646581483297));
#2740=CARTESIAN_POINT('Ctrl Pts',(2.89851384185727,394.759350571782,9.40000021457672));
#2741=CARTESIAN_POINT('',(2.10148615814287,394.759350571782,9.40000021457672));
#2742=CARTESIAN_POINT('Origin',(2.5,396.25,9.40000021457672));
#2743=CARTESIAN_POINT('Ctrl Pts',(0.954354572501339,396.250101193837,9.79578849098799));
#2744=CARTESIAN_POINT('Ctrl Pts',(0.954349885330817,396.255266169267,9.79552091732156));
#2745=CARTESIAN_POINT('Ctrl Pts',(0.956710955324111,396.771292175496,9.76878774339889));
#2746=CARTESIAN_POINT('Ctrl Pts',(1.52650805743421,397.792448238648,9.71558896921996));
#2747=CARTESIAN_POINT('Ctrl Pts',(3.26826563340943,397.904400927143,9.6361921684512));
#2748=CARTESIAN_POINT('Ctrl Pts',(4.30650362396504,396.501293369461,9.55679536768244));
#2749=CARTESIAN_POINT('Ctrl Pts',(3.69616196108066,394.882496181795,9.47806471639094));
#2750=CARTESIAN_POINT('Ctrl Pts',(2.58189221916974,394.628848462073,9.42579966535571));
#2751=CARTESIAN_POINT('Ctrl Pts',(2.10057724540869,394.756608183684,9.40000021457672));
#2752=CARTESIAN_POINT('Origin',(2.5,396.25,15.5042119381654));
#2753=CARTESIAN_POINT('',(0.95798212562281,396.251295547651,10.295788490988));
#2754=CARTESIAN_POINT('',(0.957007790472179,396.24858766522,10.2542119381654));
#2755=CARTESIAN_POINT('',(0.957,396.25,15.5042119381654));
#2756=CARTESIAN_POINT('Ctrl Pts',(0.957007790472179,396.24858766522,10.2542119381654));
#2757=CARTESIAN_POINT('Ctrl Pts',(0.960562865899944,396.637959456266,10.2341306995317));
#2758=CARTESIAN_POINT('Ctrl Pts',(1.30764163631285,397.546138052213,10.1875838606418));
#2759=CARTESIAN_POINT('Ctrl Pts',(2.8336805057205,398.043203599162,10.1145714214955));
#2760=CARTESIAN_POINT('Ctrl Pts',(4.187662611384,396.941927112928,10.0351746207268));
#2761=CARTESIAN_POINT('Ctrl Pts',(3.9964304760959,395.207116668197,9.95577781995803));
#2762=CARTESIAN_POINT('Ctrl Pts',(2.43516186719425,394.427191820791,9.87638101918927));
#2763=CARTESIAN_POINT('Ctrl Pts',(1.16408206380458,395.179413654378,9.80919239192508));
#2764=CARTESIAN_POINT('Ctrl Pts',(0.959891797983129,395.972832113454,9.76846936491713));
#2765=CARTESIAN_POINT('Ctrl Pts',(0.959386235051273,396.250354417686,9.75421193816544));
#2766=CARTESIAN_POINT('Ctrl Pts',(0.95798212562281,396.251295547651,10.295788490988));
#2767=CARTESIAN_POINT('Ctrl Pts',(0.956724959728817,396.409394466885,10.2876478521924));
#2768=CARTESIAN_POINT('Ctrl Pts',(1.0518113644773,397.080004507756,10.2530416131406));
#2769=CARTESIAN_POINT('Ctrl Pts',(2.02021789283921,398.009756008108,10.1919697738325));
#2770=CARTESIAN_POINT('Ctrl Pts',(3.71847860445596,397.607293903182,10.1125729730638));
#2771=CARTESIAN_POINT('Ctrl Pts',(4.30112679489542,395.962120880629,10.033176172295));
#2772=CARTESIAN_POINT('Ctrl Pts',(3.23470682524812,394.580530850963,9.95377937152623));
#2773=CARTESIAN_POINT('Ctrl Pts',(1.50146140515506,394.726957861982,9.8746501444239));
#2774=CARTESIAN_POINT('Ctrl Pts',(0.954813491421108,395.74440059388,9.82198651757782));
#2775=CARTESIAN_POINT('Ctrl Pts',(0.954354572501339,396.250101193837,9.79578849098799));
#2776=CARTESIAN_POINT('Origin',(2.5,396.25,15.5042119381654));
#2777=CARTESIAN_POINT('',(0.958958515882614,396.249166879383,10.795788490988));
#2778=CARTESIAN_POINT('',(0.954560663962007,396.250522223849,10.7542119381654));
#2779=CARTESIAN_POINT('',(0.957,396.25,15.5042119381654));
#2780=CARTESIAN_POINT('Ctrl Pts',(0.954560663962007,396.250522223849,10.7542119381654));
#2781=CARTESIAN_POINT('Ctrl Pts',(0.954434300885273,396.279269308546,10.7527232346588));
#2782=CARTESIAN_POINT('Ctrl Pts',(0.968191231559985,396.818947690769,10.724768930896));
#2783=CARTESIAN_POINT('Ctrl Pts',(1.59853807153425,397.835654549701,10.6703490268769));
#2784=CARTESIAN_POINT('Ctrl Pts',(3.34355078810779,397.867206189478,10.5909522261081));
#2785=CARTESIAN_POINT('Ctrl Pts',(4.31622772369239,396.418080714055,10.5115554253393));
#2786=CARTESIAN_POINT('Ctrl Pts',(3.62600754124784,394.815064132569,10.4321586245706));
#2787=CARTESIAN_POINT('Ctrl Pts',(1.90484110369485,394.525842689878,10.3527618238018));
#2788=CARTESIAN_POINT('Ctrl Pts',(1.0260883220277,395.48910704056,10.2934462616668));
#2789=CARTESIAN_POINT('Ctrl Pts',(0.955877537127739,396.124795982595,10.260596299788));
#2790=CARTESIAN_POINT('Ctrl Pts',(0.957007790472179,396.24858766522,10.2542119381654));
#2791=CARTESIAN_POINT('Ctrl Pts',(0.958958515882614,396.249166879383,10.795788490988));
#2792=CARTESIAN_POINT('Ctrl Pts',(0.960484725648526,396.56066405322,10.7797747870633));
#2793=CARTESIAN_POINT('Ctrl Pts',(1.20344553854379,397.389157023451,10.7372954828823));
#2794=CARTESIAN_POINT('Ctrl Pts',(2.55587044054971,398.073132459143,10.6683505784451));
#2795=CARTESIAN_POINT('Ctrl Pts',(4.06216629297674,397.191578456579,10.5889537776763));
#2796=CARTESIAN_POINT('Ctrl Pts',(4.13817818954915,395.447936588432,10.5095569769075));
#2797=CARTESIAN_POINT('Ctrl Pts',(2.71431140619327,394.438645824286,10.4301601761388));
#2798=CARTESIAN_POINT('Ctrl Pts',(1.26033500919622,395.02123219112,10.3589040141656));
#2799=CARTESIAN_POINT('Ctrl Pts',(0.960812065279343,395.895407431902,10.3141134524487));
#2800=CARTESIAN_POINT('Ctrl Pts',(0.95798212562281,396.251295547651,10.295788490988));
#2801=CARTESIAN_POINT('Origin',(2.5,396.25,15.5042119381654));
#2802=CARTESIAN_POINT('',(0.954942817130973,396.249143272424,11.295788490988));
#2803=CARTESIAN_POINT('',(0.958554532692753,396.251088551353,11.2542119381654));
#2804=CARTESIAN_POINT('',(0.957,396.25,15.5042119381654));
#2805=CARTESIAN_POINT('Ctrl Pts',(0.958554532692753,396.251088551353,11.2542119381654));
#2806=CARTESIAN_POINT('Ctrl Pts',(0.957369734646396,396.433073204649,11.2448501695297));
#2807=CARTESIAN_POINT('Ctrl Pts',(1.07134344078014,397.128090135628,11.2090228006377));
#2808=CARTESIAN_POINT('Ctrl Pts',(2.10170899841723,398.029971412137,11.1467298314894));
#2809=CARTESIAN_POINT('Ctrl Pts',(3.77964905757519,397.549781611354,11.0673330307206));
#2810=CARTESIAN_POINT('Ctrl Pts',(4.28597153315648,395.879541318059,10.9879362299519));
#2811=CARTESIAN_POINT('Ctrl Pts',(3.15709907268537,394.548484569408,10.9085394291831));
#2812=CARTESIAN_POINT('Ctrl Pts',(1.45904876771223,394.771043905774,10.830631331921));
#2813=CARTESIAN_POINT('Ctrl Pts',(0.956680735223037,395.768214656802,10.7791888349151));
#2814=CARTESIAN_POINT('Ctrl Pts',(0.954560663962007,396.250522223849,10.7542119381654));
#2815=CARTESIAN_POINT('Ctrl Pts',(0.954942817130973,396.249143272424,11.295788490988));
#2816=CARTESIAN_POINT('Ctrl Pts',(0.958020238629904,396.710702298403,11.2719017219341));
#2817=CARTESIAN_POINT('Ctrl Pts',(1.4227763811274,397.68902717128,11.221549352624));
#2818=CARTESIAN_POINT('Ctrl Pts',(3.08663697262428,397.977075721901,11.1447313830576));
#2819=CARTESIAN_POINT('Ctrl Pts',(4.2692430144613,396.693522990415,11.0653345822889));
#2820=CARTESIAN_POINT('Ctrl Pts',(3.83197037475338,395.003890691731,10.9859377815201));
#2821=CARTESIAN_POINT('Ctrl Pts',(2.17517594172589,394.455167747019,10.9065409807513));
#2822=CARTESIAN_POINT('Ctrl Pts',(1.08996178113989,395.328983377291,10.8431578839073));
#2823=CARTESIAN_POINT('Ctrl Pts',(0.95796238242539,396.045857502376,10.8062403873195));
#2824=CARTESIAN_POINT('Ctrl Pts',(0.958958515882614,396.249166879383,10.795788490988));
#2825=CARTESIAN_POINT('Origin',(2.5,396.25,15.5042119381654));
#2826=CARTESIAN_POINT('',(0.956366566751005,396.251365527706,11.795788490988));
#2827=CARTESIAN_POINT('',(0.958498684590384,396.24888491047,11.7542119381654));
#2828=CARTESIAN_POINT('',(0.957,396.25,15.5042119381654));
#2829=CARTESIAN_POINT('Ctrl Pts',(0.958498684590384,396.24888491047,11.7542119381654));
#2830=CARTESIAN_POINT('Ctrl Pts',(0.960738253340128,396.58388460119,11.7369771044005));
#2831=CARTESIAN_POINT('Ctrl Pts',(1.23275640659947,397.436617509246,11.6932766703794));
#2832=CARTESIAN_POINT('Ctrl Pts',(2.63971045219037,398.068629962133,11.623110636102));
#2833=CARTESIAN_POINT('Ctrl Pts',(4.10384210430941,397.118691230552,11.5437138353332));
#2834=CARTESIAN_POINT('Ctrl Pts',(4.09953238808533,395.373398557441,11.4643170345644));
#2835=CARTESIAN_POINT('Ctrl Pts',(2.63072718166368,394.430702236126,11.3849202337957));
#2836=CARTESIAN_POINT('Ctrl Pts',(1.22953254587293,395.068462482028,11.3148852016627));
#2837=CARTESIAN_POINT('Ctrl Pts',(0.960719143577472,395.918604916198,11.2713157697859));
#2838=CARTESIAN_POINT('Ctrl Pts',(0.958554532692753,396.251088551353,11.2542119381654));
#2839=CARTESIAN_POINT('Ctrl Pts',(0.956366566751005,396.251365527706,11.795788490988));
#2840=CARTESIAN_POINT('Ctrl Pts',(0.955422872426628,396.353910482854,11.7904942570612));
#2841=CARTESIAN_POINT('Ctrl Pts',(1.011481062941,396.968045915189,11.7587344228782));
#2842=CARTESIAN_POINT('Ctrl Pts',(1.83450580547096,397.948249382178,11.7005089884389));
#2843=CARTESIAN_POINT('Ctrl Pts',(3.56610215730858,397.72998637737,11.6211121876702));
#2844=CARTESIAN_POINT('Ctrl Pts',(4.32159961108042,396.156681492007,11.5417153869014));
#2845=CARTESIAN_POINT('Ctrl Pts',(3.40928187387268,394.668816911021,11.4623185861326));
#2846=CARTESIAN_POINT('Ctrl Pts',(1.66444632490453,394.628647619104,11.3829217853639));
#2847=CARTESIAN_POINT('Ctrl Pts',(0.979407034204897,395.638428428045,11.327411753649));
#2848=CARTESIAN_POINT('Ctrl Pts',(0.954610576694167,396.199313058248,11.2983673221904));
#2849=CARTESIAN_POINT('Ctrl Pts',(0.954942817130973,396.249143272424,11.295788490988));
#2850=CARTESIAN_POINT('Origin',(2.5,396.25,15.5042119381654));
#2851=CARTESIAN_POINT('',(0.959410757872796,396.250020942847,12.295788490988));
#2852=CARTESIAN_POINT('',(0.954526065495962,396.249521484327,12.2542119381655));
#2853=CARTESIAN_POINT('',(0.957,396.25,15.5042119381654));
#2854=CARTESIAN_POINT('Ctrl Pts',(0.954526065495962,396.249521484327,12.2542119381654));
#2855=CARTESIAN_POINT('Ctrl Pts',(0.956499226683051,396.734329795622,12.2291040392714));
#2856=CARTESIAN_POINT('Ctrl Pts',(1.46350841870473,397.733718822078,12.1775305401211));
#2857=CARTESIAN_POINT('Ctrl Pts',(3.16549424079555,397.948249500245,12.0994914407145));
#2858=CARTESIAN_POINT('Ctrl Pts',(4.28777931574055,396.611633886442,12.0200946399458));
#2859=CARTESIAN_POINT('Ctrl Pts',(3.77321429323736,394.943914507734,11.940697839177));
#2860=CARTESIAN_POINT('Ctrl Pts',(2.09292320957584,394.472017312707,11.8613010384082));
#2861=CARTESIAN_POINT('Ctrl Pts',(1.06918175451482,395.377068864577,11.7991390714044));
#2862=CARTESIAN_POINT('Ctrl Pts',(0.95729919891781,396.069463167163,11.7634427046568));
#2863=CARTESIAN_POINT('Ctrl Pts',(0.958498684590384,396.24888491047,11.7542119381654));
#2864=CARTESIAN_POINT('Ctrl Pts',(0.959410757872796,396.250020942847,12.295788490988));
#2865=CARTESIAN_POINT('Ctrl Pts',(0.959379740272702,396.506338028041,12.2826211919321));
#2866=CARTESIAN_POINT('Ctrl Pts',(1.14138781701768,397.277797965065,12.2429882926199));
#2867=CARTESIAN_POINT('Ctrl Pts',(2.36028955752245,398.068629835698,12.1768897930515));
#2868=CARTESIAN_POINT('Ctrl Pts',(3.95233681276218,397.353472369077,12.0974929922827));
#2869=CARTESIAN_POINT('Ctrl Pts',(4.21465750020179,395.628000688087,12.018096191514));
#2870=CARTESIAN_POINT('Ctrl Pts',(2.90707676212342,394.472017436317,11.9386993907452));
#2871=CARTESIAN_POINT('Ctrl Pts',(1.33882876624779,394.91244816737,11.8645968239032));
#2872=CARTESIAN_POINT('Ctrl Pts',(0.960140351309977,395.841293581376,11.8169598573175));
#2873=CARTESIAN_POINT('Ctrl Pts',(0.956366566751005,396.251365527706,11.795788490988));
#2874=CARTESIAN_POINT('Origin',(2.5,396.25,15.5042119381654));
#2875=CARTESIAN_POINT('',(0.956443480485784,396.248623873603,12.795788490988));
#2876=CARTESIAN_POINT('',(0.957084116585036,396.251411702375,12.7542119381654));
#2877=CARTESIAN_POINT('',(0.957,396.25,15.5042119381654));
#2878=CARTESIAN_POINT('Ctrl Pts',(0.957084116585036,396.251411702375,12.7542119381654));
#2879=CARTESIAN_POINT('Ctrl Pts',(0.955936342101489,396.377759382172,12.7476965743985));
#2880=CARTESIAN_POINT('Ctrl Pts',(1.02791331745868,397.016044609928,12.7147156103753));
#2881=CARTESIAN_POINT('Ctrl Pts',(1.91336298659121,397.977075841971,12.6552690460958));
#2882=CARTESIAN_POINT('Ctrl Pts',(3.63308062323317,397.679357285956,12.5758722453271));
#2883=CARTESIAN_POINT('Ctrl Pts',(4.31537540115171,396.072951694377,12.4964754445583));
#2884=CARTESIAN_POINT('Ctrl Pts',(3.33555373318521,394.628647506384,12.4170786437896));
#2885=CARTESIAN_POINT('Ctrl Pts',(1.59071806291212,394.668816801093,12.3376818430208));
#2886=CARTESIAN_POINT('Ctrl Pts',(0.966905376788561,395.686169377942,12.2833929411461));
#2887=CARTESIAN_POINT('Ctrl Pts',(0.954419367454727,396.223305634589,12.2555696395276));
#2888=CARTESIAN_POINT('Ctrl Pts',(0.954526065495962,396.249521484327,12.2542119381654));
#2889=CARTESIAN_POINT('Ctrl Pts',(0.956443480485784,396.248623873603,12.795788490988));
#2890=CARTESIAN_POINT('Ctrl Pts',(0.96020299733527,396.65621064827,12.7747481268029));
#2891=CARTESIAN_POINT('Ctrl Pts',(1.33500578086526,397.582593206371,12.7272421623616));
#2892=CARTESIAN_POINT('Ctrl Pts',(2.89829097389237,398.02997128839,12.653270597664));
#2893=CARTESIAN_POINT('Ctrl Pts',(4.21156475630838,396.880459810146,12.5738737968953));
#2894=CARTESIAN_POINT('Ctrl Pts',(3.95776875886787,395.153713663089,12.4944769961265));
#2895=CARTESIAN_POINT('Ctrl Pts',(2.36927282742496,394.430702362608,12.4150801953577));
#2896=CARTESIAN_POINT('Ctrl Pts',(1.14405683345996,395.217060284868,12.3488506936449));
#2897=CARTESIAN_POINT('Ctrl Pts',(0.959442084068609,395.991153745617,12.3090867921883));
#2898=CARTESIAN_POINT('Ctrl Pts',(0.959410757872796,396.250020942847,12.295788490988));
#2899=CARTESIAN_POINT('Origin',(2.5,396.25,15.5042119381654));
#2900=CARTESIAN_POINT('',(0.954888911179754,396.250819712803,13.295788490988));
#2901=CARTESIAN_POINT('',(0.959331154036265,396.249634559327,13.2542119381655));
#2902=CARTESIAN_POINT('',(0.957,396.25,15.5042119381654));
#2903=CARTESIAN_POINT('Ctrl Pts',(0.959331154036265,396.249634559327,13.2542119381655));
#2904=CARTESIAN_POINT('Ctrl Pts',(0.959924287916797,396.529686349779,13.2398235092693));
#2905=CARTESIAN_POINT('Ctrl Pts',(1.16695862886586,397.325673087423,13.198969480117));
#2906=CARTESIAN_POINT('Ctrl Pts',(2.44412955556549,398.073132585895,13.1316498507084));
#2907=CARTESIAN_POINT('Ctrl Pts',(4.00157921542048,397.285467919195,13.0522530499396));
#2908=CARTESIAN_POINT('Ctrl Pts',(4.18421708593036,395.549752358282,12.9728562491709));
#2909=CARTESIAN_POINT('Ctrl Pts',(2.82482408085685,394.455167622238,12.8934594484021));
#2910=CARTESIAN_POINT('Ctrl Pts',(1.30398739321616,394.958861966589,12.8205780114003));
#2911=CARTESIAN_POINT('Ctrl Pts',(0.960598635989049,395.864531371211,12.7741621746547));
#2912=CARTESIAN_POINT('Ctrl Pts',(0.957084116585036,396.251411702375,12.7542119381654));
#2913=CARTESIAN_POINT('Ctrl Pts',(0.954888911179754,396.250819712803,13.295788490988));
#2914=CARTESIAN_POINT('Ctrl Pts',(0.954584567963112,396.298114253565,13.29334066193));
#2915=CARTESIAN_POINT('Ctrl Pts',(0.978010082642961,396.856445489764,13.2644272326158));
#2916=CARTESIAN_POINT('Ctrl Pts',(1.65644927055684,397.867206077022,13.2090482030453));
#2917=CARTESIAN_POINT('Ctrl Pts',(3.40146186578421,397.835654439475,13.1296514022766));
#2918=CARTESIAN_POINT('Ctrl Pts',(4.32111653795084,396.352313596399,13.0502546015078));
#2919=CARTESIAN_POINT('Ctrl Pts',(3.57339827846356,394.775296773754,12.9708578007391));
#2920=CARTESIAN_POINT('Ctrl Pts',(1.84290097299903,394.5484846877,12.8914609999703));
#2921=CARTESIAN_POINT('Ctrl Pts',(1.01318278620936,395.526807776159,12.8331045633866));
#2922=CARTESIAN_POINT('Ctrl Pts',(0.955474092967457,396.143528046714,12.8012137270592));
#2923=CARTESIAN_POINT('Ctrl Pts',(0.956443480485784,396.248623873603,12.795788490988));
#2924=CARTESIAN_POINT('Origin',(2.5,396.25,15.5042119381654));
#2925=CARTESIAN_POINT('',(0.95891840025977,396.250865077604,13.795788490988));
#2926=CARTESIAN_POINT('',(0.95574359867636,396.248773938145,13.7542119381655));
#2927=CARTESIAN_POINT('',(0.957,396.25,15.5042119381654));
#2928=CARTESIAN_POINT('Ctrl Pts',(0.95574359867636,396.248773938145,13.7542119381655));
#2929=CARTESIAN_POINT('Ctrl Pts',(0.959484144857913,396.679511231427,13.7319504441402));
#2930=CARTESIAN_POINT('Ctrl Pts',(1.37144519776211,397.628604598322,13.6832233498587));
#2931=CARTESIAN_POINT('Ctrl Pts',(2.97978214051644,398.009756130701,13.6080306553209));
#2932=CARTESIAN_POINT('Ctrl Pts',(4.23876478148886,396.801027187388,13.5286338545522));
#2933=CARTESIAN_POINT('Ctrl Pts',(3.90577418475063,395.08778951466,13.4492370537834));
#2934=CARTESIAN_POINT('Ctrl Pts',(2.28568857890936,394.438645698326,13.3698402530147));
#2935=CARTESIAN_POINT('Ctrl Pts',(1.11985737552724,395.265031059606,13.304831881142));
#2936=CARTESIAN_POINT('Ctrl Pts',(0.958833297073116,396.014568348315,13.2662891095256));
#2937=CARTESIAN_POINT('Ctrl Pts',(0.959331154036265,396.249634559327,13.2542119381655));
#2938=CARTESIAN_POINT('Ctrl Pts',(0.95891840025977,396.250865077604,13.795788490988));
#2939=CARTESIAN_POINT('Ctrl Pts',(0.957891754735936,396.451613509612,13.7854675968009));
#2940=CARTESIAN_POINT('Ctrl Pts',(1.08765894580096,397.165862839925,13.7486811023575));
#2941=CARTESIAN_POINT('Ctrl Pts',(2.16631951841187,398.043203472799,13.6854290076579));
#2942=CARTESIAN_POINT('Ctrl Pts',(3.82579832733637,397.502673506502,13.6060322068891));
#2943=CARTESIAN_POINT('Ctrl Pts',(4.27141264373301,395.81521948669,13.5266354061204));
#2944=CARTESIAN_POINT('Ctrl Pts',(3.09515885478714,394.525842809953,13.4472386053516));
#2945=CARTESIAN_POINT('Ctrl Pts',(1.42705665159655,394.806147442195,13.3702896336408));
#2946=CARTESIAN_POINT('Ctrl Pts',(0.95787508610046,395.786772006833,13.3198062621863));
#2947=CARTESIAN_POINT('Ctrl Pts',(0.954888911179754,396.250819712803,13.295788490988));
#2948=CARTESIAN_POINT('Origin',(2.5,396.25,15.5042119381654));
#2949=CARTESIAN_POINT('',(0.958588734987125,396.248735003382,14.295788490988));
#2950=CARTESIAN_POINT('',(0.955459709366684,396.251106167807,14.2542119381655));
#2951=CARTESIAN_POINT('',(0.957,396.25,15.5042119381654));
#2952=CARTESIAN_POINT('',(2.10148615814285,394.759350571782,14.4000002145767));
#2953=CARTESIAN_POINT('Ctrl Pts',(2.10148615814286,394.759350571782,14.4000002145767));
#2954=CARTESIAN_POINT('Ctrl Pts',(1.60573112693827,394.891886926987,14.3735346143205));
#2955=CARTESIAN_POINT('Ctrl Pts',(1.05439646564724,395.41538397181,14.3387973731242));
#2956=CARTESIAN_POINT('Ctrl Pts',(0.957386081862733,396.088119456545,14.304060131928));
#2957=CARTESIAN_POINT('Ctrl Pts',(0.958588734987125,396.248735003382,14.295788490988));
#2958=CARTESIAN_POINT('',(2.89942188817986,394.756610359139,14.4000002145767));
#2959=CARTESIAN_POINT('Origin',(2.5,396.25,14.4000002145767));
#2960=CARTESIAN_POINT('Ctrl Pts',(2.89942267088567,394.756607997167,14.4000002145767));
#2961=CARTESIAN_POINT('Ctrl Pts',(2.41810775502579,394.628848341057,14.3742007637977));
#2962=CARTESIAN_POINT('Ctrl Pts',(1.38205860807502,394.864690145939,14.3256046716606));
#2963=CARTESIAN_POINT('Ctrl Pts',(0.959044780801311,395.810297939323,14.2770085795236));
#2964=CARTESIAN_POINT('Ctrl Pts',(0.955459709366684,396.251106167807,14.2542119381655));
#2965=CARTESIAN_POINT('Origin',(2.5,377.,15.5042119381654));
#2966=CARTESIAN_POINT('',(0.954359053755175,377.000101279767,9.79578849098799));
#2967=CARTESIAN_POINT('',(0.959390811870834,377.000354688672,9.75421193816544));
#2968=CARTESIAN_POINT('',(0.957000000000001,377.,15.5042119381654));
#2969=CARTESIAN_POINT('',(2.89851384185732,375.509350571782,9.40000021457672));
#2970=CARTESIAN_POINT('Ctrl Pts',(0.959390811870834,377.000354688672,9.75421193816544));
#2971=CARTESIAN_POINT('Ctrl Pts',(0.958957985749327,377.23798752994,9.74200376466088));
#2972=CARTESIAN_POINT('Ctrl Pts',(1.12245531578621,377.990172365311,9.70332999090007));
#2973=CARTESIAN_POINT('Ctrl Pts',(2.29429135865145,378.812135794248,9.63819061688299));
#2974=CARTESIAN_POINT('Ctrl Pts',(3.91221461347148,378.155857042897,9.55879381611424));
#2975=CARTESIAN_POINT('Ctrl Pts',(4.23437433037816,376.439535731721,9.47939701534548));
#2976=CARTESIAN_POINT('Ctrl Pts',(3.39426887306187,375.641886926987,9.42646581483297));
#2977=CARTESIAN_POINT('Ctrl Pts',(2.89851384185729,375.509350571782,9.40000021457672));
#2978=CARTESIAN_POINT('',(2.10148615814287,375.509350571782,9.40000021457672));
#2979=CARTESIAN_POINT('Origin',(2.5,377.,9.40000021457672));
#2980=CARTESIAN_POINT('Ctrl Pts',(0.954359053755175,377.000101279767,9.79578849098799));
#2981=CARTESIAN_POINT('Ctrl Pts',(0.954354366791239,377.005266239514,9.79552091732156));
#2982=CARTESIAN_POINT('Ctrl Pts',(0.956715449677127,377.521290676631,9.76878774339889));
#2983=CARTESIAN_POINT('Ctrl Pts',(1.52651103105386,378.542443171955,9.71558896921996));
#2984=CARTESIAN_POINT('Ctrl Pts',(3.26826297862747,378.654397261845,9.6361921684512));
#2985=CARTESIAN_POINT('Ctrl Pts',(4.30649905719651,377.251290823108,9.55679536768245));
#2986=CARTESIAN_POINT('Ctrl Pts',(3.69615528545442,375.63250471406,9.47806471639095));
#2987=CARTESIAN_POINT('Ctrl Pts',(2.58189129534594,375.378853386716,9.42579966535571));
#2988=CARTESIAN_POINT('Ctrl Pts',(2.10057386652326,375.506615874136,9.40000021457672));
#2989=CARTESIAN_POINT('Origin',(2.5,377.,15.5042119381654));
#2990=CARTESIAN_POINT('',(0.957986610287646,377.001295545527,10.295788490988));
#2991=CARTESIAN_POINT('',(0.957012275460394,376.998587669919,10.2542119381654));
#2992=CARTESIAN_POINT('',(0.957000000000001,377.,15.5042119381654));
#2993=CARTESIAN_POINT('Ctrl Pts',(0.957012275460394,376.998587669919,10.2542119381654));
#2994=CARTESIAN_POINT('Ctrl Pts',(0.960567344574587,377.387958335816,10.2341306995317));
#2995=CARTESIAN_POINT('Ctrl Pts',(1.30764511894892,378.296134312324,10.1875838606418));
#2996=CARTESIAN_POINT('Ctrl Pts',(2.83367949570323,378.793198313769,10.1145714214955));
#2997=CARTESIAN_POINT('Ctrl Pts',(4.18765777809111,377.691925246853,10.0351746207268));
#2998=CARTESIAN_POINT('Ctrl Pts',(3.9964260015173,375.957119408145,9.95577781995803));
#2999=CARTESIAN_POINT('Ctrl Pts',(2.43516226492173,375.177197678119,9.87638101918928));
#3000=CARTESIAN_POINT('Ctrl Pts',(1.16408572699802,375.929415851944,9.80919239192507));
#3001=CARTESIAN_POINT('Ctrl Pts',(0.959896291803709,376.722833008061,9.76846936491713));
#3002=CARTESIAN_POINT('Ctrl Pts',(0.959390811870834,377.000354688672,9.75421193816544));
#3003=CARTESIAN_POINT('Ctrl Pts',(0.957986610287646,377.001295545527,10.295788490988));
#3004=CARTESIAN_POINT('Ctrl Pts',(0.956729448062875,377.159394005141,10.2876478521924));
#3005=CARTESIAN_POINT('Ctrl Pts',(1.05181557632277,377.830002095551,10.2530416131406));
#3006=CARTESIAN_POINT('Ctrl Pts',(2.02021928822261,378.759750879349,10.1919697738325));
#3007=CARTESIAN_POINT('Ctrl Pts',(3.71847506012218,378.357289977323,10.1125729730638));
#3008=CARTESIAN_POINT('Ctrl Pts',(4.30112155924065,376.712121675428,10.033176172295));
#3009=CARTESIAN_POINT('Ctrl Pts',(3.23470468044779,375.330535789389,9.95377937152624));
#3010=CARTESIAN_POINT('Ctrl Pts',(1.50146433124643,375.4769621313,9.8746501444239));
#3011=CARTESIAN_POINT('Ctrl Pts',(0.954817952448305,376.494402215283,9.82198651757782));
#3012=CARTESIAN_POINT('Ctrl Pts',(0.954359053755175,377.000101279767,9.79578849098799));
#3013=CARTESIAN_POINT('Origin',(2.5,377.,15.5042119381654));
#3014=CARTESIAN_POINT('',(0.958962997682328,376.999166881817,10.795788490988));
#3015=CARTESIAN_POINT('',(0.954565156052684,377.000522222258,10.7542119381654));
#3016=CARTESIAN_POINT('',(0.957000000000001,377.,15.5042119381654));
#3017=CARTESIAN_POINT('Ctrl Pts',(0.954565156052684,377.000522222258,10.7542119381654));
#3018=CARTESIAN_POINT('Ctrl Pts',(0.954438793345235,377.029269223398,10.7527232346588));
#3019=CARTESIAN_POINT('Ctrl Pts',(0.96819568407833,377.568946036989,10.724768930896));
#3020=CARTESIAN_POINT('Ctrl Pts',(1.5985406922474,378.585649941184,10.6703490268769));
#3021=CARTESIAN_POINT('Ctrl Pts',(3.3435483353171,378.617201487644,10.5909522261081));
#3022=CARTESIAN_POINT('Ctrl Pts',(4.31622244606057,377.168080227683,10.5115554253393));
#3023=CARTESIAN_POINT('Ctrl Pts',(3.62600426510655,375.565068299076,10.4321586245706));
#3024=CARTESIAN_POINT('Ctrl Pts',(1.90484283973675,375.275847710496,10.3527618238018));
#3025=CARTESIAN_POINT('Ctrl Pts',(1.02609259915012,376.23910924099,10.2934462616668));
#3026=CARTESIAN_POINT('Ctrl Pts',(0.955882024123206,376.874796345009,10.260596299788));
#3027=CARTESIAN_POINT('Ctrl Pts',(0.957012275460394,376.998587669919,10.2542119381654));
#3028=CARTESIAN_POINT('Ctrl Pts',(0.958962997682328,376.999166881817,10.795788490988));
#3029=CARTESIAN_POINT('Ctrl Pts',(0.960489203010974,377.310663149741,10.7797747870633));
#3030=CARTESIAN_POINT('Ctrl Pts',(1.2034493093085,378.139153710498,10.7372954828823));
#3031=CARTESIAN_POINT('Ctrl Pts',(2.55587027804567,378.823127156776,10.6683505784451));
#3032=CARTESIAN_POINT('Ctrl Pts',(4.06216174976999,377.941575718528,10.5889537776763));
#3033=CARTESIAN_POINT('Ctrl Pts',(4.13817342519934,376.197938920391,10.5095569769075));
#3034=CARTESIAN_POINT('Ctrl Pts',(2.71431078299083,375.188651093594,10.4301601761388));
#3035=CARTESIAN_POINT('Ctrl Pts',(1.26033861441542,375.771235762424,10.3589040141656));
#3036=CARTESIAN_POINT('Ctrl Pts',(0.960816541684586,376.645408464405,10.3141134524487));
#3037=CARTESIAN_POINT('Ctrl Pts',(0.957986610287646,377.001295545527,10.295788490988));
#3038=CARTESIAN_POINT('Origin',(2.5,377.,15.5042119381654));
#3039=CARTESIAN_POINT('',(0.954947310608485,376.999143274916,11.295788490988));
#3040=CARTESIAN_POINT('',(0.958559013234364,377.001088548188,11.2542119381654));
#3041=CARTESIAN_POINT('',(0.957000000000001,377.,15.5042119381654));
#3042=CARTESIAN_POINT('Ctrl Pts',(0.958559013234364,377.001088548188,11.2542119381654));
#3043=CARTESIAN_POINT('Ctrl Pts',(0.957374218631722,377.183072672507,11.2448501695297));
#3044=CARTESIAN_POINT('Ctrl Pts',(1.07134759347634,377.87808758327,11.2090228006377));
#3045=CARTESIAN_POINT('Ctrl Pts',(2.10171015614209,378.779966238275,11.1467298314894));
#3046=CARTESIAN_POINT('Ctrl Pts',(3.77964533798705,378.299777833245,11.0673330307207));
#3047=CARTESIAN_POINT('Ctrl Pts',(4.28596634187285,376.629542394907,10.9879362299519));
#3048=CARTESIAN_POINT('Ctrl Pts',(3.15709716263258,375.298489515167,10.9085394291831));
#3049=CARTESIAN_POINT('Ctrl Pts',(1.45905179356407,375.521048204802,10.830631331921));
#3050=CARTESIAN_POINT('Ctrl Pts',(0.956685221117994,376.518216057098,10.7791888349151));
#3051=CARTESIAN_POINT('Ctrl Pts',(0.954565156052684,377.000522222258,10.7542119381654));
#3052=CARTESIAN_POINT('Ctrl Pts',(0.954947310608485,376.999143274916,11.295788490988));
#3053=CARTESIAN_POINT('Ctrl Pts',(0.958024723157407,377.460700958546,11.2719017219341));
#3054=CARTESIAN_POINT('Ctrl Pts',(1.42277951400844,378.43902298617,11.221549352624));
#3055=CARTESIAN_POINT('Ctrl Pts',(3.08663526651226,378.727070699058,11.1447313830576));
#3056=CARTESIAN_POINT('Ctrl Pts',(4.26923786898658,377.443521700525,11.0653345822889));
#3057=CARTESIAN_POINT('Ctrl Pts',(3.8319665009932,375.753894315771,10.9859377815201));
#3058=CARTESIAN_POINT('Ctrl Pts',(2.1751768864117,375.205172966935,10.9065409807513));
#3059=CARTESIAN_POINT('Ctrl Pts',(1.08996588193948,376.078986055848,10.8431578839073));
#3060=CARTESIAN_POINT('Ctrl Pts',(0.957966867121241,376.795858096085,10.8062403873195));
#3061=CARTESIAN_POINT('Ctrl Pts',(0.958962997682328,376.999166881817,10.795788490988));
#3062=CARTESIAN_POINT('Origin',(2.5,377.,15.5042119381654));
#3063=CARTESIAN_POINT('',(0.956371056087852,377.001365523735,11.795788490988));
#3064=CARTESIAN_POINT('',(0.958503165295239,376.998884913712,11.7542119381654));
#3065=CARTESIAN_POINT('',(0.957000000000001,377.,15.5042119381654));
#3066=CARTESIAN_POINT('Ctrl Pts',(0.958503165295239,376.998884913712,11.7542119381655));
#3067=CARTESIAN_POINT('Ctrl Pts',(0.960742727535188,377.333883630683,11.7369771044005));
#3068=CARTESIAN_POINT('Ctrl Pts',(1.23276009011528,378.186614060087,11.6932766703794));
#3069=CARTESIAN_POINT('Ctrl Pts',(2.63971004609198,378.818624675894,11.623110636102));
#3070=CARTESIAN_POINT('Ctrl Pts',(4.10383744239745,377.868688705514,11.5437138353332));
#3071=CARTESIAN_POINT('Ctrl Pts',(4.09952773870108,376.123401105472,11.4643170345644));
#3072=CARTESIAN_POINT('Ctrl Pts',(2.63072680167628,375.180707524305,11.3849202337957));
#3073=CARTESIAN_POINT('Ctrl Pts',(1.22953623876093,375.818465916422,11.3148852016627));
#3074=CARTESIAN_POINT('Ctrl Pts',(0.960723617827458,376.668605879468,11.2713157697859));
#3075=CARTESIAN_POINT('Ctrl Pts',(0.958559013234364,377.001088548188,11.2542119381654));
#3076=CARTESIAN_POINT('Ctrl Pts',(0.956371056087851,377.001365523735,11.795788490988));
#3077=CARTESIAN_POINT('Ctrl Pts',(0.955427364508014,377.103910180652,11.7904942570612));
#3078=CARTESIAN_POINT('Ctrl Pts',(1.0114853919888,377.718043826902,11.7587344228782));
#3079=CARTESIAN_POINT('Ctrl Pts',(1.83450774092242,378.698244443174,11.7005089884389));
#3080=CARTESIAN_POINT('Ctrl Pts',(3.56609905677212,378.479982073137,11.6211121876702));
#3081=CARTESIAN_POINT('Ctrl Pts',(4.32159431333676,376.906681763405,11.5417153869014));
#3082=CARTESIAN_POINT('Ctrl Pts',(3.40927922941543,375.418821509563,11.4623185861326));
#3083=CARTESIAN_POINT('Ctrl Pts',(1.6644487549387,375.378652334471,11.3829217853639));
#3084=CARTESIAN_POINT('Ctrl Pts',(0.979411456533288,376.388430206673,11.327411753649));
#3085=CARTESIAN_POINT('Ctrl Pts',(0.954615071137929,376.94931320566,11.2983673221904));
#3086=CARTESIAN_POINT('Ctrl Pts',(0.954947310608485,376.999143274916,11.295788490988));
#3087=CARTESIAN_POINT('Origin',(2.5,377.,15.5042119381654));
#3088=CARTESIAN_POINT('',(0.959415238356168,377.000020942786,12.295788490988));
#3089=CARTESIAN_POINT('',(0.954530557748089,376.999521485718,12.2542119381655));
#3090=CARTESIAN_POINT('',(0.957000000000001,377.,15.5042119381654));
#3091=CARTESIAN_POINT('Ctrl Pts',(0.954530557748089,376.999521485718,12.2542119381655));
#3092=CARTESIAN_POINT('Ctrl Pts',(0.956503713199759,377.484328387814,12.2291040392714));
#3093=CARTESIAN_POINT('Ctrl Pts',(1.46351143149026,378.48371450933,12.1775305401211));
#3094=CARTESIAN_POINT('Ctrl Pts',(3.16549230639349,378.698244563918,12.0994914407145));
#3095=CARTESIAN_POINT('Ctrl Pts',(4.28777411917575,377.361632835275,12.0200946399458));
#3096=CARTESIAN_POINT('Ctrl Pts',(3.77321059236641,375.693918304152,11.940697839177));
#3097=CARTESIAN_POINT('Ctrl Pts',(2.09292439283203,375.222022480796,11.8613010384082));
#3098=CARTESIAN_POINT('Ctrl Pts',(1.06918591349557,376.127071401939,11.7991390714044));
#3099=CARTESIAN_POINT('Ctrl Pts',(0.957303683109232,376.819463691932,11.7634427046568));
#3100=CARTESIAN_POINT('Ctrl Pts',(0.958503165295239,376.998884913712,11.7542119381655));
#3101=CARTESIAN_POINT('Ctrl Pts',(0.959415238356168,377.000020942786,12.295788490988));
#3102=CARTESIAN_POINT('Ctrl Pts',(0.959384220846323,377.256337282535,12.2826211919321));
#3103=CARTESIAN_POINT('Ctrl Pts',(1.14139176825883,378.027794975928,12.2429882926199));
#3104=CARTESIAN_POINT('Ctrl Pts',(2.36028996384111,378.818624546591,12.1768897930515));
#3105=CARTESIAN_POINT('Ctrl Pts',(3.9523325889426,378.103469159858,12.0974929922827));
#3106=CARTESIAN_POINT('Ctrl Pts',(4.214652513477,376.378002497042,12.018096191514));
#3107=CARTESIAN_POINT('Ctrl Pts',(2.90707557822534,375.222022607209,11.9386993907452));
#3108=CARTESIAN_POINT('Ctrl Pts',(1.33883214327287,375.662452057361,11.8645968239032));
#3109=CARTESIAN_POINT('Ctrl Pts',(0.960144829671556,376.591294770014,11.8169598573175));
#3110=CARTESIAN_POINT('Ctrl Pts',(0.956371056087851,377.001365523735,11.795788490988));
#3111=CARTESIAN_POINT('Origin',(2.5,377.,15.5042119381654));
#3112=CARTESIAN_POINT('',(0.956447969590478,376.998623877615,12.795788490988));
#3113=CARTESIAN_POINT('',(0.957088601401655,377.001411698271,12.7542119381654));
#3114=CARTESIAN_POINT('',(0.957000000000001,377.,15.5042119381654));
#3115=CARTESIAN_POINT('Ctrl Pts',(0.957088601401655,377.001411698271,12.7542119381654));
#3116=CARTESIAN_POINT('Ctrl Pts',(0.95594083025428,377.127759010812,12.7476965743985));
#3117=CARTESIAN_POINT('Ctrl Pts',(1.02791759639455,377.766042383257,12.7147156103753));
#3118=CARTESIAN_POINT('Ctrl Pts',(1.9133646917781,378.727070821852,12.6552690460958));
#3119=CARTESIAN_POINT('Ctrl Pts',(3.63307732969063,378.429353131223,12.5758722453271));
#3120=CARTESIAN_POINT('Ctrl Pts',(4.31537012437305,376.822952209005,12.4964754445583));
#3121=CARTESIAN_POINT('Ctrl Pts',(3.3355513044687,375.378652219194,12.4170786437896));
#3122=CARTESIAN_POINT('Ctrl Pts',(1.59072070593554,375.418821397142,12.3376818430208));
#3123=CARTESIAN_POINT('Ctrl Pts',(0.966909833057565,376.436171016837,12.2833929411461));
#3124=CARTESIAN_POINT('Ctrl Pts',(0.954423860016995,376.973305712182,12.2555696395276));
#3125=CARTESIAN_POINT('Ctrl Pts',(0.954530557748089,376.999521485718,12.2542119381655));
#3126=CARTESIAN_POINT('Ctrl Pts',(0.956447969590478,376.998623877615,12.795788490988));
#3127=CARTESIAN_POINT('Ctrl Pts',(0.960207475506371,377.406209466901,12.7747481268029));
#3128=CARTESIAN_POINT('Ctrl Pts',(1.3350091690205,378.332589330788,12.7272421623616));
#3129=CARTESIAN_POINT('Ctrl Pts',(2.89828981553936,378.779966111721,12.653270597664));
#3130=CARTESIAN_POINT('Ctrl Pts',(4.2115597785814,377.630457976582,12.5738737968953));
#3131=CARTESIAN_POINT('Ctrl Pts',(3.957764519249,375.903716851412,12.4944769961265));
#3132=CARTESIAN_POINT('Ctrl Pts',(2.36927320761855,375.180707653656,12.4150801953577));
#3133=CARTESIAN_POINT('Ctrl Pts',(1.14406077693851,375.967063288959,12.3488506936449));
#3134=CARTESIAN_POINT('Ctrl Pts',(0.959446564460835,376.741154498417,12.3090867921883));
#3135=CARTESIAN_POINT('Ctrl Pts',(0.959415238356168,377.000020942786,12.295788490988));
#3136=CARTESIAN_POINT('Origin',(2.5,377.,15.5042119381654));
#3137=CARTESIAN_POINT('',(0.954893404530955,377.000819710766,13.295788490988));
#3138=CARTESIAN_POINT('',(0.959335632331321,376.999634560232,13.2542119381654));
#3139=CARTESIAN_POINT('',(0.957000000000001,377.,15.5042119381654));
#3140=CARTESIAN_POINT('Ctrl Pts',(0.959335632331321,376.999634560232,13.2542119381655));
#3141=CARTESIAN_POINT('Ctrl Pts',(0.959928764481431,377.279685536727,13.2398235092693));
#3142=CARTESIAN_POINT('Ctrl Pts',(1.16696250361494,378.075669961005,13.198969480117));
#3143=CARTESIAN_POINT('Ctrl Pts',(2.44412971798136,378.823127286404,13.1316498507084));
#3144=CARTESIAN_POINT('Ctrl Pts',(4.00157485074874,378.035464909466,13.0522530499396));
#3145=CARTESIAN_POINT('Ctrl Pts',(4.18421219039631,376.299754393663,12.9728562491709));
#3146=CARTESIAN_POINT('Ctrl Pts',(2.82482313668331,375.205172839324,12.8934594484021));
#3147=CARTESIAN_POINT('Ctrl Pts',(1.30399086968487,375.708865719552,12.8205780114003));
#3148=CARTESIAN_POINT('Ctrl Pts',(0.960603110590207,376.614532491656,12.7741621746547));
#3149=CARTESIAN_POINT('Ctrl Pts',(0.957088601401655,377.001411698271,12.7542119381654));
#3150=CARTESIAN_POINT('Ctrl Pts',(0.954893404530956,377.000819710766,13.295788490988));
#3151=CARTESIAN_POINT('Ctrl Pts',(0.954589062145585,377.048114114058,13.29334066193));
#3152=CARTESIAN_POINT('Ctrl Pts',(0.978014508150089,377.606443727249,13.2644272326158));
#3153=CARTESIAN_POINT('Ctrl Pts',(1.65645172467948,378.617201372634,13.2090482030453));
#3154=CARTESIAN_POINT('Ctrl Pts',(3.40145924364856,378.585649828459,13.1296514022766));
#3155=CARTESIAN_POINT('Ctrl Pts',(4.3211112418245,377.102313298582,13.0502546015078));
#3156=CARTESIAN_POINT('Ctrl Pts',(3.5733951566013,375.525301062749,12.9708578007391));
#3157=CARTESIAN_POINT('Ctrl Pts',(1.84290288408819,375.298489636142,12.8914609999703));
#3158=CARTESIAN_POINT('Ctrl Pts',(1.01318711030268,376.276809879419,12.8331045633866));
#3159=CARTESIAN_POINT('Ctrl Pts',(0.955478584891367,376.893528356376,12.8012137270592));
#3160=CARTESIAN_POINT('Ctrl Pts',(0.956447969590478,376.998623877615,12.795788490988));
#3161=CARTESIAN_POINT('Origin',(2.5,377.,15.5042119381654));
#3162=CARTESIAN_POINT('',(0.95892289327267,377.000865037882,13.795788490988));
#3163=CARTESIAN_POINT('',(0.955748086717028,376.9987739282,13.7542119381655));
#3164=CARTESIAN_POINT('',(0.957000000000001,377.,15.5042119381654));
#3165=CARTESIAN_POINT('Ctrl Pts',(0.955748086717028,376.9987739282,13.7542119381654));
#3166=CARTESIAN_POINT('Ctrl Pts',(0.959488621539116,377.429509968252,13.7319504441402));
#3167=CARTESIAN_POINT('Ctrl Pts',(1.37144847875202,378.378600610902,13.6832233498587));
#3168=CARTESIAN_POINT('Ctrl Pts',(2.97978074589082,378.759751004741,13.6080306553209));
#3169=CARTESIAN_POINT('Ctrl Pts',(4.23875972728907,377.551025591159,13.5286338545522));
#3170=CARTESIAN_POINT('Ctrl Pts',(3.9057700986736,375.837792890149,13.4492370537834));
#3171=CARTESIAN_POINT('Ctrl Pts',(2.28568920177391,375.188650964774,13.3698402530147));
#3172=CARTESIAN_POINT('Ctrl Pts',(1.11986138723459,376.015033922324,13.304831881142));
#3173=CARTESIAN_POINT('Ctrl Pts',(0.958837776820631,376.76456903243,13.2662891095256));
#3174=CARTESIAN_POINT('Ctrl Pts',(0.959335632331321,376.999634560232,13.2542119381655));
#3175=CARTESIAN_POINT('Ctrl Pts',(0.95892289327267,377.000865037882,13.795788490988));
#3176=CARTESIAN_POINT('Ctrl Pts',(0.957896237822211,377.201612914302,13.7854675968009));
#3177=CARTESIAN_POINT('Ctrl Pts',(1.08766300380118,377.915860277319,13.7486811023575));
#3178=CARTESIAN_POINT('Ctrl Pts',(2.16632052902934,378.793198184428,13.6854290076579));
#3179=CARTESIAN_POINT('Ctrl Pts',(3.82579444972134,378.252669899857,13.6060322068891));
#3180=CARTESIAN_POINT('Ctrl Pts',(4.27140750355879,376.565220732994,13.5266354061204));
#3181=CARTESIAN_POINT('Ctrl Pts',(3.09515711779467,375.275847833311,13.4472386053516));
#3182=CARTESIAN_POINT('Ctrl Pts',(1.42705977490846,375.556151637302,13.3702896336408));
#3183=CARTESIAN_POINT('Ctrl Pts',(0.957879571295333,376.536773353634,13.3198062621863));
#3184=CARTESIAN_POINT('Ctrl Pts',(0.954893404530956,377.000819710766,13.295788490988));
#3185=CARTESIAN_POINT('Origin',(2.5,377.,15.5042119381654));
#3186=CARTESIAN_POINT('',(0.958587654425657,376.998714654381,14.295788490988));
#3187=CARTESIAN_POINT('',(0.955464587485762,377.00110623504,14.2542119381654));
#3188=CARTESIAN_POINT('',(0.957000000000001,377.,15.5042119381654));
#3189=CARTESIAN_POINT('',(2.10148615814285,375.509350571782,14.4000002145767));
#3190=CARTESIAN_POINT('Ctrl Pts',(2.10148615814287,375.509350571782,14.4000002145767));
#3191=CARTESIAN_POINT('Ctrl Pts',(1.60573112693828,375.641886926987,14.3735346143205));
#3192=CARTESIAN_POINT('Ctrl Pts',(1.05439374565539,376.165360570125,14.3387973731242));
#3193=CARTESIAN_POINT('Ctrl Pts',(0.957384609285345,376.838097906902,14.304060131928));
#3194=CARTESIAN_POINT('Ctrl Pts',(0.958587654425657,376.998714654381,14.295788490988));
#3195=CARTESIAN_POINT('',(2.89942521506221,375.506618203262,14.4000002145767));
#3196=CARTESIAN_POINT('Origin',(2.5,377.,14.4000002145767));
#3197=CARTESIAN_POINT('Ctrl Pts',(2.89942605376364,375.506615688769,14.4000002145767));
#3198=CARTESIAN_POINT('Ctrl Pts',(2.41810868573313,375.378853269568,14.3742007637977));
#3199=CARTESIAN_POINT('Ctrl Pts',(1.38206487684837,375.614698419308,14.3256046716606));
#3200=CARTESIAN_POINT('Ctrl Pts',(0.959050215901943,376.560300095506,14.2770085795235));
#3201=CARTESIAN_POINT('Ctrl Pts',(0.955464587485762,377.00110623504,14.2542119381654));
#3202=CARTESIAN_POINT('Origin',(8.,382.499999798834,9.40000021457672));
#3203=CARTESIAN_POINT('',(11.5,379.,9.40000021457672));
#3204=CARTESIAN_POINT('',(6.5,379.,9.40000021457672));
#3205=CARTESIAN_POINT('',(7.25,379.,9.40000021457672));
#3206=CARTESIAN_POINT('',(11.5,394.,9.40000021457672));
#3207=CARTESIAN_POINT('',(11.5,382.749999899417,9.40000021457672));
#3208=CARTESIAN_POINT('',(6.5,394.,9.40000021457672));
#3209=CARTESIAN_POINT('',(9.75,394.,9.40000021457672));
#3210=CARTESIAN_POINT('',(6.5,390.249999899417,9.40000021457672));
#3211=CARTESIAN_POINT('Origin',(8.,382.499999798834,9.40000021457672));
#3212=CARTESIAN_POINT('',(2.00000002980232,373.000005558133,9.40000021457672));
#3213=CARTESIAN_POINT('',(2.00000002980232,369.000005498528,9.40000021457672));
#3214=CARTESIAN_POINT('',(2.00000002980232,379.750002678484,9.40000021457672));
#3215=CARTESIAN_POINT('',(14.0000002086163,369.000005498528,9.40000021457672));
#3216=CARTESIAN_POINT('',(5.06250001490116,369.000005498528,9.40000021457672));
#3217=CARTESIAN_POINT('',(14.0000002086163,373.000005558133,9.40000021457672));
#3218=CARTESIAN_POINT('',(14.0000002086163,377.750002648681,9.40000021457672));
#3219=CARTESIAN_POINT('',(11.0625001043081,373.000005558133,9.40000021457672));
#3220=CARTESIAN_POINT('Origin',(8.,382.499999798834,9.40000021457672));
#3221=CARTESIAN_POINT('Ctrl Pts',(2.89851384185731,394.759350571782,9.40000021457672));
#3222=CARTESIAN_POINT('Ctrl Pts',(2.95657481280005,394.780565811592,9.40000021457672));
#3223=CARTESIAN_POINT('Ctrl Pts',(3.01303433469656,394.805484485005,9.40000021457672));
#3224=CARTESIAN_POINT('Ctrl Pts',(3.06768967816128,394.833793531366,9.40000021457672));
#3225=CARTESIAN_POINT('Ctrl Pts',(3.12145403597155,394.861641086634,9.40000021457672));
#3226=CARTESIAN_POINT('Ctrl Pts',(3.17347319702596,394.892770511221,9.40000021457672));
#3227=CARTESIAN_POINT('Ctrl Pts',(3.22352194894864,394.926928797475,9.40000021457672));
#3228=CARTESIAN_POINT('Ctrl Pts',(3.26178424703083,394.953042825905,9.40000021457672));
#3229=CARTESIAN_POINT('Ctrl Pts',(3.29889435146014,394.980928115701,9.40000021457672));
#3230=CARTESIAN_POINT('Ctrl Pts',(3.33473514290303,395.010483871591,9.40000021457672));
#3231=CARTESIAN_POINT('Ctrl Pts',(3.35417868148993,395.026517794307,9.40000021457672));
#3232=CARTESIAN_POINT('Ctrl Pts',(3.37324838892046,395.043043496821,9.40000021457672));
#3233=CARTESIAN_POINT('Ctrl Pts',(3.39192348516725,395.06004576066,9.40000021457672));
#3234=CARTESIAN_POINT('Ctrl Pts',(3.39872781550691,395.066240589225,9.40000021457672));
#3235=CARTESIAN_POINT('Ctrl Pts',(3.40547880919349,395.072497914372,9.40000021457672));
#3236=CARTESIAN_POINT('Ctrl Pts',(3.41216843997764,395.07881010947,9.40000021457672));
#3237=CARTESIAN_POINT('Ctrl Pts',(3.45525735856665,395.119467908008,9.40000021457672));
#3238=CARTESIAN_POINT('Ctrl Pts',(3.49588670287791,395.162474424885,9.40000021457672));
#3239=CARTESIAN_POINT('Ctrl Pts',(3.53385075208292,395.207586279146,9.40000021457672));
#3240=CARTESIAN_POINT('Ctrl Pts',(3.57104326848534,395.251781337753,9.40000021457672));
#3241=CARTESIAN_POINT('Ctrl Pts',(3.60567816333966,395.297997978791,9.40000021457672));
#3242=CARTESIAN_POINT('Ctrl Pts',(3.63751906023282,395.346030459523,9.40000021457672));
#3243=CARTESIAN_POINT('Ctrl Pts',(3.66138395551222,395.382031019636,9.40000021457672));
#3244=CARTESIAN_POINT('Ctrl Pts',(3.68367848068657,395.419052178942,9.40000021457672));
#3245=CARTESIAN_POINT('Ctrl Pts',(3.70428453105095,395.457011472475,9.40000021457672));
#3246=CARTESIAN_POINT('Ctrl Pts',(3.71472673562785,395.476247507604,9.40000021457672));
#3247=CARTESIAN_POINT('Ctrl Pts',(3.72473507110327,395.49572448959,9.40000021457672));
#3248=CARTESIAN_POINT('Ctrl Pts',(3.73429241995451,395.515431767766,9.40000021457672));
#3249=CARTESIAN_POINT('Ctrl Pts',(3.73878294989333,395.524691252173,9.40000021457672));
#3250=CARTESIAN_POINT('Ctrl Pts',(3.74317016883713,395.533993937657,9.40000021457672));
#3251=CARTESIAN_POINT('Ctrl Pts',(3.7474513371779,395.543335295786,9.40000021457672));
#3252=CARTESIAN_POINT('Ctrl Pts',(3.77067322323947,395.594004631084,9.40000021457672));
#3253=CARTESIAN_POINT('Ctrl Pts',(3.79079385662732,395.645841759412,9.40000021457672));
#3254=CARTESIAN_POINT('Ctrl Pts',(3.80760144255043,395.698654204009,9.40000021457672));
#3255=CARTESIAN_POINT('Ctrl Pts',(3.82014245420793,395.738060308275,9.40000021457672));
#3256=CARTESIAN_POINT('Ctrl Pts',(3.83083806416294,395.778009848581,9.40000021457672));
#3257=CARTESIAN_POINT('Ctrl Pts',(3.83958146100948,395.818425483032,9.40000021457672));
#3258=CARTESIAN_POINT('Ctrl Pts',(3.85130589106077,395.872620698852,9.40000021457672));
#3259=CARTESIAN_POINT('Ctrl Pts',(3.85952119195344,395.927655084261,9.40000021457672));
#3260=CARTESIAN_POINT('Ctrl Pts',(3.8642855153656,395.983209352384,9.40000021457672));
#3261=CARTESIAN_POINT('Ctrl Pts',(3.86563811810099,395.998981341085,9.40000021457672));
#3262=CARTESIAN_POINT('Ctrl Pts',(3.86671229340866,396.014795142265,9.40000021457672));
#3263=CARTESIAN_POINT('Ctrl Pts',(3.86750873300554,396.030643181329,9.40000021457672));
#3264=CARTESIAN_POINT('Ctrl Pts',(3.86801412755041,396.040699829092,9.40000021457672));
#3265=CARTESIAN_POINT('Ctrl Pts',(3.86840756679414,396.050770129239,9.40000021457672));
#3266=CARTESIAN_POINT('Ctrl Pts',(3.86868909871442,396.060837819948,9.40000021457672));
#3267=CARTESIAN_POINT('Ctrl Pts',(3.87024451923705,396.116460261371,9.40000021457672));
#3268=CARTESIAN_POINT('Ctrl Pts',(3.86839477225862,396.172114203401,9.40000021457672));
#3269=CARTESIAN_POINT('Ctrl Pts',(3.86325084152239,396.227483684048,9.40000021457672));
#3270=CARTESIAN_POINT('Ctrl Pts',(3.85810885219233,396.28283226732,9.40000021457672));
#3271=CARTESIAN_POINT('Ctrl Pts',(3.84967469689909,396.337897745258,9.40000021457672));
#3272=CARTESIAN_POINT('Ctrl Pts',(3.83800986444701,396.392349304216,9.40000021457672));
#3273=CARTESIAN_POINT('Ctrl Pts',(3.8309456736172,396.42532502033,9.40000021457672));
#3274=CARTESIAN_POINT('Ctrl Pts',(3.82269571480689,396.458075211254,9.40000021457672));
#3275=CARTESIAN_POINT('Ctrl Pts',(3.81326591660231,396.490521033998,9.40000021457672));
#3276=CARTESIAN_POINT('Ctrl Pts',(3.80836759666464,396.507375055366,9.40000021457672));
#3277=CARTESIAN_POINT('Ctrl Pts',(3.8031508305799,396.524146869979,9.40000021457672));
#3278=CARTESIAN_POINT('Ctrl Pts',(3.79761588895756,396.540824844251,9.40000021457672));
#3279=CARTESIAN_POINT('Ctrl Pts',(3.79313956600369,396.554312971887,9.40000021457672));
#3280=CARTESIAN_POINT('Ctrl Pts',(3.78845386125542,396.567742708114,9.40000021457672));
#3281=CARTESIAN_POINT('Ctrl Pts',(3.783568002116,396.58108382211,9.40000021457672));
#3282=CARTESIAN_POINT('Ctrl Pts',(3.76512601148596,396.631440717858,9.40000021457672));
#3283=CARTESIAN_POINT('Ctrl Pts',(3.74381368150539,396.680607593731,9.40000021457672));
#3284=CARTESIAN_POINT('Ctrl Pts',(3.71967822180937,396.728271809758,9.40000021457672));
#3285=CARTESIAN_POINT('Ctrl Pts',(3.70276018717179,396.761682603167,9.40000021457672));
#3286=CARTESIAN_POINT('Ctrl Pts',(3.68445413864525,396.794354567281,9.40000021457672));
#3287=CARTESIAN_POINT('Ctrl Pts',(3.66476579683994,396.82616890842,9.40000021457672));
#3288=CARTESIAN_POINT('Ctrl Pts',(3.65681325851412,396.839019394749,9.40000021457672));
#3289=CARTESIAN_POINT('Ctrl Pts',(3.6486337331845,396.851731536072,9.40000021457672));
#3290=CARTESIAN_POINT('Ctrl Pts',(3.64024045677508,396.864278272256,9.40000021457672));
#3291=CARTESIAN_POINT('Ctrl Pts',(3.61177153550531,396.90683519844,9.40000021457672));
#3292=CARTESIAN_POINT('Ctrl Pts',(3.58081620337404,396.947542086751,9.40000021457672));
#3293=CARTESIAN_POINT('Ctrl Pts',(3.54740061476243,396.986099342056,9.40000021457672));
#3294=CARTESIAN_POINT('Ctrl Pts',(3.52687075474139,397.009788137827,9.40000021457672));
#3295=CARTESIAN_POINT('Ctrl Pts',(3.50541160473651,397.032664820921,9.40000021457672));
#3296=CARTESIAN_POINT('Ctrl Pts',(3.48302387853099,397.054651634081,9.40000021457672));
#3297=CARTESIAN_POINT('Ctrl Pts',(3.47545388434939,397.062086066956,9.40000021457672));
#3298=CARTESIAN_POINT('Ctrl Pts',(3.46777769002634,397.069418697254,9.40000021457672));
#3299=CARTESIAN_POINT('Ctrl Pts',(3.45999784776212,397.076648472068,9.40000021457672));
#3300=CARTESIAN_POINT('Ctrl Pts',(1.54188384727756,397.075211298936,9.40000021457672));
#3301=CARTESIAN_POINT('Ctrl Pts',(1.50503346857165,397.040797942638,9.40000021457672));
#3302=CARTESIAN_POINT('Ctrl Pts',(1.47056615332487,397.004143466877,9.40000021457672));
#3303=CARTESIAN_POINT('Ctrl Pts',(1.43848117227588,396.965568494533,9.40000021457672));
#3304=CARTESIAN_POINT('Ctrl Pts',(1.40494309120337,396.925246496279,9.40000021457672));
#3305=CARTESIAN_POINT('Ctrl Pts',(1.3740074024293,396.88282565279,9.40000021457672));
#3306=CARTESIAN_POINT('Ctrl Pts',(1.34570144830759,396.838622383666,9.40000021457672));
#3307=CARTESIAN_POINT('Ctrl Pts',(1.32263523570938,396.802601622847,9.40000021457672));
#3308=CARTESIAN_POINT('Ctrl Pts',(1.30131570988576,396.765396093016,9.40000021457672));
#3309=CARTESIAN_POINT('Ctrl Pts',(1.28177486402671,396.727158069666,9.40000021457672));
#3310=CARTESIAN_POINT('Ctrl Pts',(1.27256627220038,396.709138463359,9.40000021457672));
#3311=CARTESIAN_POINT('Ctrl Pts',(1.26375292063579,396.690889355653,9.40000021457672));
#3312=CARTESIAN_POINT('Ctrl Pts',(1.25533951992635,396.672425713559,9.40000021457672));
#3313=CARTESIAN_POINT('Ctrl Pts',(1.25112284282729,396.663171998032,9.40000021457672));
#3314=CARTESIAN_POINT('Ctrl Pts',(1.24701017523191,396.653872053651,9.40000021457672));
#3315=CARTESIAN_POINT('Ctrl Pts',(1.2430034747591,396.64453239294,9.40000021457672));
#3316=CARTESIAN_POINT('Ctrl Pts',(1.2215166966487,396.594446488419,9.40000021457672));
#3317=CARTESIAN_POINT('Ctrl Pts',(1.20305692438703,396.543182984082,9.40000021457672));
#3318=CARTESIAN_POINT('Ctrl Pts',(1.18765066063116,396.491073885176,9.40000021457672));
#3319=CARTESIAN_POINT('Ctrl Pts',(1.17200848294674,396.43816684704,9.40000021457672));
#3320=CARTESIAN_POINT('Ctrl Pts',(1.15951347879486,396.384387174975,9.40000021457672));
#3321=CARTESIAN_POINT('Ctrl Pts',(1.15023428063655,396.330048758415,9.40000021457672));
#3322=CARTESIAN_POINT('Ctrl Pts',(1.14348759601681,396.290540586157,9.40000021457672));
#3323=CARTESIAN_POINT('Ctrl Pts',(1.13844173951194,396.250736271523,9.40000021457672));
#3324=CARTESIAN_POINT('Ctrl Pts',(1.13513896655354,396.210750066448,9.40000021457672));
#3325=CARTESIAN_POINT('Ctrl Pts',(1.13413796613286,396.198631095933,9.40000021457672));
#3326=CARTESIAN_POINT('Ctrl Pts',(1.13329717960491,396.186495395312,9.40000021457672));
#3327=CARTESIAN_POINT('Ctrl Pts',(1.13261805098731,396.174346102274,9.40000021457672));
#3328=CARTESIAN_POINT('Ctrl Pts',(1.13207342581083,396.164603012831,9.40000021457672));
#3329=CARTESIAN_POINT('Ctrl Pts',(1.13163295597365,396.154853029667,9.40000021457672));
#3330=CARTESIAN_POINT('Ctrl Pts',(1.13129747984455,396.145109529026,9.40000021457672));
#3331=CARTESIAN_POINT('Ctrl Pts',(1.12934056431888,396.08827327147,9.40000021457672));
#3332=CARTESIAN_POINT('Ctrl Pts',(1.13094592442649,396.031550160934,9.40000021457672));
#3333=CARTESIAN_POINT('Ctrl Pts',(1.13616914517921,395.975274844131,9.40000021457672));
#3334=CARTESIAN_POINT('Ctrl Pts',(1.13998612185301,395.934150491607,9.40000021457672));
#3335=CARTESIAN_POINT('Ctrl Pts',(1.14573599613949,395.89326454178,9.40000021457672));
#3336=CARTESIAN_POINT('Ctrl Pts',(1.15345722078723,395.852742137708,9.40000021457672));
#3337=CARTESIAN_POINT('Ctrl Pts',(1.16375774953109,395.798683072344,9.40000021457672));
#3338=CARTESIAN_POINT('Ctrl Pts',(1.17756454118306,395.745270341015,9.40000021457672));
#3339=CARTESIAN_POINT('Ctrl Pts',(1.19465116406252,395.692705015042,9.40000021457672));
#3340=CARTESIAN_POINT('Ctrl Pts',(1.19956195114962,395.677597458339,9.40000021457672));
#3341=CARTESIAN_POINT('Ctrl Pts',(1.20474398516573,395.66255993813,9.40000021457672));
#3342=CARTESIAN_POINT('Ctrl Pts',(1.21019265612626,395.647597366467,9.40000021457672));
#3343=CARTESIAN_POINT('Ctrl Pts',(1.21366610659397,395.638058939222,9.40000021457672));
#3344=CARTESIAN_POINT('Ctrl Pts',(1.21724798978105,395.628551091133,9.40000021457672));
#3345=CARTESIAN_POINT('Ctrl Pts',(1.22093167698495,395.619088367944,9.40000021457672));
#3346=CARTESIAN_POINT('Ctrl Pts',(1.24148996148717,395.566277870008,9.40000021457672));
#3347=CARTESIAN_POINT('Ctrl Pts',(1.26525189255216,395.514768202523,9.40000021457672));
#3348=CARTESIAN_POINT('Ctrl Pts',(1.29192996780176,395.464764319274,9.40000021457672));
#3349=CARTESIAN_POINT('Ctrl Pts',(1.31924705011506,395.413562717136,9.40000021457672));
#3350=CARTESIAN_POINT('Ctrl Pts',(1.34962199729537,395.363939005141,9.40000021457672));
#3351=CARTESIAN_POINT('Ctrl Pts',(1.38280171788152,395.316118952941,9.40000021457672));
#3352=CARTESIAN_POINT('Ctrl Pts',(1.40381050213159,395.285840182,9.40000021457672));
#3353=CARTESIAN_POINT('Ctrl Pts',(1.42594487127498,395.256284688012,9.40000021457672));
#3354=CARTESIAN_POINT('Ctrl Pts',(1.44915061522295,395.22751348931,9.40000021457672));
#3355=CARTESIAN_POINT('Ctrl Pts',(1.46711512789767,395.205240531161,9.40000021457672));
#3356=CARTESIAN_POINT('Ctrl Pts',(1.48572187025078,395.183437644937,9.40000021457672));
#3357=CARTESIAN_POINT('Ctrl Pts',(1.50494848086025,395.162134974169,9.40000021457672));
#3358=CARTESIAN_POINT('Ctrl Pts',(1.51250132109841,395.153766589734,9.40000021457672));
#3359=CARTESIAN_POINT('Ctrl Pts',(1.52014387878577,395.145482052729,9.40000021457672));
#3360=CARTESIAN_POINT('Ctrl Pts',(1.52787267539597,395.137284693667,9.40000021457672));
#3361=CARTESIAN_POINT('Ctrl Pts',(1.56549750575805,395.097378837727,9.40000021457672));
#3362=CARTESIAN_POINT('Ctrl Pts',(1.60517594256756,395.059523988763,9.40000021457672));
#3363=CARTESIAN_POINT('Ctrl Pts',(1.64671343786316,395.023905616212,9.40000021457672));
#3364=CARTESIAN_POINT('Ctrl Pts',(1.67817683479401,394.996925775813,9.40000021457672));
#3365=CARTESIAN_POINT('Ctrl Pts',(1.71070765680361,394.971229286761,9.40000021457672));
#3366=CARTESIAN_POINT('Ctrl Pts',(1.74423273918528,394.946904055628,9.40000021457672));
#3367=CARTESIAN_POINT('Ctrl Pts',(1.75567642040844,394.938600714637,9.40000021457672));
#3368=CARTESIAN_POINT('Ctrl Pts',(1.76723738385705,394.930456290216,9.40000021457672));
#3369=CARTESIAN_POINT('Ctrl Pts',(1.77890869304416,394.922477400879,9.40000021457672));
#3370=CARTESIAN_POINT('Ctrl Pts',(1.82920098152209,394.888095944793,9.40000021457672));
#3371=CARTESIAN_POINT('Ctrl Pts',(1.88140775299322,394.856874370861,9.40000021457672));
#3372=CARTESIAN_POINT('Ctrl Pts',(1.93528264635137,394.829070245118,9.40000021457672));
#3373=CARTESIAN_POINT('Ctrl Pts',(1.97734308154175,394.807363406255,9.40000021457672));
#3374=CARTESIAN_POINT('Ctrl Pts',(2.02042125191612,394.787739832771,9.40000021457672));
#3375=CARTESIAN_POINT('Ctrl Pts',(2.0644151034977,394.770338217202,9.40000021457672));
#3376=CARTESIAN_POINT('Ctrl Pts',(2.07640213540643,394.765596788262,9.40000021457672));
#3377=CARTESIAN_POINT('Ctrl Pts',(2.08845721263174,394.76102041514,9.40000021457672));
#3378=CARTESIAN_POINT('Ctrl Pts',(2.10057724540867,394.756608183684,9.40000021457672));
#3379=CARTESIAN_POINT('Origin',(8.,382.499999798834,9.40000021457672));
#3380=CARTESIAN_POINT('Ctrl Pts',(2.89851384185731,375.509350571782,9.40000021457672));
#3381=CARTESIAN_POINT('Ctrl Pts',(2.95657481280005,375.530565811592,9.40000021457672));
#3382=CARTESIAN_POINT('Ctrl Pts',(3.01303436444868,375.555484228934,9.40000021457672));
#3383=CARTESIAN_POINT('Ctrl Pts',(3.06768975954598,375.58379282203,9.40000021457672));
#3384=CARTESIAN_POINT('Ctrl Pts',(3.12145424613054,375.611639971812,9.40000021457672));
#3385=CARTESIAN_POINT('Ctrl Pts',(3.17347355209977,375.642768809448,9.40000021457672));
#3386=CARTESIAN_POINT('Ctrl Pts',(3.22352245684382,375.676926379776,9.40000021457672));
#3387=CARTESIAN_POINT('Ctrl Pts',(3.26178480718555,375.703039816811,9.40000021457672));
#3388=CARTESIAN_POINT('Ctrl Pts',(3.29889497238418,375.730924433796,9.40000021457672));
#3389=CARTESIAN_POINT('Ctrl Pts',(3.3347358299295,375.760479459321,9.40000021457672));
#3390=CARTESIAN_POINT('Ctrl Pts',(3.35417952081612,375.776513081834,9.40000021457672));
#3391=CARTESIAN_POINT('Ctrl Pts',(3.37324937763965,375.793038473097,9.40000021457672));
#3392=CARTESIAN_POINT('Ctrl Pts',(3.39192461947979,375.810040418223,9.40000021457672));
#3393=CARTESIAN_POINT('Ctrl Pts',(3.39872900297338,375.816235130761,9.40000021457672));
#3394=CARTESIAN_POINT('Ctrl Pts',(3.40548004891557,375.822492338554,9.40000021457672));
#3395=CARTESIAN_POINT('Ctrl Pts',(3.41216973136902,375.828804415636,9.40000021457672));
#3396=CARTESIAN_POINT('Ctrl Pts',(3.45525876291502,375.869461246568,9.40000021457672));
#3397=CARTESIAN_POINT('Ctrl Pts',(3.49588821945936,375.912466741158,9.40000021457672));
#3398=CARTESIAN_POINT('Ctrl Pts',(3.53385237262769,375.957577569531,9.40000021457672));
#3399=CARTESIAN_POINT('Ctrl Pts',(3.57104481621298,376.00177141555,9.40000021457672));
#3400=CARTESIAN_POINT('Ctrl Pts',(3.60567965431642,376.047986821445,9.40000021457672));
#3401=CARTESIAN_POINT('Ctrl Pts',(3.63752050659106,376.096018095842,9.40000021457672));
#3402=CARTESIAN_POINT('Ctrl Pts',(3.6613854535484,376.132017880203,9.40000021457672));
#3403=CARTESIAN_POINT('Ctrl Pts',(3.68368002603528,376.169038287209,9.40000021457672));
#3404=CARTESIAN_POINT('Ctrl Pts',(3.70428611656308,376.20699687337,9.40000021457672));
#3405=CARTESIAN_POINT('Ctrl Pts',(3.71472839509243,376.22623264877,9.40000021457672));
#3406=CARTESIAN_POINT('Ctrl Pts',(3.72473679822965,376.245709385053,9.40000021457672));
#3407=CARTESIAN_POINT('Ctrl Pts',(3.73429420781007,376.265416434289,9.40000021457672));
#3408=CARTESIAN_POINT('Ctrl Pts',(3.73878471143593,376.274675698037,9.40000021457672));
#3409=CARTESIAN_POINT('Ctrl Pts',(3.74317190475741,376.283978165009,9.40000021457672));
#3410=CARTESIAN_POINT('Ctrl Pts',(3.7474530485652,376.293319307987,9.40000021457672));
#3411=CARTESIAN_POINT('Ctrl Pts',(3.77067488911304,376.343987667313,9.40000021457672));
#3412=CARTESIAN_POINT('Ctrl Pts',(3.79079548181477,376.395823918944,9.40000021457672));
#3413=CARTESIAN_POINT('Ctrl Pts',(3.80760302807977,376.448635634078,9.40000021457672));
#3414=CARTESIAN_POINT('Ctrl Pts',(3.8201440953912,376.488041461906,9.40000021457672));
#3415=CARTESIAN_POINT('Ctrl Pts',(3.83083973651444,376.527990815142,9.40000021457672));
#3416=CARTESIAN_POINT('Ctrl Pts',(3.83958313636926,376.568406371177,9.40000021457672));
#3417=CARTESIAN_POINT('Ctrl Pts',(3.85130753502224,376.622601318064,9.40000021457672));
#3418=CARTESIAN_POINT('Ctrl Pts',(3.85952277506869,376.677635624919,9.40000021457672));
#3419=CARTESIAN_POINT('Ctrl Pts',(3.8642870144852,376.733189971995,9.40000021457672));
#3420=CARTESIAN_POINT('Ctrl Pts',(3.86563959279968,376.748961976414,9.40000021457672));
#3421=CARTESIAN_POINT('Ctrl Pts',(3.86671374205654,376.764775805977,9.40000021457672));
#3422=CARTESIAN_POINT('Ctrl Pts',(3.86751015411576,376.780623885357,9.40000021457672));
#3423=CARTESIAN_POINT('Ctrl Pts',(3.8680155310368,376.79068055573,9.40000021457672));
#3424=CARTESIAN_POINT('Ctrl Pts',(3.8684089521248,376.800750883309,9.40000021457672));
#3425=CARTESIAN_POINT('Ctrl Pts',(3.86869046542058,376.810818606017,9.40000021457672));
#3426=CARTESIAN_POINT('Ctrl Pts',(3.87024578550864,376.866441312311,9.40000021457672));
#3427=CARTESIAN_POINT('Ctrl Pts',(3.86839591283529,376.92209565868,9.40000021457672));
#3428=CARTESIAN_POINT('Ctrl Pts',(3.86325183812863,376.977465646673,9.40000021457672));
#3429=CARTESIAN_POINT('Ctrl Pts',(3.85810970622759,377.032814722622,9.40000021457672));
#3430=CARTESIAN_POINT('Ctrl Pts',(3.84967539180095,377.08788079642,9.40000021457672));
#3431=CARTESIAN_POINT('Ctrl Pts',(3.83801039032144,377.142333019333,9.40000021457672));
#3432=CARTESIAN_POINT('Ctrl Pts',(3.83094606251815,377.175309299101,9.40000021457672));
#3433=CARTESIAN_POINT('Ctrl Pts',(3.8226959514882,377.208060076461,9.40000021457672));
#3434=CARTESIAN_POINT('Ctrl Pts',(3.81326598738209,377.240506499408,9.40000021457672));
#3435=CARTESIAN_POINT('Ctrl Pts',(3.80836767504906,377.257360509868,9.40000021457672));
#3436=CARTESIAN_POINT('Ctrl Pts',(3.80315092506823,377.274132320431,9.40000021457672));
#3437=CARTESIAN_POINT('Ctrl Pts',(3.79761600824896,377.290810296889,9.40000021457672));
#3438=CARTESIAN_POINT('Ctrl Pts',(3.79313966562927,377.304298545994,9.40000021457672));
#3439=CARTESIAN_POINT('Ctrl Pts',(3.7884539432075,377.317728406722,9.40000021457672));
#3440=CARTESIAN_POINT('Ctrl Pts',(3.78356806848482,377.331069647622,9.40000021457672));
#3441=CARTESIAN_POINT('Ctrl Pts',(3.76512597754209,377.381427135675,9.40000021457672));
#3442=CARTESIAN_POINT('Ctrl Pts',(3.74381356411318,377.430594632819,9.40000021457672));
#3443=CARTESIAN_POINT('Ctrl Pts',(3.71967804374132,377.478259469373,9.40000021457672));
#3444=CARTESIAN_POINT('Ctrl Pts',(3.7027600219619,377.511670588359,9.40000021457672));
#3445=CARTESIAN_POINT('Ctrl Pts',(3.68445400657719,377.544342882526,9.40000021457672));
#3446=CARTESIAN_POINT('Ctrl Pts',(3.66476572037803,377.576157548959,9.40000021457672));
#3447=CARTESIAN_POINT('Ctrl Pts',(3.65681306036101,377.589008399619,9.40000021457672));
#3448=CARTESIAN_POINT('Ctrl Pts',(3.64863340851064,377.60172089993,9.40000021457672));
#3449=CARTESIAN_POINT('Ctrl Pts',(3.64024000144701,377.614267987606,9.40000021457672));
#3450=CARTESIAN_POINT('Ctrl Pts',(3.61177115022833,377.656825338819,9.40000021457672));
#3451=CARTESIAN_POINT('Ctrl Pts',(3.58081593050247,377.697532633268,9.40000021457672));
#3452=CARTESIAN_POINT('Ctrl Pts',(3.54740050219548,377.736090251404,9.40000021457672));
#3453=CARTESIAN_POINT('Ctrl Pts',(3.52687029116054,377.759779788765,9.40000021457672));
#3454=CARTESIAN_POINT('Ctrl Pts',(3.50541076756154,377.782657161561,9.40000021457672));
#3455=CARTESIAN_POINT('Ctrl Pts',(3.48302264666781,377.804644601555,9.40000021457672));
#3456=CARTESIAN_POINT('Ctrl Pts',(3.47545264166624,377.812079125941,9.40000021457672));
#3457=CARTESIAN_POINT('Ctrl Pts',(3.46777643755086,377.819411843853,9.40000021457672));
#3458=CARTESIAN_POINT('Ctrl Pts',(3.45999658649859,377.826641702524,9.40000021457672));
#3459=CARTESIAN_POINT('Ctrl Pts',(1.54188384727756,377.825211298936,9.40000021457672));
#3460=CARTESIAN_POINT('Ctrl Pts',(1.50503272865616,377.790797251655,9.40000021457672));
#3461=CARTESIAN_POINT('Ctrl Pts',(1.47056463248453,377.754142152674,9.40000021457672));
#3462=CARTESIAN_POINT('Ctrl Pts',(1.43847886065397,377.715566609218,9.40000021457672));
#3463=CARTESIAN_POINT('Ctrl Pts',(1.40494015182915,377.675244253049,9.40000021457672));
#3464=CARTESIAN_POINT('Ctrl Pts',(1.37400379359831,377.632823133422,9.40000021457672));
#3465=CARTESIAN_POINT('Ctrl Pts',(1.3456971628188,377.588619646101,9.40000021457672));
#3466=CARTESIAN_POINT('Ctrl Pts',(1.32263084324463,377.552599401489,9.40000021457672));
#3467=CARTESIAN_POINT('Ctrl Pts',(1.30131113836347,377.515394471966,9.40000021457672));
#3468=CARTESIAN_POINT('Ctrl Pts',(1.28177005818897,377.477157111665,9.40000021457672));
#3469=CARTESIAN_POINT('Ctrl Pts',(1.27255909805441,377.459133399658,9.40000021457672));
#3470=CARTESIAN_POINT('Ctrl Pts',(1.26374355969608,377.440880087672,9.40000021457672));
#3471=CARTESIAN_POINT('Ctrl Pts',(1.25532815899538,377.422412151506,9.40000021457672));
#3472=CARTESIAN_POINT('Ctrl Pts',(1.25111369897467,377.413163349054,9.40000021457672));
#3473=CARTESIAN_POINT('Ctrl Pts',(1.24700314824354,377.403868391908,9.40000021457672));
#3474=CARTESIAN_POINT('Ctrl Pts',(1.24299844788311,377.394533752154,9.40000021457672));
#3475=CARTESIAN_POINT('Ctrl Pts',(1.22151086045942,377.34444788562,9.40000021457672));
#3476=CARTESIAN_POINT('Ctrl Pts',(1.2030503211737,377.293184444655,9.40000021457672));
#3477=CARTESIAN_POINT('Ctrl Pts',(1.1876433683296,377.24107540945,9.40000021457672));
#3478=CARTESIAN_POINT('Ctrl Pts',(1.17200048443662,377.188168413774,9.40000021457672));
#3479=CARTESIAN_POINT('Ctrl Pts',(1.15950485693247,377.134388783808,9.40000021457672));
#3480=CARTESIAN_POINT('Ctrl Pts',(1.15022515677667,377.080050383449,9.40000021457672));
#3481=CARTESIAN_POINT('Ctrl Pts',(1.14347830891387,377.040543404326,9.40000021457672));
#3482=CARTESIAN_POINT('Ctrl Pts',(1.13843225168994,377.000740286841,9.40000021457672));
#3483=CARTESIAN_POINT('Ctrl Pts',(1.13512925229659,376.960755262862,9.40000021457672));
#3484=CARTESIAN_POINT('Ctrl Pts',(1.1341427445253,376.948812924341,9.40000021457672));
#3485=CARTESIAN_POINT('Ctrl Pts',(1.13331182169416,376.936854337427,9.40000021457672));
#3486=CARTESIAN_POINT('Ctrl Pts',(1.13263786511986,376.924882504398,9.40000021457672));
#3487=CARTESIAN_POINT('Ctrl Pts',(1.13208920741018,376.915136418759,9.40000021457672));
#3488=CARTESIAN_POINT('Ctrl Pts',(1.13164474584396,376.905382956021,9.40000021457672));
#3489=CARTESIAN_POINT('Ctrl Pts',(1.13130535919049,376.895636025828,9.40000021457672));
#3490=CARTESIAN_POINT('Ctrl Pts',(1.1293263186033,376.838799464179,9.40000021457672));
#3491=CARTESIAN_POINT('Ctrl Pts',(1.13090957720947,376.782074929568,9.40000021457672));
#3492=CARTESIAN_POINT('Ctrl Pts',(1.1361106154045,376.725797106892,9.40000021457672));
#3493=CARTESIAN_POINT('Ctrl Pts',(1.13992702004307,376.684501708654,9.40000021457672));
#3494=CARTESIAN_POINT('Ctrl Pts',(1.14569220629937,376.64344609689,9.40000021457672));
#3495=CARTESIAN_POINT('Ctrl Pts',(1.15344508711157,376.60275695865,9.40000021457672));
#3496=CARTESIAN_POINT('Ctrl Pts',(1.16374532237691,376.548698640617,9.40000021457672));
#3497=CARTESIAN_POINT('Ctrl Pts',(1.17755189731817,376.495286511753,9.40000021457672));
#3498=CARTESIAN_POINT('Ctrl Pts',(1.19463836224974,376.442721661679,9.40000021457672));
#3499=CARTESIAN_POINT('Ctrl Pts',(1.19954906473647,376.427614362363,9.40000021457672));
#3500=CARTESIAN_POINT('Ctrl Pts',(1.20473101467718,376.412577087954,9.40000021457672));
#3501=CARTESIAN_POINT('Ctrl Pts',(1.21017960177133,376.397614750792,9.40000021457672));
#3502=CARTESIAN_POINT('Ctrl Pts',(1.21365317846778,376.388075979585,9.40000021457672));
#3503=CARTESIAN_POINT('Ctrl Pts',(1.21723519958787,376.378567785038,9.40000021457672));
#3504=CARTESIAN_POINT('Ctrl Pts',(1.22091903536151,376.369104715222,9.40000021457672));
#3505=CARTESIAN_POINT('Ctrl Pts',(1.24147722879588,376.316294646667,9.40000021457672));
#3506=CARTESIAN_POINT('Ctrl Pts',(1.26523911543008,376.264785278999,9.40000021457672));
#3507=CARTESIAN_POINT('Ctrl Pts',(1.29191717439404,376.214781586099,9.40000021457672));
#3508=CARTESIAN_POINT('Ctrl Pts',(1.3192343582865,376.163579957221,9.40000021457672));
#3509=CARTESIAN_POINT('Ctrl Pts',(1.34960946302701,376.113956117352,9.40000021457672));
#3510=CARTESIAN_POINT('Ctrl Pts',(1.38278937431948,376.066135858281,9.40000021457672));
#3511=CARTESIAN_POINT('Ctrl Pts',(1.40379843319706,376.035856734582,9.40000021457672));
#3512=CARTESIAN_POINT('Ctrl Pts',(1.42593310675809,376.00630086671,9.40000021457672));
#3513=CARTESIAN_POINT('Ctrl Pts',(1.44913917806173,375.977529279601,9.40000021457672));
#3514=CARTESIAN_POINT('Ctrl Pts',(1.46710454107507,375.955255280692,9.40000021457672));
#3515=CARTESIAN_POINT('Ctrl Pts',(1.48571219018851,375.933451376228,9.40000021457672));
#3516=CARTESIAN_POINT('Ctrl Pts',(1.50493975868894,375.912147715808,9.40000021457672));
#3517=CARTESIAN_POINT('Ctrl Pts',(1.51249255709503,375.903779405875,9.40000021457672));
#3518=CARTESIAN_POINT('Ctrl Pts',(1.52013506997712,375.895494939508,9.40000021457672));
#3519=CARTESIAN_POINT('Ctrl Pts',(1.52786381938332,375.887297646587,9.40000021457672));
#3520=CARTESIAN_POINT('Ctrl Pts',(1.56548913198732,375.847391357425,9.40000021457672));
#3521=CARTESIAN_POINT('Ctrl Pts',(1.6051680670796,375.809536051862,9.40000021457672));
#3522=CARTESIAN_POINT('Ctrl Pts',(1.64670605687281,375.773917219055,9.40000021457672));
#3523=CARTESIAN_POINT('Ctrl Pts',(1.67816975758898,375.746937090723,9.40000021457672));
#3524=CARTESIAN_POINT('Ctrl Pts',(1.71070087643716,375.721240305842,9.40000021457672));
#3525=CARTESIAN_POINT('Ctrl Pts',(1.74422624073092,375.696914778777,9.40000021457672));
#3526=CARTESIAN_POINT('Ctrl Pts',(1.75567009235531,375.688611282953,9.40000021457672));
#3527=CARTESIAN_POINT('Ctrl Pts',(1.76723122593727,375.680466705775,9.40000021457672));
#3528=CARTESIAN_POINT('Ctrl Pts',(1.77890270472447,375.672487666077,9.40000021457672));
#3529=CARTESIAN_POINT('Ctrl Pts',(1.82919553010492,375.638105694642,9.40000021457672));
#3530=CARTESIAN_POINT('Ctrl Pts',(1.88140280890587,375.606883629242,9.40000021457672));
#3531=CARTESIAN_POINT('Ctrl Pts',(1.93527815351293,375.57907906225,9.40000021457672));
#3532=CARTESIAN_POINT('Ctrl Pts',(1.97733893440956,375.557371882301,9.40000021457672));
#3533=CARTESIAN_POINT('Ctrl Pts',(2.02041741601907,375.537747997658,9.40000021457672));
#3534=CARTESIAN_POINT('Ctrl Pts',(2.06441153176144,375.520346113361,9.40000021457672));
#3535=CARTESIAN_POINT('Ctrl Pts',(2.0763986314581,375.515604612857,9.40000021457672));
#3536=CARTESIAN_POINT('Ctrl Pts',(2.08845377292762,375.511028171207,9.40000021457672));
#3537=CARTESIAN_POINT('Ctrl Pts',(2.10057386652326,375.506615874136,9.40000021457672));
#3538=CARTESIAN_POINT('Origin',(-6.50000020861626,371.999999597669,-27.5999997854233));
#3539=CARTESIAN_POINT('',(-11.5000002086163,371.999999597669,-27.5999997854233));
#3540=CARTESIAN_POINT('Origin',(-6.50000020861626,371.999999597669,-27.5999997854233));
#3541=CARTESIAN_POINT('',(-9.25000020861626,371.999999597669,-27.5999997854233));
#3542=CARTESIAN_POINT('Origin',(-6.50000020861626,371.999999597669,-27.5999997854233));
#3543=CARTESIAN_POINT('Origin',(8.50000000000001,371.999999597669,-27.5999997854233));
#3544=CARTESIAN_POINT('',(3.50000000000001,371.999999597669,-27.5999997854233));
#3545=CARTESIAN_POINT('Origin',(8.50000000000001,371.999999597669,-27.5999997854233));
#3546=CARTESIAN_POINT('',(5.75,371.999999597669,-27.5999997854233));
#3547=CARTESIAN_POINT('Origin',(8.50000000000001,371.999999597669,-27.5999997854233));
#3548=CARTESIAN_POINT('Origin',(14.5,385.000001296401,-34.0999997854233));
#3549=CARTESIAN_POINT('',(16.,366.999999597669,-32.5999997854233));
#3550=CARTESIAN_POINT('',(13.,366.999999597669,-35.5999997854233));
#3551=CARTESIAN_POINT('',(25.75,366.999999597669,-22.8499997854233));
#3552=CARTESIAN_POINT('',(13.,377.000005587935,-35.5999997854233));
#3553=CARTESIAN_POINT('',(13.,375.000005587935,-35.5999997854233));
#3554=CARTESIAN_POINT('',(16.,377.000005587935,-32.5999997854233));
#3555=CARTESIAN_POINT('',(11.4999999478459,377.000005587935,-37.0999998375774));
#3556=CARTESIAN_POINT('',(16.,385.000001296401,-32.5999997854233));
#3557=CARTESIAN_POINT('Origin',(0.999999895691874,370.000002592802,-35.5999997854233));
#3558=CARTESIAN_POINT('',(-11.0000002086163,366.999999597669,-35.5999997854233));
#3559=CARTESIAN_POINT('',(8.49999994784594,366.999999597669,-35.5999997854233));
#3560=CARTESIAN_POINT('',(-11.0000002086163,377.000005587935,-35.5999997854233));
#3561=CARTESIAN_POINT('',(-11.0000002086163,375.000005587935,-35.5999997854233));
#3562=CARTESIAN_POINT('',(-14.0000002086163,377.000005587935,-35.5999997854233));
#3563=CARTESIAN_POINT('Origin',(-12.5000002086163,367.500001095235,-34.0999997854233));
#3564=CARTESIAN_POINT('',(-14.0000002086163,366.999999597669,-32.5999997854233));
#3565=CARTESIAN_POINT('',(-16.2500001564622,366.999999597669,-30.3499998375774));
#3566=CARTESIAN_POINT('',(-14.0000002086163,377.000005587935,-32.5999997854233));
#3567=CARTESIAN_POINT('',(-14.0000002086163,375.000005587935,-32.5999997854233));
#3568=CARTESIAN_POINT('',(-17.0000002086163,377.000005587935,-29.5999997854233));
#3569=CARTESIAN_POINT('Origin',(-14.0000002086163,377.000005587935,-17.5999997854233));
#3570=CARTESIAN_POINT('',(-14.0000002086163,377.000005587935,-17.5999997854233));
#3571=CARTESIAN_POINT('',(-14.0000002086163,377.000005587935,-17.5999997854233));
#3572=CARTESIAN_POINT('',(0.,377.000005587935,-3.59999978542328));
#3573=CARTESIAN_POINT('',(-10.5000000521541,377.000005587935,-14.0999998375773));
#3574=CARTESIAN_POINT('',(0.,377.000005587935,-17.5999997854233));
#3575=CARTESIAN_POINT('',(0.,377.000005587935,-4.09999978542328));
#3576=CARTESIAN_POINT('',(16.,377.000005587935,-17.5999997854233));
#3577=CARTESIAN_POINT('',(-3.00000010430813,377.000005587935,-17.5999997854233));
#3578=CARTESIAN_POINT('',(16.,377.000005587935,-17.5999997854233));
#3579=CARTESIAN_POINT('',(-9.25000020861626,377.000005587935,-27.5999997854233));
#3580=CARTESIAN_POINT('Origin',(-6.50000020861626,377.000005587935,-27.5999997854233));
#3581=CARTESIAN_POINT('',(5.75,377.000005587935,-27.5999997854233));
#3582=CARTESIAN_POINT('Origin',(8.50000000000001,377.000005587935,-27.5999997854233));
#3583=CARTESIAN_POINT('Origin',(-7.,367.500001095235,-10.5999997854233));
#3584=CARTESIAN_POINT('',(-14.0000002086163,366.999999597669,-17.5999997854233));
#3585=CARTESIAN_POINT('',(0.,366.999999597669,-3.59999978542328));
#3586=CARTESIAN_POINT('',(3.75,366.999999597669,0.150000214576722));
#3587=CARTESIAN_POINT('',(-5.55111512312578E-16,370.000002592802,-3.59999978542328));
#3588=CARTESIAN_POINT('',(-14.0000002086163,364.999999597669,-17.5999997854233));
#3589=CARTESIAN_POINT('Origin',(-6.50000020861626,364.999999597669,-27.5999997854233));
#3590=CARTESIAN_POINT('',(-11.5000002086163,366.999999597669,-27.5999997854233));
#3591=CARTESIAN_POINT('Origin',(-6.50000020861626,366.999999597669,-27.5999997854233));
#3592=CARTESIAN_POINT('',(-11.5000002086163,364.999999597669,-27.5999997854233));
#3593=CARTESIAN_POINT('Origin',(8.50000000000001,364.999999597669,-27.5999997854233));
#3594=CARTESIAN_POINT('',(3.50000000000001,366.999999597669,-27.5999997854233));
#3595=CARTESIAN_POINT('Origin',(8.50000000000001,366.999999597669,-27.5999997854233));
#3596=CARTESIAN_POINT('',(3.50000000000001,364.999999597669,-27.5999997854233));
#3597=CARTESIAN_POINT('Origin',(-6.50000020861626,364.999999597669,-27.5999997854233));
#3598=CARTESIAN_POINT('',(-9.25000020861626,364.999999597669,-27.5999997854233));
#3599=CARTESIAN_POINT('Origin',(8.50000000000001,364.999999597669,-27.5999997854233));
#3600=CARTESIAN_POINT('',(5.75,364.999999597669,-27.5999997854233));
#3601=CARTESIAN_POINT('Origin',(-14.0000002086163,364.999999597669,-17.5999997854233));
#3602=CARTESIAN_POINT('',(-14.0000002086163,366.999999597669,-4.09999978542328));
#3603=CARTESIAN_POINT('Origin',(8.,382.499999798834,-17.5999997854233));
#3604=CARTESIAN_POINT('',(0.,400.,-17.5999997854233));
#3605=CARTESIAN_POINT('',(0.,400.,-17.5999997854233));
#3606=CARTESIAN_POINT('',(16.,400.,-17.5999997854233));
#3607=CARTESIAN_POINT('',(16.,400.,-17.5999997854233));
#3608=CARTESIAN_POINT('',(16.,364.999999597669,-17.5999997854233));
#3609=CARTESIAN_POINT('Origin',(16.,366.999999597669,12.4000002145767));
#3610=CARTESIAN_POINT('',(0.,366.999999597669,14.4000002145767));
#3611=CARTESIAN_POINT('',(16.,366.999999597669,14.4000002145767));
#3612=CARTESIAN_POINT('',(12.0625,366.999999597669,14.4000002145767));
#3613=CARTESIAN_POINT('',(0.,366.999999597669,9.40000021457672));
#3614=CARTESIAN_POINT('',(16.,366.999999597669,12.4000002145767));
#3615=CARTESIAN_POINT('Origin',(8.125,386.499999798834,14.4000002145767));
#3616=CARTESIAN_POINT('',(16.,400.,14.4000002145767));
#3617=CARTESIAN_POINT('',(16.,393.249999899417,14.4000002145767));
#3618=CARTESIAN_POINT('',(0.,400.,14.4000002145767));
#3619=CARTESIAN_POINT('',(0.,400.,14.4000002145767));
#3620=CARTESIAN_POINT('',(0.,372.999999597669,14.4000002145767));
#3621=CARTESIAN_POINT('Ctrl Pts',(2.10148615814286,375.509350571782,14.4000002145767));
#3622=CARTESIAN_POINT('Ctrl Pts',(2.04342518720017,375.530565811592,14.4000002145767));
#3623=CARTESIAN_POINT('Ctrl Pts',(1.98696563481126,375.555484222612,14.4000002145767));
#3624=CARTESIAN_POINT('Ctrl Pts',(1.93231023842927,375.583792804519,14.4000002145767));
#3625=CARTESIAN_POINT('Ctrl Pts',(1.8785457486748,375.611639944283,14.4000002145767));
#3626=CARTESIAN_POINT('Ctrl Pts',(1.82652643913186,375.642768767419,14.4000002145767));
#3627=CARTESIAN_POINT('Ctrl Pts',(1.77647753061483,375.676926320067,14.4000002145767));
#3628=CARTESIAN_POINT('Ctrl Pts',(1.73821517896702,375.703039742509,14.4000002145767));
#3629=CARTESIAN_POINT('Ctrl Pts',(1.70110501225081,375.730924342892,14.4000002145767));
#3630=CARTESIAN_POINT('Ctrl Pts',(1.66526415305548,375.760479350399,14.4000002145767));
#3631=CARTESIAN_POINT('Ctrl Pts',(1.64582045841467,375.776512965495,14.4000002145767));
#3632=CARTESIAN_POINT('Ctrl Pts',(1.62675059790789,375.793038349069,14.4000002145767));
#3633=CARTESIAN_POINT('Ctrl Pts',(1.60807535247754,375.810040286322,14.4000002145767));
#3634=CARTESIAN_POINT('Ctrl Pts',(1.60127096765684,375.816234996008,14.4000002145767));
#3635=CARTESIAN_POINT('Ctrl Pts',(1.59451992040979,375.822492200917,14.4000002145767));
#3636=CARTESIAN_POINT('Ctrl Pts',(1.58783023666618,375.828804275099,14.4000002145767));
#3637=CARTESIAN_POINT('Ctrl Pts',(1.54474120232427,375.869461082152,14.4000002145767));
#3638=CARTESIAN_POINT('Ctrl Pts',(1.50411174299971,375.912466551518,14.4000002145767));
#3639=CARTESIAN_POINT('Ctrl Pts',(1.46614758725426,375.957577354587,14.4000002145767));
#3640=CARTESIAN_POINT('Ctrl Pts',(1.42895514546449,376.001771170683,14.4000002145767));
#3641=CARTESIAN_POINT('Ctrl Pts',(1.39432030875784,376.047986546104,14.4000002145767));
#3642=CARTESIAN_POINT('Ctrl Pts',(1.36247945757931,376.096017790749,14.4000002145767));
#3643=CARTESIAN_POINT('Ctrl Pts',(1.3386145093184,376.132017556016,14.4000002145767));
#3644=CARTESIAN_POINT('Ctrl Pts',(1.31631993563818,376.169037944515,14.4000002145767));
#3645=CARTESIAN_POINT('Ctrl Pts',(1.29571384409672,376.206996513287,14.4000002145767));
#3646=CARTESIAN_POINT('Ctrl Pts',(1.28527156375687,376.226232282264,14.4000002145767));
#3647=CARTESIAN_POINT('Ctrl Pts',(1.27526315896305,376.24570901247,14.4000002145767));
#3648=CARTESIAN_POINT('Ctrl Pts',(1.26570574789579,376.265416056045,14.4000002145767));
#3649=CARTESIAN_POINT('Ctrl Pts',(1.26121524488172,376.274675314431,14.4000002145767));
#3650=CARTESIAN_POINT('Ctrl Pts',(1.2568280521565,376.283977776095,14.4000002145767));
#3651=CARTESIAN_POINT('Ctrl Pts',(1.25254690891991,376.29331891385,14.4000002145767));
#3652=CARTESIAN_POINT('Ctrl Pts',(1.22932506949907,376.343987249144,14.4000002145767));
#3653=CARTESIAN_POINT('Ctrl Pts',(1.2092044778055,376.395823479206,14.4000002145767));
#3654=CARTESIAN_POINT('Ctrl Pts',(1.19239693252452,376.448635176421,14.4000002145767));
#3655=CARTESIAN_POINT('Ctrl Pts',(1.17985586381897,376.488040997566,14.4000002145767));
#3656=CARTESIAN_POINT('Ctrl Pts',(1.1691602219138,376.527990346335,14.4000002145767));
#3657=CARTESIAN_POINT('Ctrl Pts',(1.16041682198093,376.568405900598,14.4000002145767));
#3658=CARTESIAN_POINT('Ctrl Pts',(1.14869242411363,376.622600840992,14.4000002145767));
#3659=CARTESIAN_POINT('Ctrl Pts',(1.14047718558611,376.677635146071,14.4000002145767));
#3660=CARTESIAN_POINT('Ctrl Pts',(1.13571294826509,376.733189495272,14.4000002145767));
#3661=CARTESIAN_POINT('Ctrl Pts',(1.13436037056369,376.748961500082,14.4000002145767));
#3662=CARTESIAN_POINT('Ctrl Pts',(1.13328622195891,376.764775330349,14.4000002145767));
#3663=CARTESIAN_POINT('Ctrl Pts',(1.13248981058722,376.780623410729,14.4000002145767));
#3664=CARTESIAN_POINT('Ctrl Pts',(1.13198443410146,376.790680081758,14.4000002145767));
#3665=CARTESIAN_POINT('Ctrl Pts',(1.13159101346344,376.800750410111,14.4000002145767));
#3666=CARTESIAN_POINT('Ctrl Pts',(1.13130950063077,376.810818133706,14.4000002145767));
#3667=CARTESIAN_POINT('Ctrl Pts',(1.12975418305071,376.866440846712,14.4000002145767));
#3668=CARTESIAN_POINT('Ctrl Pts',(1.13160405885863,376.922095203244,14.4000002145767));
#3669=CARTESIAN_POINT('Ctrl Pts',(1.13674813715273,376.977465203945,14.4000002145767));
#3670=CARTESIAN_POINT('Ctrl Pts',(1.14189027260465,377.032814292218,14.4000002145767));
#3671=CARTESIAN_POINT('Ctrl Pts',(1.1503245909902,377.08788038089,14.4000002145767));
#3672=CARTESIAN_POINT('Ctrl Pts',(1.16198959667083,377.142332620354,14.4000002145767));
#3673=CARTESIAN_POINT('Ctrl Pts',(1.16905392788712,377.175308914201,14.4000002145767));
#3674=CARTESIAN_POINT('Ctrl Pts',(1.17730404271052,377.2080597062,14.4000002145767));
#3675=CARTESIAN_POINT('Ctrl Pts',(1.1867340109516,377.240506144122,14.4000002145767));
#3676=CARTESIAN_POINT('Ctrl Pts',(1.19163232309329,377.257360154312,14.4000002145767));
#3677=CARTESIAN_POINT('Ctrl Pts',(1.19684907267084,377.274131964774,14.4000002145767));
#3678=CARTESIAN_POINT('Ctrl Pts',(1.20238398886993,377.290809941285,14.4000002145767));
#3679=CARTESIAN_POINT('Ctrl Pts',(1.2068603319532,377.304298193341,14.4000002145767));
#3680=CARTESIAN_POINT('Ctrl Pts',(1.21154605478653,377.317728057094,14.4000002145767));
#3681=CARTESIAN_POINT('Ctrl Pts',(1.21643192986642,377.331069301081,14.4000002145767));
#3682=CARTESIAN_POINT('Ctrl Pts',(1.23487402328819,377.381426803868,14.4000002145767));
#3683=CARTESIAN_POINT('Ctrl Pts',(1.25618643877326,377.430594316455,14.4000002145767));
#3684=CARTESIAN_POINT('Ctrl Pts',(1.28032196063136,377.478259168419,14.4000002145767));
#3685=CARTESIAN_POINT('Ctrl Pts',(1.29723998205108,377.51167029544,14.4000002145767));
#3686=CARTESIAN_POINT('Ctrl Pts',(1.31554599656597,377.544342597748,14.4000002145767));
#3687=CARTESIAN_POINT('Ctrl Pts',(1.3352342813309,377.576157272201,14.4000002145767));
#3688=CARTESIAN_POINT('Ctrl Pts',(1.34318694430742,377.589008131819,14.4000002145767));
#3689=CARTESIAN_POINT('Ctrl Pts',(1.35136659923411,377.601720640957,14.4000002145767));
#3690=CARTESIAN_POINT('Ctrl Pts',(1.35976000947355,377.614267737275,14.4000002145767));
#3691=CARTESIAN_POINT('Ctrl Pts',(1.38822885890555,377.656825099025,14.4000002145767));
#3692=CARTESIAN_POINT('Ctrl Pts',(1.41918407578816,377.697532403533,14.4000002145767));
#3693=CARTESIAN_POINT('Ctrl Pts',(1.45259950005723,377.736090030642,14.4000002145767));
#3694=CARTESIAN_POINT('Ctrl Pts',(1.47312972006399,377.759779586731,14.4000002145767));
#3695=CARTESIAN_POINT('Ctrl Pts',(1.49458925321984,377.782656976939,14.4000002145767));
#3696=CARTESIAN_POINT('Ctrl Pts',(1.51697738421841,377.804644432754,14.4000002145767));
#3697=CARTESIAN_POINT('Ctrl Pts',(1.52454738949141,377.8120789594,14.4000002145767));
#3698=CARTESIAN_POINT('Ctrl Pts',(1.53222359385266,377.819411679476,14.4000002145767));
#3699=CARTESIAN_POINT('Ctrl Pts',(1.54000344512582,377.826641540216,14.4000002145767));
#3700=CARTESIAN_POINT('Ctrl Pts',(3.45811615272232,377.825211298937,14.4000002145767));
#3701=CARTESIAN_POINT('Ctrl Pts',(3.49496725307967,377.790797268712,14.4000002145767));
#3702=CARTESIAN_POINT('Ctrl Pts',(3.52943532997379,377.75414218512,14.4000002145767));
#3703=CARTESIAN_POINT('Ctrl Pts',(3.56152108228382,377.715566655772,14.4000002145767));
#3704=CARTESIAN_POINT('Ctrl Pts',(3.59505977562399,377.675244308435,14.4000002145767));
#3705=CARTESIAN_POINT('Ctrl Pts',(3.62599611733926,377.632823195626,14.4000002145767));
#3706=CARTESIAN_POINT('Ctrl Pts',(3.65430273142551,377.588619713699,14.4000002145767));
#3707=CARTESIAN_POINT('Ctrl Pts',(3.67736904835757,377.552599456365,14.4000002145767));
#3708=CARTESIAN_POINT('Ctrl Pts',(3.69868874881884,377.515394512049,14.4000002145767));
#3709=CARTESIAN_POINT('Ctrl Pts',(3.71822982321179,377.477157135412,14.4000002145767));
#3710=CARTESIAN_POINT('Ctrl Pts',(3.72744072489122,377.459133524754,14.4000002145767));
#3711=CARTESIAN_POINT('Ctrl Pts',(3.73625620927554,377.440880316553,14.4000002145767));
#3712=CARTESIAN_POINT('Ctrl Pts',(3.74467156061402,377.422412486389,14.4000002145767));
#3713=CARTESIAN_POINT('Ctrl Pts',(3.74888607532835,377.413163562745,14.4000002145767));
#3714=CARTESIAN_POINT('Ctrl Pts',(3.7529966782819,377.403868482577,14.4000002145767));
#3715=CARTESIAN_POINT('Ctrl Pts',(3.75700142798537,377.394533718972,14.4000002145767));
#3716=CARTESIAN_POINT('Ctrl Pts',(3.77848899545404,377.344447851533,14.4000002145767));
#3717=CARTESIAN_POINT('Ctrl Pts',(3.79694951583136,377.293184409043,14.4000002145767));
#3718=CARTESIAN_POINT('Ctrl Pts',(3.81235645169522,377.241075372312,14.4000002145767));
#3719=CARTESIAN_POINT('Ctrl Pts',(3.82799931818295,377.188168375646,14.4000002145767));
#3720=CARTESIAN_POINT('Ctrl Pts',(3.84049493033275,377.134388744704,14.4000002145767));
#3721=CARTESIAN_POINT('Ctrl Pts',(3.84977461813716,377.080050344018,14.4000002145767));
#3722=CARTESIAN_POINT('Ctrl Pts',(3.85652146200078,377.040543335489,14.4000002145767));
#3723=CARTESIAN_POINT('Ctrl Pts',(3.86156751430383,377.000740188504,14.4000002145767));
#3724=CARTESIAN_POINT('Ctrl Pts',(3.86487050814555,376.960755135426,14.4000002145767));
#3725=CARTESIAN_POINT('Ctrl Pts',(3.86585735985313,376.948808604551,14.4000002145767));
#3726=CARTESIAN_POINT('Ctrl Pts',(3.86668851754267,376.936845813933,14.4000002145767));
#3727=CARTESIAN_POINT('Ctrl Pts',(3.8673625984313,376.924869769019,14.4000002145767));
#3728=CARTESIAN_POINT('Ctrl Pts',(3.86791114331316,376.915124057112,14.4000002145767));
#3729=CARTESIAN_POINT('Ctrl Pts',(3.86835549951358,376.905370979604,14.4000002145767));
#3730=CARTESIAN_POINT('Ctrl Pts',(3.86869478925118,376.895624433257,14.4000002145767));
#3731=CARTESIAN_POINT('Ctrl Pts',(3.87067334246067,376.83878787612,14.4000002145767));
#3732=CARTESIAN_POINT('Ctrl Pts',(3.86908959718633,376.782063370829,14.4000002145767));
#3733=CARTESIAN_POINT('Ctrl Pts',(3.86388807083271,376.72578560155,14.4000002145767));
#3734=CARTESIAN_POINT('Ctrl Pts',(3.86007165144891,376.684493958492,14.4000002145767));
#3735=CARTESIAN_POINT('Ctrl Pts',(3.85430680011345,376.643442071707,14.4000002145767));
#3736=CARTESIAN_POINT('Ctrl Pts',(3.84655461407009,376.602756594247,14.4000002145767));
#3737=CARTESIAN_POINT('Ctrl Pts',(3.83625437164719,376.548698257853,14.4000002145767));
#3738=CARTESIAN_POINT('Ctrl Pts',(3.82244779145077,376.495286114214,14.4000002145767));
#3739=CARTESIAN_POINT('Ctrl Pts',(3.80536132271911,376.442721252495,14.4000002145767));
#3740=CARTESIAN_POINT('Ctrl Pts',(3.80045061815368,376.427613946797,14.4000002145767));
#3741=CARTESIAN_POINT('Ctrl Pts',(3.79526866614551,376.412576666294,14.4000002145767));
#3742=CARTESIAN_POINT('Ctrl Pts',(3.78982007698734,376.397614323317,14.4000002145767));
#3743=CARTESIAN_POINT('Ctrl Pts',(3.78634650346383,376.38807556073,14.4000002145767));
#3744=CARTESIAN_POINT('Ctrl Pts',(3.78276448580828,376.378567374864,14.4000002145767));
#3745=CARTESIAN_POINT('Ctrl Pts',(3.77908065376415,376.369104313733,14.4000002145767));
#3746=CARTESIAN_POINT('Ctrl Pts',(3.75852245818917,376.316294234678,14.4000002145767));
#3747=CARTESIAN_POINT('Ctrl Pts',(3.73476057056694,376.264784859714,14.4000002145767));
#3748=CARTESIAN_POINT('Ctrl Pts',(3.70808251130816,376.214781162223,14.4000002145767));
#3749=CARTESIAN_POINT('Ctrl Pts',(3.68076533004775,376.163579534144,14.4000002145767));
#3750=CARTESIAN_POINT('Ctrl Pts',(3.6503902293229,376.11395569757,14.4000002145767));
#3751=CARTESIAN_POINT('Ctrl Pts',(3.61721032286249,376.066135443743,14.4000002145767));
#3752=CARTESIAN_POINT('Ctrl Pts',(3.5962012708555,376.035856328857,14.4000002145767));
#3753=CARTESIAN_POINT('Ctrl Pts',(3.57406660490108,376.006300470318,14.4000002145767));
#3754=CARTESIAN_POINT('Ctrl Pts',(3.55086054176992,375.977528892897,14.4000002145767));
#3755=CARTESIAN_POINT('Ctrl Pts',(3.53289519983113,375.955254919774,14.4000002145767));
#3756=CARTESIAN_POINT('Ctrl Pts',(3.51428757318572,375.933451040537,14.4000002145767));
#3757=CARTESIAN_POINT('Ctrl Pts',(3.49506002841573,375.912147404635,14.4000002145767));
#3758=CARTESIAN_POINT('Ctrl Pts',(3.48750722901249,375.903779092901,14.4000002145767));
#3759=CARTESIAN_POINT('Ctrl Pts',(3.47986471506001,375.895494624827,14.4000002145767));
#3760=CARTESIAN_POINT('Ctrl Pts',(3.47213596452418,375.88729733031,14.4000002145767));
#3761=CARTESIAN_POINT('Ctrl Pts',(3.43451066395432,375.847391051974,14.4000002145767));
#3762=CARTESIAN_POINT('Ctrl Pts',(3.39483174128774,375.809535757804,14.4000002145767));
#3763=CARTESIAN_POINT('Ctrl Pts',(3.35329376381934,375.773916936471,14.4000002145767));
#3764=CARTESIAN_POINT('Ctrl Pts',(3.32183007067777,375.746936815319,14.4000002145767));
#3765=CARTESIAN_POINT('Ctrl Pts',(3.28929895922743,375.721240037809,14.4000002145767));
#3766=CARTESIAN_POINT('Ctrl Pts',(3.25577360195665,375.696914518111,14.4000002145767));
#3767=CARTESIAN_POINT('Ctrl Pts',(3.24432975465762,375.6886110262,14.4000002145767));
#3768=CARTESIAN_POINT('Ctrl Pts',(3.23276862539571,375.680466452881,14.4000002145767));
#3769=CARTESIAN_POINT('Ctrl Pts',(3.22109715091627,375.672487416979,14.4000002145767));
#3770=CARTESIAN_POINT('Ctrl Pts',(3.17080433889384,375.638105458343,14.4000002145767));
#3771=CARTESIAN_POINT('Ctrl Pts',(3.11859707270604,375.606883405137,14.4000002145767));
#3772=CARTESIAN_POINT('Ctrl Pts',(3.06472173930914,375.579078849078,14.4000002145767));
#3773=CARTESIAN_POINT('Ctrl Pts',(3.02266096694145,375.55737167755,14.4000002145767));
#3774=CARTESIAN_POINT('Ctrl Pts',(2.97958249299568,375.537747800583,14.4000002145767));
#3775=CARTESIAN_POINT('Ctrl Pts',(2.93558838373928,375.520345922907,14.4000002145767));
#3776=CARTESIAN_POINT('Ctrl Pts',(2.92360128572546,375.515604424173,14.4000002145767));
#3777=CARTESIAN_POINT('Ctrl Pts',(2.91154614585036,375.511027984218,14.4000002145767));
#3778=CARTESIAN_POINT('Ctrl Pts',(2.89942605376366,375.506615688769,14.4000002145767));
#3779=CARTESIAN_POINT('Ctrl Pts',(2.10148615814285,394.759350571782,14.4000002145767));
#3780=CARTESIAN_POINT('Ctrl Pts',(2.04342518720017,394.780565811592,14.4000002145767));
#3781=CARTESIAN_POINT('Ctrl Pts',(1.98696566460357,394.805484478934,14.4000002145767));
#3782=CARTESIAN_POINT('Ctrl Pts',(1.93231031992383,394.833793514546,14.4000002145767));
#3783=CARTESIAN_POINT('Ctrl Pts',(1.8785459590505,394.861641060208,14.4000002145767));
#3784=CARTESIAN_POINT('Ctrl Pts',(1.82652679455529,394.892770470887,14.4000002145767));
#3785=CARTESIAN_POINT('Ctrl Pts',(1.77647803900816,394.926928740173,14.4000002145767));
#3786=CARTESIAN_POINT('Ctrl Pts',(1.7382157397017,394.953042754576,14.4000002145767));
#3787=CARTESIAN_POINT('Ctrl Pts',(1.70110563384766,394.980928028411,14.4000002145767));
#3788=CARTESIAN_POINT('Ctrl Pts',(1.66526484085425,395.010483766972,14.4000002145767));
#3789=CARTESIAN_POINT('Ctrl Pts',(1.64582129865011,395.026517682577,14.4000002145767));
#3790=CARTESIAN_POINT('Ctrl Pts',(1.62675158767203,395.043043377717,14.4000002145767));
#3791=CARTESIAN_POINT('Ctrl Pts',(1.60807648796852,395.060045634004,14.4000002145767));
#3792=CARTESIAN_POINT('Ctrl Pts',(1.60127215663102,395.06624045958,14.4000002145767));
#3793=CARTESIAN_POINT('Ctrl Pts',(1.59452116196375,395.072497781701,14.4000002145767));
#3794=CARTESIAN_POINT('Ctrl Pts',(1.58783153020814,395.078809973753,14.4000002145767));
#3795=CARTESIAN_POINT('Ctrl Pts',(1.54474260891748,395.119467749317,14.4000002145767));
#3796=CARTESIAN_POINT('Ctrl Pts',(1.50411326192293,395.16247424192,14.4000002145767));
#3797=CARTESIAN_POINT('Ctrl Pts',(1.46614921023066,395.207586071816,14.4000002145767));
#3798=CARTESIAN_POINT('Ctrl Pts',(1.4289566955221,395.251781101644,14.4000002145767));
#3799=CARTESIAN_POINT('Ctrl Pts',(1.39432180198214,395.297997713364,14.4000002145767));
#3800=CARTESIAN_POINT('Ctrl Pts',(1.36248090611607,395.346030165453,14.4000002145767));
#3801=CARTESIAN_POINT('Ctrl Pts',(1.33861600956924,395.382030707172,14.4000002145767));
#3802=CARTESIAN_POINT('Ctrl Pts',(1.31632148323369,395.419051848637,14.4000002145767));
#3803=CARTESIAN_POINT('Ctrl Pts',(1.29571543188025,395.457011125391,14.4000002145767));
#3804=CARTESIAN_POINT('Ctrl Pts',(1.28527322560033,395.47624715423,14.4000002145767));
#3805=CARTESIAN_POINT('Ctrl Pts',(1.27526488856598,395.495724130255,14.4000002145767));
#3806=CARTESIAN_POINT('Ctrl Pts',(1.26570753831476,395.515431402864,14.4000002145767));
#3807=CARTESIAN_POINT('Ctrl Pts',(1.26121700888178,395.524690882256,14.4000002145767));
#3808=CARTESIAN_POINT('Ctrl Pts',(1.25682979043206,395.533993562778,14.4000002145767));
#3809=CARTESIAN_POINT('Ctrl Pts',(1.25254862256497,395.543334916026,14.4000002145767));
#3810=CARTESIAN_POINT('Ctrl Pts',(1.22932673757209,395.594004228125,14.4000002145767));
#3811=CARTESIAN_POINT('Ctrl Pts',(1.20920610513798,395.645841335596,14.4000002145767));
#3812=CARTESIAN_POINT('Ctrl Pts',(1.19239852014292,395.698653762813,14.4000002145767));
#3813=CARTESIAN_POINT('Ctrl Pts',(1.17985750715997,395.738059860452,14.4000002145767));
#3814=CARTESIAN_POINT('Ctrl Pts',(1.16916189645837,395.778009396243,14.4000002145767));
#3815=CARTESIAN_POINT('Ctrl Pts',(1.16041849953079,395.818425028746,14.4000002145767));
#3816=CARTESIAN_POINT('Ctrl Pts',(1.14869407021416,395.872620238056,14.4000002145767));
#3817=CARTESIAN_POINT('Ctrl Pts',(1.14047877074861,395.927654621452,14.4000002145767));
#3818=CARTESIAN_POINT('Ctrl Pts',(1.13571444930783,395.983208891286,14.4000002145767));
#3819=CARTESIAN_POINT('Ctrl Pts',(1.13436184714199,395.998980880358,14.4000002145767));
#3820=CARTESIAN_POINT('Ctrl Pts',(1.1332876724437,396.014794682208,14.4000002145767));
#3821=CARTESIAN_POINT('Ctrl Pts',(1.13249123349263,396.030642722225,14.4000002145767));
#3822=CARTESIAN_POINT('Ctrl Pts',(1.13198583935319,396.040699370679,14.4000002145767));
#3823=CARTESIAN_POINT('Ctrl Pts',(1.13159240053149,396.050769671632,14.4000002145767));
#3824=CARTESIAN_POINT('Ctrl Pts',(1.13131086904834,396.060837363255,14.4000002145767));
#3825=CARTESIAN_POINT('Ctrl Pts',(1.12975545091072,396.116459810804,14.4000002145767));
#3826=CARTESIAN_POINT('Ctrl Pts',(1.13160520087025,396.172113762257,14.4000002145767));
#3827=CARTESIAN_POINT('Ctrl Pts',(1.1367491350194,396.227483254767,14.4000002145767));
#3828=CARTESIAN_POINT('Ctrl Pts',(1.14189112773024,396.282831849565,14.4000002145767));
#3829=CARTESIAN_POINT('Ctrl Pts',(1.15032528679679,396.337897341473,14.4000002145767));
#3830=CARTESIAN_POINT('Ctrl Pts',(1.16199012325793,396.392348916017,14.4000002145767));
#3831=CARTESIAN_POINT('Ctrl Pts',(1.16905431725822,396.425324645036,14.4000002145767));
#3832=CARTESIAN_POINT('Ctrl Pts',(1.17730427957474,396.458074849411,14.4000002145767));
#3833=CARTESIAN_POINT('Ctrl Pts',(1.18673408158465,396.490520685941,14.4000002145767));
#3834=CARTESIAN_POINT('Ctrl Pts',(1.19163240134801,396.50737470707,14.4000002145767));
#3835=CARTESIAN_POINT('Ctrl Pts',(1.19684916705953,396.524146521606,14.4000002145767));
#3836=CARTESIAN_POINT('Ctrl Pts',(1.20238410810504,396.54082449595,14.4000002145767));
#3837=CARTESIAN_POINT('Ctrl Pts',(1.20686043153115,396.554312626472,14.4000002145767));
#3838=CARTESIAN_POINT('Ctrl Pts',(1.21154613670587,396.567742365657,14.4000002145767));
#3839=CARTESIAN_POINT('Ctrl Pts',(1.2164319962236,396.581083482669,14.4000002145767));
#3840=CARTESIAN_POINT('Ctrl Pts',(1.23487398922147,396.631440392365,14.4000002145767));
#3841=CARTESIAN_POINT('Ctrl Pts',(1.2561863211766,396.68060728288,14.4000002145767));
#3842=CARTESIAN_POINT('Ctrl Pts',(1.28032178231482,396.728271513545,14.4000002145767));
#3843=CARTESIAN_POINT('Ctrl Pts',(1.29723981666181,396.761682314643,14.4000002145767));
#3844=CARTESIAN_POINT('Ctrl Pts',(1.3155458644225,396.794354286558,14.4000002145767));
#3845=CARTESIAN_POINT('Ctrl Pts',(1.33523420493538,396.826168635391,14.4000002145767));
#3846=CARTESIAN_POINT('Ctrl Pts',(1.34318674613347,396.839019130313,14.4000002145767));
#3847=CARTESIAN_POINT('Ctrl Pts',(1.35136627444934,396.851731280104,14.4000002145767));
#3848=CARTESIAN_POINT('Ctrl Pts',(1.35975955394271,396.864278024579,14.4000002145767));
#3849=CARTESIAN_POINT('Ctrl Pts',(1.38822847358002,396.906834960811,14.4000002145767));
#3850=CARTESIAN_POINT('Ctrl Pts',(1.41918380308427,396.947541858734,14.4000002145767));
#3851=CARTESIAN_POINT('Ctrl Pts',(1.45259938794385,396.986099122642,14.4000002145767));
#3852=CARTESIAN_POINT('Ctrl Pts',(1.47312925613993,397.009787935792,14.4000002145767));
#3853=CARTESIAN_POINT('Ctrl Pts',(1.49458841484323,397.032664635055,14.4000002145767));
#3854=CARTESIAN_POINT('Ctrl Pts',(1.51697615023556,397.054651462916,14.4000002145767));
#3855=CARTESIAN_POINT('Ctrl Pts',(1.52454614466972,397.062085897959,14.4000002145767));
#3856=CARTESIAN_POINT('Ctrl Pts',(1.53222233922114,397.069418530334,14.4000002145767));
#3857=CARTESIAN_POINT('Ctrl Pts',(1.54000218169007,397.076648307138,14.4000002145767));
#3858=CARTESIAN_POINT('Ctrl Pts',(3.45811615272233,397.075211298937,14.4000002145767));
#3859=CARTESIAN_POINT('Ctrl Pts',(3.4949665139097,397.040797958998,14.4000002145767));
#3860=CARTESIAN_POINT('Ctrl Pts',(3.52943381066954,397.004143497989,14.4000002145767));
#3861=CARTESIAN_POINT('Ctrl Pts',(3.56151877299901,396.965568539159,14.4000002145767));
#3862=CARTESIAN_POINT('Ctrl Pts',(3.59505683920529,396.925246549379,14.4000002145767));
#3863=CARTESIAN_POINT('Ctrl Pts',(3.62599251212761,396.882825712423,14.4000002145767));
#3864=CARTESIAN_POINT('Ctrl Pts',(3.65429845022705,396.838622448456,14.4000002145767));
#3865=CARTESIAN_POINT('Ctrl Pts',(3.6773646602966,396.802601675399,14.4000002145767));
#3866=CARTESIAN_POINT('Ctrl Pts',(3.69868418188403,396.765396131334,14.4000002145767));
#3867=CARTESIAN_POINT('Ctrl Pts',(3.7182250221967,396.727158092262,14.4000002145767));
#3868=CARTESIAN_POINT('Ctrl Pts',(3.72743355795649,396.709138583144,14.4000002145767));
#3869=CARTESIAN_POINT('Ctrl Pts',(3.73624685775087,396.690889574959,14.4000002145767));
#3870=CARTESIAN_POINT('Ctrl Pts',(3.74466021111144,396.672426034511,14.4000002145767));
#3871=CARTESIAN_POINT('Ctrl Pts',(3.74887694072824,396.663172202596,14.4000002145767));
#3872=CARTESIAN_POINT('Ctrl Pts',(3.75298965846653,396.653872140071,14.4000002145767));
#3873=CARTESIAN_POINT('Ctrl Pts',(3.75699640631588,396.644532360416,14.4000002145767));
#3874=CARTESIAN_POINT('Ctrl Pts',(3.77848316525172,396.594446454961,14.4000002145767));
#3875=CARTESIAN_POINT('Ctrl Pts',(3.79694291933671,396.543182949083,14.4000002145767));
#3876=CARTESIAN_POINT('Ctrl Pts',(3.81234916675575,396.491073848621,14.4000002145767));
#3877=CARTESIAN_POINT('Ctrl Pts',(3.82799132770279,396.438166809414,14.4000002145767));
#3878=CARTESIAN_POINT('Ctrl Pts',(3.84048631707142,396.38438713628,14.4000002145767));
#3879=CARTESIAN_POINT('Ctrl Pts',(3.84976550330989,396.330048719255,14.4000002145767));
#3880=CARTESIAN_POINT('Ctrl Pts',(3.85651218403495,396.290540518714,14.4000002145767));
#3881=CARTESIAN_POINT('Ctrl Pts',(3.86155803575493,396.250736175699,14.4000002145767));
#3882=CARTESIAN_POINT('Ctrl Pts',(3.8648608033159,396.210749942618,14.4000002145767));
#3883=CARTESIAN_POINT('Ctrl Pts',(3.86586216140409,396.19862661357,14.4000002145767));
#3884=CARTESIAN_POINT('Ctrl Pts',(3.86670319051436,396.186486542439,14.4000002145767));
#3885=CARTESIAN_POINT('Ctrl Pts',(3.86738244505772,396.174332870304,14.4000002145767));
#3886=CARTESIAN_POINT('Ctrl Pts',(3.86792698990115,396.164589513334,14.4000002145767));
#3887=CARTESIAN_POINT('Ctrl Pts',(3.86836737308664,396.154839274564,14.4000002145767));
#3888=CARTESIAN_POINT('Ctrl Pts',(3.86870275721147,396.145095517302,14.4000002145767));
#3889=CARTESIAN_POINT('Ctrl Pts',(3.87065908416586,396.088259270277,14.4000002145767));
#3890=CARTESIAN_POINT('Ctrl Pts',(3.86905313590361,396.031536199915,14.4000002145767));
#3891=CARTESIAN_POINT('Ctrl Pts',(3.86382932451439,395.97526095179,14.4000002145767));
#3892=CARTESIAN_POINT('Ctrl Pts',(3.86001233523797,395.934141163457,14.4000002145767));
#3893=CARTESIAN_POINT('Ctrl Pts',(3.85426287103946,395.893259740697,14.4000002145767));
#3894=CARTESIAN_POINT('Ctrl Pts',(3.84654249135709,395.852741785502,14.4000002145767));
#3895=CARTESIAN_POINT('Ctrl Pts',(3.83624195558086,395.798682702369,14.4000002145767));
#3896=CARTESIAN_POINT('Ctrl Pts',(3.82243515870633,395.74526995669,14.4000002145767));
#3897=CARTESIAN_POINT('Ctrl Pts',(3.80534853199086,395.692704619355,14.4000002145767));
#3898=CARTESIAN_POINT('Ctrl Pts',(3.80043774289272,395.677597056591,14.4000002145767));
#3899=CARTESIAN_POINT('Ctrl Pts',(3.79525570687975,395.662559530594,14.4000002145767));
#3900=CARTESIAN_POINT('Ctrl Pts',(3.78980703392913,395.64759695341,14.4000002145767));
#3901=CARTESIAN_POINT('Ctrl Pts',(3.78633358637294,395.638058534124,14.4000002145767));
#3902=CARTESIAN_POINT('Ctrl Pts',(3.78275170637054,395.628550694055,14.4000002145767));
#3903=CARTESIAN_POINT('Ctrl Pts',(3.77906802259952,395.61908797889,14.4000002145767));
#3904=CARTESIAN_POINT('Ctrl Pts',(3.75850973582717,395.566277470692,14.4000002145767));
#3905=CARTESIAN_POINT('Ctrl Pts',(3.73474780359432,395.514767796005,14.4000002145767));
#3906=CARTESIAN_POINT('Ctrl Pts',(3.70806972784435,395.464763908142,14.4000002145767));
#3907=CARTESIAN_POINT('Ctrl Pts',(3.68075264780407,395.413562306502,14.4000002145767));
#3908=CARTESIAN_POINT('Ctrl Pts',(3.65037770422015,395.363938597395,14.4000002145767));
#3909=CARTESIAN_POINT('Ctrl Pts',(3.61719798801687,395.316118549955,14.4000002145767));
#3910=CARTESIAN_POINT('Ctrl Pts',(3.59618921017396,395.285839787263,14.4000002145767));
#3911=CARTESIAN_POINT('Ctrl Pts',(3.5740548481425,395.256284302026,14.4000002145767));
#3912=CARTESIAN_POINT('Ctrl Pts',(3.55084911185006,395.22751311242,14.4000002145767));
#3913=CARTESIAN_POINT('Ctrl Pts',(3.53288461924728,395.205240178852,14.4000002145767));
#3914=CARTESIAN_POINT('Ctrl Pts',(3.51427789830314,395.183437316674,14.4000002145767));
#3915=CARTESIAN_POINT('Ctrl Pts',(3.49505131031484,395.162134669278,14.4000002145767));
#3916=CARTESIAN_POINT('Ctrl Pts',(3.48749846904443,395.153766283035,14.4000002145767));
#3917=CARTESIAN_POINT('Ctrl Pts',(3.47985591025414,395.145481744314,14.4000002145767));
#3918=CARTESIAN_POINT('Ctrl Pts',(3.4721271124841,395.137284383643,14.4000002145767));
#3919=CARTESIAN_POINT('Ctrl Pts',(3.43450229340249,395.097378537821,14.4000002145767));
#3920=CARTESIAN_POINT('Ctrl Pts',(3.39482386825739,395.059523699538,14.4000002145767));
#3921=CARTESIAN_POINT('Ctrl Pts',(3.35328638454399,395.023905337764,14.4000002145767));
#3922=CARTESIAN_POINT('Ctrl Pts',(3.32182299472921,394.996925504108,14.4000002145767));
#3923=CARTESIAN_POINT('Ctrl Pts',(3.28929217967679,394.971229021991,14.4000002145767));
#3924=CARTESIAN_POINT('Ctrl Pts',(3.25576710390566,394.9469037978,14.4000002145767));
#3925=CARTESIAN_POINT('Ctrl Pts',(3.24432342649855,394.938600460311,14.4000002145767));
#3926=CARTESIAN_POINT('Ctrl Pts',(3.23276246685624,394.930456039349,14.4000002145767));
#3927=CARTESIAN_POINT('Ctrl Pts',(3.22109116146034,394.92247715342,14.4000002145767));
#3928=CARTESIAN_POINT('Ctrl Pts',(3.17079888558131,394.888095709466,14.4000002145767));
#3929=CARTESIAN_POINT('Ctrl Pts',(3.11859212602509,394.856874147118,14.4000002145767));
#3930=CARTESIAN_POINT('Ctrl Pts',(3.06471724327429,394.82907003179,14.4000002145767));
#3931=CARTESIAN_POINT('Ctrl Pts',(3.02265681635694,394.807363201054,14.4000002145767));
#3932=CARTESIAN_POINT('Ctrl Pts',(2.97957865345886,394.787739634985,14.4000002145767));
#3933=CARTESIAN_POINT('Ctrl Pts',(2.93558480825935,394.770338025827,14.4000002145767));
#3934=CARTESIAN_POINT('Ctrl Pts',(2.92359777794504,394.765596598576,14.4000002145767));
#3935=CARTESIAN_POINT('Ctrl Pts',(2.91154270223125,394.761020227073,14.4000002145767));
#3936=CARTESIAN_POINT('Ctrl Pts',(2.89942267088568,394.756607997167,14.4000002145767));
#3937=CARTESIAN_POINT('',(2.00000002980232,369.000005498528,14.4000002145767));
#3938=CARTESIAN_POINT('',(2.00000002980232,373.000005558133,14.4000002145767));
#3939=CARTESIAN_POINT('',(2.00000002980232,379.750002678484,14.4000002145767));
#3940=CARTESIAN_POINT('',(14.0000002086163,373.000005558133,14.4000002145767));
#3941=CARTESIAN_POINT('',(11.0625001043081,373.000005558133,14.4000002145767));
#3942=CARTESIAN_POINT('',(14.0000002086163,369.000005498528,14.4000002145767));
#3943=CARTESIAN_POINT('',(14.0000002086163,377.750002648681,14.4000002145767));
#3944=CARTESIAN_POINT('',(5.06250001490116,369.000005498528,14.4000002145767));
#3945=CARTESIAN_POINT('',(11.5,394.,14.4000002145767));
#3946=CARTESIAN_POINT('',(6.5,394.,14.4000002145767));
#3947=CARTESIAN_POINT('',(11.5,394.,14.4000002145767));
#3948=CARTESIAN_POINT('',(11.5,379.,14.4000002145767));
#3949=CARTESIAN_POINT('',(11.5,379.,14.4000002145767));
#3950=CARTESIAN_POINT('',(6.5,379.,14.4000002145767));
#3951=CARTESIAN_POINT('',(6.5,379.,14.4000002145767));
#3952=CARTESIAN_POINT('',(6.5,394.,14.4000002145767));
#3953=CARTESIAN_POINT('Origin',(16.,400.,12.4000002145767));
#3954=CARTESIAN_POINT('',(16.,400.,13.4000002145767));
#3955=CARTESIAN_POINT('Origin',(0.,372.999999597669,14.4000002145767));
#3956=CARTESIAN_POINT('',(0.,400.,9.40000021457672));
#3957=CARTESIAN_POINT('Origin',(0.,400.,14.4000002145767));
#3958=CARTESIAN_POINT('Origin',(2.5,377.,15.5042119381654));
#3959=CARTESIAN_POINT('Ctrl Pts',(0.955464587485762,377.00110623504,14.2542119381654));
#3960=CARTESIAN_POINT('Ctrl Pts',(0.954887505841306,377.072050879148,14.2505429792673));
#3961=CARTESIAN_POINT('Ctrl Pts',(0.991602220832408,377.654154913345,14.2204084201129));
#3962=CARTESIAN_POINT('Ctrl Pts',(1.73173695629687,378.654397350862,14.1638082607022));
#3963=CARTESIAN_POINT('Ctrl Pts',(3.47348904178607,378.542443296224,14.0844114599335));
#3964=CARTESIAN_POINT('Ctrl Pts',(4.32388362123491,377.018418552521,14.0050146591647));
#3965=CARTESIAN_POINT('Ctrl Pts',(3.50439665321606,375.477457164415,13.925617858396));
#3966=CARTESIAN_POINT('Ctrl Pts',(1.76529526710885,375.330535668598,13.8462210576272));
#3967=CARTESIAN_POINT('Ctrl Pts',(0.997883240265988,376.324748765601,13.7890857508837));
#3968=CARTESIAN_POINT('Ctrl Pts',(0.955041682837083,376.917428980379,13.7584160443964));
#3969=CARTESIAN_POINT('Ctrl Pts',(0.955748086717028,376.9987739282,13.7542119381654));
#3970=CARTESIAN_POINT('Ctrl Pts',(0.958587654425657,376.998714654381,14.295788490988));
#3971=CARTESIAN_POINT('Ctrl Pts',(0.96123382276121,377.352000609409,14.2775945316717));
#3972=CARTESIAN_POINT('Ctrl Pts',(1.25634238247708,378.224228795917,14.2329349720992));
#3973=CARTESIAN_POINT('Ctrl Pts',(2.7057086253753,378.812135527001,14.1618098122705));
#3974=CARTESIAN_POINT('Ctrl Pts',(4.13403100300463,377.810264526343,14.0824130115017));
#3975=CARTESIAN_POINT('Ctrl Pts',(4.06686877471262,376.066093930226,14.0030162107329));
#3976=CARTESIAN_POINT('Ctrl Pts',(2.56483772523663,375.177197821825,13.9236194099642));
#3977=CARTESIAN_POINT('Ctrl Pts',(1.20652481176262,375.855736437125,13.8545435033825));
#3978=CARTESIAN_POINT('Ctrl Pts',(0.960528863664523,376.686840361334,13.8119331970571));
#3979=CARTESIAN_POINT('Ctrl Pts',(0.95892289327267,377.000865037882,13.795788490988));
#3980=CARTESIAN_POINT('Ctrl Pts',(3.45811615272231,377.825211298937,14.4000002145767));
#3981=CARTESIAN_POINT('Ctrl Pts',(3.73256207240686,377.506564342651,14.3735346143205));
#3982=CARTESIAN_POINT('Ctrl Pts',(3.93303032061275,376.57860769708,14.320603413808));
#3983=CARTESIAN_POINT('Ctrl Pts',(2.92240474390861,375.565351620419,14.2412066130392));
#3984=CARTESIAN_POINT('Ctrl Pts',(1.52397378806868,375.868102664435,14.1618098122704));
#3985=CARTESIAN_POINT('Ctrl Pts',(1.01956046806817,377.205934754666,14.0824130115017));
#3986=CARTESIAN_POINT('Ctrl Pts',(1.87040270981035,378.355790959277,14.0030162107329));
#3987=CARTESIAN_POINT('Ctrl Pts',(3.29778152517075,378.264043777106,13.9236194099642));
#3988=CARTESIAN_POINT('Ctrl Pts',(3.99468622103147,377.015094141065,13.8442226091954));
#3989=CARTESIAN_POINT('Ctrl Pts',(3.3231105430925,375.752264798705,13.7648258084267));
#3990=CARTESIAN_POINT('Ctrl Pts',(1.89790399563134,375.631861537876,13.6854290076579));
#3991=CARTESIAN_POINT('Ctrl Pts',(1.02396735352818,376.764081551555,13.6060322068891));
#3992=CARTESIAN_POINT('Ctrl Pts',(1.50145053590803,378.112309330956,13.5266354061204));
#3993=CARTESIAN_POINT('Ctrl Pts',(2.89318389706995,378.442129063833,13.4472386053516));
#3994=CARTESIAN_POINT('Ctrl Pts',(3.9249265555133,377.451569578756,13.3678418045829));
#3995=CARTESIAN_POINT('Ctrl Pts',(3.65203907308671,376.047562611532,13.2884450038141));
#3996=CARTESIAN_POINT('Ctrl Pts',(2.32437070359244,375.515585965623,13.2090482030454));
#3997=CARTESIAN_POINT('Ctrl Pts',(1.15750457326877,376.342704920769,13.1296514022766));
#3998=CARTESIAN_POINT('Ctrl Pts',(1.21979671222949,377.771628373766,13.0502546015078));
#3999=CARTESIAN_POINT('Ctrl Pts',(2.45421388748374,378.494066399,12.9708578007391));
#4000=CARTESIAN_POINT('Ctrl Pts',(3.73055178144638,377.848571210642,12.8914609999703));
#4001=CARTESIAN_POINT('Ctrl Pts',(3.88022444248615,376.426143506667,12.8120641992016));
#4002=CARTESIAN_POINT('Ctrl Pts',(2.76619498142325,375.529125764955,12.7326673984328));
#4003=CARTESIAN_POINT('Ctrl Pts',(1.40844344766269,375.978807031926,12.653270597664));
#4004=CARTESIAN_POINT('Ctrl Pts',(1.05009627712424,377.363469364996,12.5738737968953));
#4005=CARTESIAN_POINT('Ctrl Pts',(2.0192479927112,378.41534741039,12.4944769961265));
#4006=CARTESIAN_POINT('Ctrl Pts',(3.42856531652222,378.171365544025,12.4150801953578));
#4007=CARTESIAN_POINT('Ctrl Pts',(3.98770934690196,376.85490801574,12.335683394589));
#4008=CARTESIAN_POINT('Ctrl Pts',(3.18474052138736,375.671293409703,12.2562865938202));
#4009=CARTESIAN_POINT('Ctrl Pts',(1.75483884164323,375.704212350412,12.1768897930515));
#4010=CARTESIAN_POINT('Ctrl Pts',(1.0071897777154,376.923525004171,12.0974929922827));
#4011=CARTESIAN_POINT('Ctrl Pts',(1.62632381520645,378.212856425496,12.018096191514));
#4012=CARTESIAN_POINT('Ctrl Pts',(3.04537590501267,378.391724077171,11.9386993907452));
#4013=CARTESIAN_POINT('Ctrl Pts',(3.96509421496937,377.296360803763,11.8593025899764));
#4014=CARTESIAN_POINT('Ctrl Pts',(3.54340556970015,375.929656316008,11.7799057892077));
#4015=CARTESIAN_POINT('Ctrl Pts',(2.16639850598582,375.542934171722,11.7005089884389));
#4016=CARTESIAN_POINT('Ctrl Pts',(1.09482938597034,376.490268374329,11.6211121876702));
#4017=CARTESIAN_POINT('Ctrl Pts',(1.30980253448453,377.904301264969,11.5417153869014));
#4018=CARTESIAN_POINT('Ctrl Pts',(2.61449342403324,378.49037647613,11.4623185861327));
#4019=CARTESIAN_POINT('Ctrl Pts',(3.81435673746699,377.711896868518,11.3829217853639));
#4020=CARTESIAN_POINT('Ctrl Pts',(3.81082490316755,376.281620672631,11.3035249845951));
#4021=CARTESIAN_POINT('Ctrl Pts',(2.60713158828236,375.509076256957,11.2241281838264));
#4022=CARTESIAN_POINT('Ctrl Pts',(1.30535102679788,376.101587725242,11.1447313830576));
#4023=CARTESIAN_POINT('Ctrl Pts',(1.09736390544762,377.516665047355,11.0653345822889));
#4024=CARTESIAN_POINT('Ctrl Pts',(2.1735985044988,378.458695598379,10.9859377815201));
#4025=CARTESIAN_POINT('Ctrl Pts',(3.5486788916945,378.065177621606,10.9065409807513));
#4026=CARTESIAN_POINT('Ctrl Pts',(3.96361272799625,376.696407231601,10.8271441799826));
#4027=CARTESIAN_POINT('Ctrl Pts',(3.03849602213151,375.605599476299,10.7477473792138));
#4028=CARTESIAN_POINT('Ctrl Pts',(1.62034460659148,375.791473144043,10.6683505784451));
#4029=CARTESIAN_POINT('Ctrl Pts',(1.00758565845255,377.083846516697,10.5889537776763));
#4030=CARTESIAN_POINT('Ctrl Pts',(1.76124737870824,378.299451944671,10.5095569769076));
#4031=CARTESIAN_POINT('Ctrl Pts',(3.19129414776957,378.325308672149,10.4301601761388));
#4032=CARTESIAN_POINT('Ctrl Pts',(3.98840783087725,377.13774299929,10.35076337537));
#4033=CARTESIAN_POINT('Ctrl Pts',(3.42276888737994,375.824062776528,10.2713665746013));
#4034=CARTESIAN_POINT('Ctrl Pts',(2.01226427144986,375.587044348621,10.1919697738325));
#4035=CARTESIAN_POINT('Ctrl Pts',(1.04831824553493,376.643695125316,10.1125729730638));
#4036=CARTESIAN_POINT('Ctrl Pts',(1.41350148959084,378.026572391332,10.033176172295));
#4037=CARTESIAN_POINT('Ctrl Pts',(2.7734528336466,378.469539382865,9.95377937152624));
#4038=CARTESIAN_POINT('Ctrl Pts',(3.88304812728204,377.567037896724,9.87438257075748));
#4039=CARTESIAN_POINT('Ctrl Pts',(3.7263322611268,376.145351582371,9.79498576998872));
#4040=CARTESIAN_POINT('Ctrl Pts',(2.44686499286685,375.506199911848,9.71558896921996));
#4041=CARTESIAN_POINT('Ctrl Pts',(1.21593927606689,376.234656985187,9.63619216845121));
#4042=CARTESIAN_POINT('Ctrl Pts',(1.16089931020976,377.664017826183,9.55679536768244));
#4043=CARTESIAN_POINT('Ctrl Pts',(2.33142023526555,378.485058789259,9.47739856691368));
#4044=CARTESIAN_POINT('Ctrl Pts',(3.6573204009946,377.947233461272,9.39800176614492));
#4045=CARTESIAN_POINT('Ctrl Pts',(3.9213326900604,376.540695354997,9.31860496537617));
#4046=CARTESIAN_POINT('Ctrl Pts',(3.23286000647229,375.887016214631,9.26567376486366));
#4047=CARTESIAN_POINT('Ctrl Pts',(2.82658506353115,375.778401683745,9.23920816460741));
#4048=CARTESIAN_POINT('Ctrl Pts',(3.52845629995658,377.885794229411,14.4535975645665));
#4049=CARTESIAN_POINT('Ctrl Pts',(3.82305068112317,377.54375379024,14.4271319643102));
#4050=CARTESIAN_POINT('Ctrl Pts',(4.03823631620802,376.547671159223,14.3742007637977));
#4051=CARTESIAN_POINT('Ctrl Pts',(2.95341561017421,375.46002683494,14.294803963029));
#4052=CARTESIAN_POINT('Ctrl Pts',(1.45231877290514,375.785004362615,14.2154071622602));
#4053=CARTESIAN_POINT('Ctrl Pts',(0.910873922755656,377.221053465401,14.1360103614915));
#4054=CARTESIAN_POINT('Ctrl Pts',(1.82418079197252,378.455326423139,14.0566135607227));
#4055=CARTESIAN_POINT('Ctrl Pts',(3.35635069737586,378.356843616812,13.9772167599539));
#4056=CARTESIAN_POINT('Ctrl Pts',(4.10441868776595,377.016202278217,13.8978199591852));
#4057=CARTESIAN_POINT('Ctrl Pts',(3.38353924646702,375.660662253942,13.8184231584164));
#4058=CARTESIAN_POINT('Ctrl Pts',(1.85370108612384,375.531419581449,13.7390263576477));
#4059=CARTESIAN_POINT('Ctrl Pts',(0.915604339941149,376.74676158638,13.6596295568789));
#4060=CARTESIAN_POINT('Ctrl Pts',(1.42814197501451,378.193969578398,13.5802327561101));
#4061=CARTESIAN_POINT('Ctrl Pts',(2.92204951334357,378.548003044136,13.5008359553414));
#4062=CARTESIAN_POINT('Ctrl Pts',(4.02953761277189,377.484721582891,13.4214391545726));
#4063=CARTESIAN_POINT('Ctrl Pts',(3.73661608161567,375.977639371071,13.3420423538039));
#4064=CARTESIAN_POINT('Ctrl Pts',(2.31147686965293,375.406607632007,13.2626455530351));
#4065=CARTESIAN_POINT('Ctrl Pts',(1.05894520162131,376.294449568307,13.1832487522664));
#4066=CARTESIAN_POINT('Ctrl Pts',(1.12581052120693,377.828277510999,13.1038519514976));
#4067=CARTESIAN_POINT('Ctrl Pts',(2.45085249764961,378.603753361468,13.0244551507288));
#4068=CARTESIAN_POINT('Ctrl Pts',(3.82089280454717,377.91086911025,12.9450583499601));
#4069=CARTESIAN_POINT('Ctrl Pts',(3.98155369178954,376.384013802332,12.8656615491913));
#4070=CARTESIAN_POINT('Ctrl Pts',(2.78573769984327,375.421141456411,12.7862647484226));
#4071=CARTESIAN_POINT('Ctrl Pts',(1.32830676654342,375.903836097008,12.7068679476538));
#4072=CARTESIAN_POINT('Ctrl Pts',(0.943651519823357,377.39015348735,12.627471146885));
#4073=CARTESIAN_POINT('Ctrl Pts',(1.98395355906684,378.51925521421,12.5480743461163));
#4074=CARTESIAN_POINT('Ctrl Pts',(3.49673598757835,378.257361406425,12.4686775453475));
#4075=CARTESIAN_POINT('Ctrl Pts',(4.096929606059,376.844256080162,12.3892807445788));
#4076=CARTESIAN_POINT('Ctrl Pts',(3.23501078241447,375.5737463462,12.30988394381));
#4077=CARTESIAN_POINT('Ctrl Pts',(1.70013279640733,375.609082032655,12.2304871430412));
#4078=CARTESIAN_POINT('Ctrl Pts',(0.897595037526583,376.917910588371,12.1510903422725));
#4079=CARTESIAN_POINT('Ctrl Pts',(1.56218283261386,378.301898343118,12.0716935415037));
#4080=CARTESIAN_POINT('Ctrl Pts',(3.08541470547295,378.493897572753,11.992296740735));
#4081=CARTESIAN_POINT('Ctrl Pts',(4.07265418303816,377.3181181476,11.9128999399662));
#4082=CARTESIAN_POINT('Ctrl Pts',(3.62000724392224,375.851076978722,11.8335031391975));
#4083=CARTESIAN_POINT('Ctrl Pts',(2.14190713493456,375.43596360808,11.7541063384287));
#4084=CARTESIAN_POINT('Ctrl Pts',(0.991668712184319,376.452846400492,11.6747095376599));
#4085=CARTESIAN_POINT('Ctrl Pts',(1.22242412558878,377.970690589418,11.5953127368912));
#4086=CARTESIAN_POINT('Ctrl Pts',(2.62289896471949,378.599792542718,11.5159159361224));
#4087=CARTESIAN_POINT('Ctrl Pts',(3.91085030577714,377.764160814183,11.4365191353537));
#4088=CARTESIAN_POINT('Ctrl Pts',(3.90705918167873,376.228880816911,11.3571223345849));
#4089=CARTESIAN_POINT('Ctrl Pts',(2.61499665941366,375.399620012739,11.2777255338161));
#4090=CARTESIAN_POINT('Ctrl Pts',(1.21764581023354,376.035630741317,11.1983287330474));
#4091=CARTESIAN_POINT('Ctrl Pts',(0.994389303540978,377.554596038705,11.1189319322786));
#4092=CARTESIAN_POINT('Ctrl Pts',(2.14963572171323,378.565785811678,11.0395351315099));
#4093=CARTESIAN_POINT('Ctrl Pts',(3.62566770712535,378.143377692152,10.9601383307411));
#4094=CARTESIAN_POINT('Ctrl Pts',(4.07106393262178,376.674118952703,10.8807415299723));
#4095=CARTESIAN_POINT('Ctrl Pts',(3.07802973563187,375.503229489255,10.8013447292036));
#4096=CARTESIAN_POINT('Ctrl Pts',(1.55576466008712,375.702749081994,10.7219479284348));
#4097=CARTESIAN_POINT('Ctrl Pts',(0.89801998186867,377.090002113085,10.6425511276661));
#4098=CARTESIAN_POINT('Ctrl Pts',(1.70701181655463,378.394851276842,10.5631543268973));
#4099=CARTESIAN_POINT('Ctrl Pts',(3.24204554361875,378.422606277313,10.4837575261286));
#4100=CARTESIAN_POINT('Ctrl Pts',(4.09767936927169,377.147855408755,10.4043607253598));
#4101=CARTESIAN_POINT('Ctrl Pts',(3.49051401328881,375.737731284043,10.324963924591));
#4102=CARTESIAN_POINT('Ctrl Pts',(1.97645712754549,375.483312135913,10.2455671238223));
#4103=CARTESIAN_POINT('Ctrl Pts',(0.941742953952349,376.617536984391,10.1661703230535));
#4104=CARTESIAN_POINT('Ctrl Pts',(1.33373614488307,378.101938256888,10.0867735222848));
#4105=CARTESIAN_POINT('Ctrl Pts',(2.79352838766548,378.577425693167,10.007376721516));
#4106=CARTESIAN_POINT('Ctrl Pts',(3.98458467755173,377.608667013434,9.92797992074724));
#4107=CARTESIAN_POINT('Ctrl Pts',(3.81636350792363,376.082607524296,9.84858311997849));
#4108=CARTESIAN_POINT('Ctrl Pts',(2.44296408355181,375.396532500605,9.76918631920973));
#4109=CARTESIAN_POINT('Ctrl Pts',(1.12166989116762,376.178469287908,9.68978951844098));
#4110=CARTESIAN_POINT('Ctrl Pts',(1.06258916335157,377.712766729463,9.61039271767221));
#4111=CARTESIAN_POINT('Ctrl Pts',(2.31904394306085,378.594084457589,9.53099591690345));
#4112=CARTESIAN_POINT('Ctrl Pts',(3.7422851384869,378.016774655147,9.4515991161347));
#4113=CARTESIAN_POINT('Ctrl Pts',(4.02567990349965,376.506975480572,9.37220231536594));
#4114=CARTESIAN_POINT('Ctrl Pts',(3.28666296200215,375.805306452083,9.31927111485343));
#4115=CARTESIAN_POINT('Ctrl Pts',(2.85056132297319,375.688717979757,9.29280551459718));
#4116=CARTESIAN_POINT('Ctrl Pts',(3.59879644719084,377.946377159885,14.5071949145563));
#4117=CARTESIAN_POINT('Ctrl Pts',(3.91353928983948,377.580943237829,14.4807293143));
#4118=CARTESIAN_POINT('Ctrl Pts',(4.14344231180328,376.516734621365,14.4277981137875));
#4119=CARTESIAN_POINT('Ctrl Pts',(2.9844264764398,375.354702049461,14.3484013130187));
#4120=CARTESIAN_POINT('Ctrl Pts',(1.3806637577416,375.701906060795,14.26900451225));
#4121=CARTESIAN_POINT('Ctrl Pts',(0.802187377443144,377.236172176136,14.1896077114812));
#4122=CARTESIAN_POINT('Ctrl Pts',(1.77795887413469,378.554861887,14.1102109107125));
#4123=CARTESIAN_POINT('Ctrl Pts',(3.41491986958097,378.449643456518,14.0308141099437));
#4124=CARTESIAN_POINT('Ctrl Pts',(4.21415115450043,377.017310415369,13.951417309175));
#4125=CARTESIAN_POINT('Ctrl Pts',(3.44396794984154,375.569059709178,13.8720205084062));
#4126=CARTESIAN_POINT('Ctrl Pts',(1.80949817661634,375.430977625024,13.7926237076374));
#4127=CARTESIAN_POINT('Ctrl Pts',(0.807241326354116,376.729441621205,13.7132269068687));
#4128=CARTESIAN_POINT('Ctrl Pts',(1.35483341412098,378.27562982584,13.6338301060999));
#4129=CARTESIAN_POINT('Ctrl Pts',(2.9509151296172,378.653877024438,13.5544333053312));
#4130=CARTESIAN_POINT('Ctrl Pts',(4.13414867003048,377.517873587025,13.4750365045624));
#4131=CARTESIAN_POINT('Ctrl Pts',(3.82119309014463,375.90771613061,13.3956397037936));
#4132=CARTESIAN_POINT('Ctrl Pts',(2.29858303571342,375.29762929839,13.3162429030249));
#4133=CARTESIAN_POINT('Ctrl Pts',(0.960385829973841,376.246194215844,13.2368461022561));
#4134=CARTESIAN_POINT('Ctrl Pts',(1.03182433018437,377.884926648232,13.1574493014874));
#4135=CARTESIAN_POINT('Ctrl Pts',(2.44749110781548,378.713440323936,13.0780525007186));
#4136=CARTESIAN_POINT('Ctrl Pts',(3.91123382764795,377.973167009858,12.9986556999498));
#4137=CARTESIAN_POINT('Ctrl Pts',(4.08288294109292,376.341884097998,12.9192588991811));
#4138=CARTESIAN_POINT('Ctrl Pts',(2.80528041826329,375.313157147867,12.8398620984123));
#4139=CARTESIAN_POINT('Ctrl Pts',(1.24817008542415,375.828865162091,12.7604652976436));
#4140=CARTESIAN_POINT('Ctrl Pts',(0.837206762522474,377.416837609705,12.6810684968748));
#4141=CARTESIAN_POINT('Ctrl Pts',(1.94865912542247,378.623163018031,12.6016716961061));
#4142=CARTESIAN_POINT('Ctrl Pts',(3.56490665863449,378.343357268824,12.5222748953373));
#4143=CARTESIAN_POINT('Ctrl Pts',(4.20614986521603,376.833604144583,12.4428780945685));
#4144=CARTESIAN_POINT('Ctrl Pts',(3.28528104344159,375.476199282697,12.3634812937998));
#4145=CARTESIAN_POINT('Ctrl Pts',(1.64542675117143,375.513951714899,12.284084493031));
#4146=CARTESIAN_POINT('Ctrl Pts',(0.78800029733777,376.91229617257,12.2046876922623));
#4147=CARTESIAN_POINT('Ctrl Pts',(1.49804185002127,378.390940260741,12.1252908914935));
#4148=CARTESIAN_POINT('Ctrl Pts',(3.12545350593322,378.596071068335,12.0458940907247));
#4149=CARTESIAN_POINT('Ctrl Pts',(4.18021415110695,377.339875491438,11.966497289956));
#4150=CARTESIAN_POINT('Ctrl Pts',(3.69660891814433,375.772497641437,11.8871004891872));
#4151=CARTESIAN_POINT('Ctrl Pts',(2.1174157638833,375.328993044438,11.8077036884185));
#4152=CARTESIAN_POINT('Ctrl Pts',(0.888508038398298,376.415424426655,11.7283068876497));
#4153=CARTESIAN_POINT('Ctrl Pts',(1.13504571669302,378.037079913865,11.6489100868809));
#4154=CARTESIAN_POINT('Ctrl Pts',(2.63130450540574,378.709208609306,11.5695132861122));
#4155=CARTESIAN_POINT('Ctrl Pts',(4.0073438740873,377.816424759849,11.4901164853434));
#4156=CARTESIAN_POINT('Ctrl Pts',(4.0032934601899,376.176140961191,11.4107196845747));
#4157=CARTESIAN_POINT('Ctrl Pts',(2.62286173054497,375.290163768523,11.3313228838059));
#4158=CARTESIAN_POINT('Ctrl Pts',(1.12994059366921,375.969673757391,11.2519260830372));
#4159=CARTESIAN_POINT('Ctrl Pts',(0.891414701634339,377.592527030056,11.1725292822684));
#4160=CARTESIAN_POINT('Ctrl Pts',(2.12567293892766,378.672876024976,11.0931324814996));
#4161=CARTESIAN_POINT('Ctrl Pts',(3.7026565225562,378.221577762699,11.0137356807309));
#4162=CARTESIAN_POINT('Ctrl Pts',(4.17851513724732,376.651830673805,10.9343388799621));
#4163=CARTESIAN_POINT('Ctrl Pts',(3.11756344913222,375.400859502211,10.8549420791934));
#4164=CARTESIAN_POINT('Ctrl Pts',(1.49118471358276,375.614025019945,10.7755452784246));
#4165=CARTESIAN_POINT('Ctrl Pts',(0.788454305284786,377.096157709474,10.6961484776559));
#4166=CARTESIAN_POINT('Ctrl Pts',(1.65277625440101,378.490250609014,10.6167516768871));
#4167=CARTESIAN_POINT('Ctrl Pts',(3.29279693946792,378.519903882478,10.5373548761183));
#4168=CARTESIAN_POINT('Ctrl Pts',(4.20695090766613,377.157967818219,10.4579580753496));
#4169=CARTESIAN_POINT('Ctrl Pts',(3.55825913919768,375.65139979156,10.3785612745808));
#4170=CARTESIAN_POINT('Ctrl Pts',(1.94064998364112,375.379579923205,10.2991644738121));
#4171=CARTESIAN_POINT('Ctrl Pts',(0.835167662369768,376.591378843466,10.2197676730433));
#4172=CARTESIAN_POINT('Ctrl Pts',(1.2539708001753,378.177304122444,10.1403708722745));
#4173=CARTESIAN_POINT('Ctrl Pts',(2.81360394168435,378.685312003468,10.0609740715058));
#4174=CARTESIAN_POINT('Ctrl Pts',(4.08612122782142,377.650296130143,9.98157727073702));
#4175=CARTESIAN_POINT('Ctrl Pts',(3.90639475472047,376.01986346622,9.90218046996825));
#4176=CARTESIAN_POINT('Ctrl Pts',(2.43906317423677,375.286865089362,9.82278366919951));
#4177=CARTESIAN_POINT('Ctrl Pts',(1.02740050626835,376.12228159063,9.74338686843074));
#4178=CARTESIAN_POINT('Ctrl Pts',(0.96427901649337,377.761515632743,9.66399006766198));
#4179=CARTESIAN_POINT('Ctrl Pts',(2.30666765085615,378.703110125919,9.58459326689322));
#4180=CARTESIAN_POINT('Ctrl Pts',(3.82724987597919,378.086315849022,9.50519646612447));
#4181=CARTESIAN_POINT('Ctrl Pts',(4.13002711693891,376.473255606146,9.42579966535571));
#4182=CARTESIAN_POINT('Ctrl Pts',(3.34046591753201,375.723596689535,9.3728684648432));
#4183=CARTESIAN_POINT('Ctrl Pts',(2.87453758241524,375.599034275769,9.34640286458695));
#4184=CARTESIAN_POINT('Ctrl Pts',(3.6691365944251,378.006960090359,14.560792264546));
#4185=CARTESIAN_POINT('Ctrl Pts',(4.00402789855579,377.618132685418,14.5343266642898));
#4186=CARTESIAN_POINT('Ctrl Pts',(4.24864830739855,376.485798083507,14.4813954637773));
#4187=CARTESIAN_POINT('Ctrl Pts',(3.0154373427054,375.249377263983,14.4019986630085));
#4188=CARTESIAN_POINT('Ctrl Pts',(1.30900874257806,375.618807758975,14.3226018622398));
#4189=CARTESIAN_POINT('Ctrl Pts',(0.693500832130632,377.251290886871,14.243205061471));
#4190=CARTESIAN_POINT('Ctrl Pts',(1.73173695629687,378.654397350862,14.1638082607022));
#4191=CARTESIAN_POINT('Ctrl Pts',(3.47348904178607,378.542443296224,14.0844114599335));
#4192=CARTESIAN_POINT('Ctrl Pts',(4.32388362123491,377.018418552521,14.0050146591647));
#4193=CARTESIAN_POINT('Ctrl Pts',(3.50439665321606,375.477457164415,13.925617858396));
#4194=CARTESIAN_POINT('Ctrl Pts',(1.76529526710885,375.330535668598,13.8462210576272));
#4195=CARTESIAN_POINT('Ctrl Pts',(0.698878312767086,376.71212165603,13.7668242568584));
#4196=CARTESIAN_POINT('Ctrl Pts',(1.28152485322745,378.357290073282,13.6874274560897));
#4197=CARTESIAN_POINT('Ctrl Pts',(2.97978074589082,378.759751004741,13.6080306553209));
#4198=CARTESIAN_POINT('Ctrl Pts',(4.23875972728907,377.551025591159,13.5286338545522));
#4199=CARTESIAN_POINT('Ctrl Pts',(3.9057700986736,375.837792890149,13.4492370537834));
#4200=CARTESIAN_POINT('Ctrl Pts',(2.28568920177391,375.188650964774,13.3698402530147));
#4201=CARTESIAN_POINT('Ctrl Pts',(0.861826458326377,376.197938863382,13.2904434522459));
#4202=CARTESIAN_POINT('Ctrl Pts',(0.937838139161814,377.941575785465,13.2110466514771));
#4203=CARTESIAN_POINT('Ctrl Pts',(2.44412971798136,378.823127286404,13.1316498507084));
#4204=CARTESIAN_POINT('Ctrl Pts',(4.00157485074874,378.035464909466,13.0522530499396));
#4205=CARTESIAN_POINT('Ctrl Pts',(4.18421219039631,376.299754393663,12.9728562491709));
#4206=CARTESIAN_POINT('Ctrl Pts',(2.82482313668331,375.205172839324,12.8934594484021));
#4207=CARTESIAN_POINT('Ctrl Pts',(1.16803340430488,375.753894227174,12.8140626476334));
#4208=CARTESIAN_POINT('Ctrl Pts',(0.730762005221594,377.443521732059,12.7346658468646));
#4209=CARTESIAN_POINT('Ctrl Pts',(1.9133646917781,378.727070821852,12.6552690460958));
#4210=CARTESIAN_POINT('Ctrl Pts',(3.63307732969063,378.429353131223,12.5758722453271));
#4211=CARTESIAN_POINT('Ctrl Pts',(4.31537012437305,376.822952209005,12.4964754445583));
#4212=CARTESIAN_POINT('Ctrl Pts',(3.3355513044687,375.378652219194,12.4170786437896));
#4213=CARTESIAN_POINT('Ctrl Pts',(1.59072070593554,375.418821397142,12.3376818430208));
#4214=CARTESIAN_POINT('Ctrl Pts',(0.678405557148956,376.90668175677,12.258285042252));
#4215=CARTESIAN_POINT('Ctrl Pts',(1.43390086742868,378.479982178363,12.1788882414833));
#4216=CARTESIAN_POINT('Ctrl Pts',(3.16549230639349,378.698244563918,12.0994914407145));
#4217=CARTESIAN_POINT('Ctrl Pts',(4.28777411917575,377.361632835275,12.0200946399458));
#4218=CARTESIAN_POINT('Ctrl Pts',(3.77321059236641,375.693918304152,11.940697839177));
#4219=CARTESIAN_POINT('Ctrl Pts',(2.09292439283203,375.222022480796,11.8613010384082));
#4220=CARTESIAN_POINT('Ctrl Pts',(0.785347364612278,376.378002452818,11.7819042376395));
#4221=CARTESIAN_POINT('Ctrl Pts',(1.04766730779727,378.103469238314,11.7025074368707));
#4222=CARTESIAN_POINT('Ctrl Pts',(2.63971004609198,378.818624675894,11.623110636102));
#4223=CARTESIAN_POINT('Ctrl Pts',(4.10383744239745,377.868688705514,11.5437138353332));
#4224=CARTESIAN_POINT('Ctrl Pts',(4.09952773870108,376.123401105472,11.4643170345644));
#4225=CARTESIAN_POINT('Ctrl Pts',(2.63072680167628,375.180707524305,11.3849202337957));
#4226=CARTESIAN_POINT('Ctrl Pts',(1.04223537710487,375.903716773466,11.3055234330269));
#4227=CARTESIAN_POINT('Ctrl Pts',(0.788440099727701,377.630458021407,11.2261266322582));
#4228=CARTESIAN_POINT('Ctrl Pts',(2.10171015614209,378.779966238275,11.1467298314894));
#4229=CARTESIAN_POINT('Ctrl Pts',(3.77964533798705,378.299777833245,11.0673330307207));
#4230=CARTESIAN_POINT('Ctrl Pts',(4.28596634187285,376.629542394907,10.9879362299519));
#4231=CARTESIAN_POINT('Ctrl Pts',(3.15709716263258,375.298489515167,10.9085394291831));
#4232=CARTESIAN_POINT('Ctrl Pts',(1.4266047670784,375.525300957896,10.8291426284144));
#4233=CARTESIAN_POINT('Ctrl Pts',(0.678888628700903,377.102313305862,10.7497458276456));
#4234=CARTESIAN_POINT('Ctrl Pts',(1.5985406922474,378.585649941184,10.6703490268769));
#4235=CARTESIAN_POINT('Ctrl Pts',(3.3435483353171,378.617201487644,10.5909522261081));
#4236=CARTESIAN_POINT('Ctrl Pts',(4.31622244606057,377.168080227683,10.5115554253393));
#4237=CARTESIAN_POINT('Ctrl Pts',(3.62600426510655,375.565068299076,10.4321586245706));
#4238=CARTESIAN_POINT('Ctrl Pts',(1.90484283973675,375.275847710496,10.3527618238018));
#4239=CARTESIAN_POINT('Ctrl Pts',(0.728592370787185,376.56522070254,10.2733650230331));
#4240=CARTESIAN_POINT('Ctrl Pts',(1.17420545546753,378.252669988,10.1939682222643));
#4241=CARTESIAN_POINT('Ctrl Pts',(2.83367949570323,378.793198313769,10.1145714214955));
#4242=CARTESIAN_POINT('Ctrl Pts',(4.18765777809111,377.691925246853,10.0351746207268));
#4243=CARTESIAN_POINT('Ctrl Pts',(3.9964260015173,375.957119408145,9.95577781995803));
#4244=CARTESIAN_POINT('Ctrl Pts',(2.43516226492173,375.177197678119,9.87638101918928));
#4245=CARTESIAN_POINT('Ctrl Pts',(0.933131121369083,376.066093893351,9.79698421842051));
#4246=CARTESIAN_POINT('Ctrl Pts',(0.865968869635172,377.810264536022,9.71758741765176));
#4247=CARTESIAN_POINT('Ctrl Pts',(2.29429135865145,378.812135794248,9.63819061688299));
#4248=CARTESIAN_POINT('Ctrl Pts',(3.91221461347148,378.155857042897,9.55879381611424));
#4249=CARTESIAN_POINT('Ctrl Pts',(4.23437433037816,376.439535731721,9.47939701534548));
#4250=CARTESIAN_POINT('Ctrl Pts',(3.39426887306187,375.641886926987,9.42646581483297));
#4251=CARTESIAN_POINT('Ctrl Pts',(2.89851384185729,375.509350571782,9.40000021457672));
#4252=CARTESIAN_POINT('Ctrl Pts',(1.23745928814689,377.00029067001,9.59341988819613));
#4253=CARTESIAN_POINT('Ctrl Pts',(1.23787353271922,376.772859584377,9.60767731494782));
#4254=CARTESIAN_POINT('Ctrl Pts',(1.29645864575184,376.545215907666,9.62193474169952));
#4255=CARTESIAN_POINT('Ctrl Pts',(1.41192023455736,376.351474279796,9.63619216845121));
#4256=CARTESIAN_POINT('Ctrl Pts',(1.62624784833354,375.99183796074,9.66265776870746));
#4257=CARTESIAN_POINT('Ctrl Pts',(2.03655642060019,375.749018936294,9.68912336896371));
#4258=CARTESIAN_POINT('Ctrl Pts',(2.45495525144352,375.734134702492,9.71558896921997));
#4259=CARTESIAN_POINT('Ctrl Pts',(2.87335408228683,375.719250468689,9.74205456947622));
#4260=CARTESIAN_POINT('Ctrl Pts',(3.29984317170681,375.93230102553,9.76852016973247));
#4261=CARTESIAN_POINT('Ctrl Pts',(3.53920702744268,376.27577402301,9.79498576998872));
#4262=CARTESIAN_POINT('Ctrl Pts',(3.77857088317855,376.619247020489,9.82145137024497));
#4263=CARTESIAN_POINT('Ctrl Pts',(3.83080950523031,377.093142458607,9.84791697050123));
#4264=CARTESIAN_POINT('Ctrl Pts',(3.67199626731694,377.480507092022,9.87438257075748));
#4265=CARTESIAN_POINT('Ctrl Pts',(3.51318302940357,377.867871725438,9.90084817101373));
#4266=CARTESIAN_POINT('Ctrl Pts',(3.14331793152509,378.168705554152,9.92731377126999));
#4267=CARTESIAN_POINT('Ctrl Pts',(2.73172682524321,378.245294636586,9.95377937152624));
#4268=CARTESIAN_POINT('Ctrl Pts',(2.32013571896134,378.321883719021,9.98024497178249));
#4269=CARTESIAN_POINT('Ctrl Pts',(1.86681860427609,378.174228055177,10.0067105720387));
#4270=CARTESIAN_POINT('Ctrl Pts',(1.57929617292414,377.869920678918,10.033176172295));
#4271=CARTESIAN_POINT('Ctrl Pts',(1.36113348246487,377.639022116956,10.0532574109287));
#4272=CARTESIAN_POINT('Ctrl Pts',(1.23842346546633,377.31793474766,10.0733386495624));
#4273=CARTESIAN_POINT('Ctrl Pts',(1.23551005983127,376.998842584973,10.0934198881961));
#4274=CARTESIAN_POINT('Ctrl Pts',(2.10148615814287,375.509350571782,14.4000002145767));
#4275=CARTESIAN_POINT('Ctrl Pts',(1.60573112693828,375.641886926987,14.3735346143205));
#4276=CARTESIAN_POINT('Ctrl Pts',(0.765625566630257,376.439534852205,14.320603413808));
#4277=CARTESIAN_POINT('Ctrl Pts',(1.08778547264856,378.155857021464,14.2412066130392));
#4278=CARTESIAN_POINT('Ctrl Pts',(2.7057086253753,378.812135527001,14.1618098122705));
#4279=CARTESIAN_POINT('Ctrl Pts',(4.13403100300463,377.810264526343,14.0824130115017));
#4280=CARTESIAN_POINT('Ctrl Pts',(4.06686877471262,376.066093930226,14.0030162107329));
#4281=CARTESIAN_POINT('Ctrl Pts',(2.56483772523663,375.177197821825,13.9236194099642));
#4282=CARTESIAN_POINT('Ctrl Pts',(1.00357410801204,375.957119474959,13.8442226091954));
#4283=CARTESIAN_POINT('Ctrl Pts',(0.812342340086014,377.691925201321,13.7648258084267));
#4284=CARTESIAN_POINT('Ctrl Pts',(2.16632052902934,378.793198184428,13.6854290076579));
#4285=CARTESIAN_POINT('Ctrl Pts',(3.82579444972134,378.252669899857,13.6060322068891));
#4286=CARTESIAN_POINT('Ctrl Pts',(4.27140750355879,376.565220732994,13.5266354061204));
#4287=CARTESIAN_POINT('Ctrl Pts',(3.09515711779467,375.275847833311,13.4472386053516));
#4288=CARTESIAN_POINT('Ctrl Pts',(1.37399581503158,375.565068400986,13.3678418045828));
#4289=CARTESIAN_POINT('Ctrl Pts',(0.683777683030714,377.168080215788,13.2884450038141));
#4290=CARTESIAN_POINT('Ctrl Pts',(1.65645172467948,378.617201372634,13.2090482030453));
#4291=CARTESIAN_POINT('Ctrl Pts',(3.40145924364856,378.585649828459,13.1296514022766));
#4292=CARTESIAN_POINT('Ctrl Pts',(4.3211112418245,377.102313298582,13.0502546015078));
#4293=CARTESIAN_POINT('Ctrl Pts',(3.5733951566013,375.525301062749,12.9708578007391));
#4294=CARTESIAN_POINT('Ctrl Pts',(1.84290288408819,375.298489636142,12.8914609999703));
#4295=CARTESIAN_POINT('Ctrl Pts',(0.71403378510768,376.629542421247,12.8120641992015));
#4296=CARTESIAN_POINT('Ctrl Pts',(1.22035475299517,378.299777740831,12.7326673984328));
#4297=CARTESIAN_POINT('Ctrl Pts',(2.89828981553936,378.779966111721,12.653270597664));
#4298=CARTESIAN_POINT('Ctrl Pts',(4.2115597785814,377.630457976582,12.5738737968953));
#4299=CARTESIAN_POINT('Ctrl Pts',(3.957764519249,375.903716851412,12.4944769961265));
#4300=CARTESIAN_POINT('Ctrl Pts',(2.36927320761855,375.180707653656,12.4150801953577));
#4301=CARTESIAN_POINT('Ctrl Pts',(0.900472375024496,376.123401167797,12.335683394589));
#4302=CARTESIAN_POINT('Ctrl Pts',(0.896162671634353,377.86868864375,12.2562865938202));
#4303=CARTESIAN_POINT('Ctrl Pts',(2.36028996384111,378.818624546591,12.1768897930515));
#4304=CARTESIAN_POINT('Ctrl Pts',(3.9523325889426,378.103469159858,12.0974929922827));
#4305=CARTESIAN_POINT('Ctrl Pts',(4.214652513477,376.378002497042,12.018096191514));
#4306=CARTESIAN_POINT('Ctrl Pts',(2.90707557822534,375.222022607209,11.9386993907452));
#4307=CARTESIAN_POINT('Ctrl Pts',(1.22678949815827,375.693918397013,11.8593025899764));
#4308=CARTESIAN_POINT('Ctrl Pts',(0.712226007933897,377.361632809563,11.7799057892077));
#4309=CARTESIAN_POINT('Ctrl Pts',(1.83450774092242,378.698244443174,11.7005089884389));
#4310=CARTESIAN_POINT('Ctrl Pts',(3.56609905677212,378.479982073137,11.6211121876702));
#4311=CARTESIAN_POINT('Ctrl Pts',(4.32159431333676,376.906681763405,11.5417153869014));
#4312=CARTESIAN_POINT('Ctrl Pts',(3.40927922941543,375.418821509563,11.4623185861326));
#4313=CARTESIAN_POINT('Ctrl Pts',(1.6644487549387,375.378652334471,11.3829217853639));
#4314=CARTESIAN_POINT('Ctrl Pts',(0.684630004698714,376.822952221593,11.3035249845951));
#4315=CARTESIAN_POINT('Ctrl Pts',(1.36692275087034,378.429353029597,11.2241281838264));
#4316=CARTESIAN_POINT('Ctrl Pts',(3.08663526651226,378.727070699058,11.1447313830576));
#4317=CARTESIAN_POINT('Ctrl Pts',(4.26923786898658,377.443521700525,11.0653345822889));
#4318=CARTESIAN_POINT('Ctrl Pts',(3.8319665009932,375.753894315771,10.9859377815201));
#4319=CARTESIAN_POINT('Ctrl Pts',(2.1751768864117,375.205172966935,10.9065409807513));
#4320=CARTESIAN_POINT('Ctrl Pts',(0.81578792935016,376.299754443449,10.8271441799826));
#4321=CARTESIAN_POINT('Ctrl Pts',(0.99842525601245,378.035464835847,10.7477473792138));
#4322=CARTESIAN_POINT('Ctrl Pts',(2.55587027804567,378.823127156776,10.6683505784451));
#4323=CARTESIAN_POINT('Ctrl Pts',(4.06216174976999,377.941575718528,10.5889537776763));
#4324=CARTESIAN_POINT('Ctrl Pts',(4.13817342519934,376.197938920391,10.5095569769075));
#4325=CARTESIAN_POINT('Ctrl Pts',(2.71431078299083,375.188651093594,10.4301601761388));
#4326=CARTESIAN_POINT('Ctrl Pts',(1.09423000127342,375.837792972712,10.35076337537));
#4327=CARTESIAN_POINT('Ctrl Pts',(0.761240396338019,377.551025552119,10.2713665746013));
#4328=CARTESIAN_POINT('Ctrl Pts',(2.02021928822261,378.759750879349,10.1919697738325));
#4329=CARTESIAN_POINT('Ctrl Pts',(3.71847506012218,378.357289977323,10.1125729730638));
#4330=CARTESIAN_POINT('Ctrl Pts',(4.30112155924065,376.712121675428,10.033176172295));
#4331=CARTESIAN_POINT('Ctrl Pts',(3.23470468044779,375.330535789389,9.95377937152624));
#4332=CARTESIAN_POINT('Ctrl Pts',(1.49560341876174,375.477457268617,9.87438257075748));
#4333=CARTESIAN_POINT('Ctrl Pts',(0.676116506899462,377.018418559036,9.79498576998872));
#4334=CARTESIAN_POINT('Ctrl Pts',(1.52651103105386,378.542443171955,9.71558896921996));
#4335=CARTESIAN_POINT('Ctrl Pts',(3.26826297862747,378.654397261845,9.6361921684512));
#4336=CARTESIAN_POINT('Ctrl Pts',(4.30649905719651,377.251290823108,9.55679536768245));
#4337=CARTESIAN_POINT('Ctrl Pts',(3.69099109364566,375.618807970763,9.47739856691368));
#4338=CARTESIAN_POINT('Ctrl Pts',(1.98456271636687,375.249377330214,9.39800176614493));
#4339=CARTESIAN_POINT('Ctrl Pts',(0.751351111953135,376.48579875209,9.31860496537616));
#4340=CARTESIAN_POINT('Ctrl Pts',(0.995972101444128,377.618132685418,9.26567376486366));
#4341=CARTESIAN_POINT('Ctrl Pts',(1.33086340557476,378.006960090359,9.23920816460741));
#4342=CARTESIAN_POINT('Ctrl Pts',(2.12546241758492,375.599034275769,14.4535975645665));
#4343=CARTESIAN_POINT('Ctrl Pts',(1.65953408246813,375.723596689535,14.4271319643102));
#4344=CARTESIAN_POINT('Ctrl Pts',(0.869972786265919,376.473254779546,14.3742007637977));
#4345=CARTESIAN_POINT('Ctrl Pts',(1.17275020495951,378.086315828878,14.294803963029));
#4346=CARTESIAN_POINT('Ctrl Pts',(2.69333233413161,378.70310987475,14.2154071622602));
#4347=CARTESIAN_POINT('Ctrl Pts',(4.03572086380895,377.761515623645,14.1360103614915));
#4348=CARTESIAN_POINT('Ctrl Pts',(3.97259939606552,376.122281625286,14.0566135607227));
#4349=CARTESIAN_POINT('Ctrl Pts',(2.56093681651371,375.286865224423,13.977216759954));
#4350=CARTESIAN_POINT('Ctrl Pts',(1.09360534821914,376.019863529015,13.8978199591852));
#4351=CARTESIAN_POINT('Ctrl Pts',(0.913878883245667,377.650296087351,13.8184231584164));
#4352=CARTESIAN_POINT('Ctrl Pts',(2.18639608156019,378.685311881909,13.7390263576477));
#4353=CARTESIAN_POINT('Ctrl Pts',(3.74602911071779,378.177304039604,13.6596295568789));
#4354=CARTESIAN_POINT('Ctrl Pts',(4.16483221953608,376.591378872087,13.5802327561102));
#4355=CARTESIAN_POINT('Ctrl Pts',(3.0593499764454,375.37958003863,13.5008359553414));
#4356=CARTESIAN_POINT('Ctrl Pts',(1.44174093611901,375.651399887338,13.4214391545726));
#4357=CARTESIAN_POINT('Ctrl Pts',(0.793049213658483,377.157967807039,13.3420423538039));
#4358=CARTESIAN_POINT('Ctrl Pts',(1.707203116919,378.519903774388,13.2626455530351));
#4359=CARTESIAN_POINT('Ctrl Pts',(3.3472236853517,378.49025050307,13.1832487522663));
#4360=CARTESIAN_POINT('Ctrl Pts',(4.21154557303036,377.096157702631,13.1038519514976));
#4361=CARTESIAN_POINT('Ctrl Pts',(3.50881521468869,375.61402511849,13.0244551507288));
#4362=CARTESIAN_POINT('Ctrl Pts',(1.88243659477764,375.400859615908,12.9450583499601));
#4363=CARTESIAN_POINT('Ctrl Pts',(0.821484982093533,376.65183069856,12.8656615491913));
#4364=CARTESIAN_POINT('Ctrl Pts',(1.29734356295214,378.221577675845,12.7862647484226));
#4365=CARTESIAN_POINT('Ctrl Pts',(2.87432703445755,378.672875906036,12.7068679476538));
#4366=CARTESIAN_POINT('Ctrl Pts',(4.10858518399619,377.592526987928,12.627471146885));
#4367=CARTESIAN_POINT('Ctrl Pts',(3.87005930892046,375.969673830647,12.5480743461163));
#4368=CARTESIAN_POINT('Ctrl Pts',(2.37713827819065,375.290163890091,12.4686775453475));
#4369=CARTESIAN_POINT('Ctrl Pts',(0.996706646693473,376.176141019767,12.3892807445788));
#4370=CARTESIAN_POINT('Ctrl Pts',(0.992656233083872,377.816424701801,12.30988394381));
#4371=CARTESIAN_POINT('Ctrl Pts',(2.36869550392973,378.709208487782,12.2304871430412));
#4372=CARTESIAN_POINT('Ctrl Pts',(3.8649541862594,378.03707984013,12.1510903422725));
#4373=CARTESIAN_POINT('Ctrl Pts',(4.11149184702564,376.415424468218,12.0716935415037));
#4374=CARTESIAN_POINT('Ctrl Pts',(2.88258420891539,375.328993163246,11.992296740735));
#4375=CARTESIAN_POINT('Ctrl Pts',(1.30339116693402,375.772497728712,11.9128999399662));
#4376=CARTESIAN_POINT('Ctrl Pts',(0.819785968355242,377.339875467273,11.8335031391974));
#4377=CARTESIAN_POINT('Ctrl Pts',(1.87454653853596,378.596070954855,11.7541063384287));
#4378=CARTESIAN_POINT('Ctrl Pts',(3.50195807873992,378.390940161846,11.6747095376599));
#4379=CARTESIAN_POINT('Ctrl Pts',(4.21199958094006,376.912296178806,11.5953127368912));
#4380=CARTESIAN_POINT('Ctrl Pts',(3.35457318806909,375.513951820556,11.5159159361224));
#4381=CARTESIAN_POINT('Ctrl Pts',(1.71471901239163,375.476199391038,11.4365191353537));
#4382=CARTESIAN_POINT('Ctrl Pts',(0.793850256090248,376.833604156414,11.3571223345849));
#4383=CARTESIAN_POINT('Ctrl Pts',(1.43509341707958,378.343357173312,11.2777255338161));
#4384=CARTESIAN_POINT('Ctrl Pts',(3.05134083537731,378.623162902625,11.1983287330474));
#4385=CARTESIAN_POINT('Ctrl Pts',(4.16279311925386,377.416837580068,11.1189319322786));
#4386=CARTESIAN_POINT('Ctrl Pts',(3.7518298255716,375.828865245358,11.0395351315099));
#4387=CARTESIAN_POINT('Ctrl Pts',(2.19471960344224,375.313157267801,10.9601383307411));
#4388=CARTESIAN_POINT('Ctrl Pts',(0.917117171449099,376.341884144788,10.8807415299724));
#4389=CARTESIAN_POINT('Ctrl Pts',(1.08876627269003,377.973166940668,10.8013447292036));
#4390=CARTESIAN_POINT('Ctrl Pts',(2.55250888845056,378.713440202107,10.7219479284348));
#4391=CARTESIAN_POINT('Ctrl Pts',(3.96817556542976,377.884926585322,10.6425511276661));
#4392=CARTESIAN_POINT('Ctrl Pts',(4.03961406055946,376.246194269424,10.5631543268973));
#4393=CARTESIAN_POINT('Ctrl Pts',(2.70141694996795,375.29762941946,10.4837575261286));
#4394=CARTESIAN_POINT('Ctrl Pts',(1.17880700378916,375.907716208206,10.4043607253598));
#4395=CARTESIAN_POINT('Ctrl Pts',(0.865851446158683,377.517873550334,10.324963924591));
#4396=CARTESIAN_POINT('Ctrl Pts',(2.04908490244382,378.65387690659,10.2455671238223));
#4397=CARTESIAN_POINT('Ctrl Pts',(3.64516650444189,378.275629735655,10.1661703230535));
#4398=CARTESIAN_POINT('Ctrl Pts',(4.19275855335417,376.729441639436,10.0867735222848));
#4399=CARTESIAN_POINT('Ctrl Pts',(3.19050177409552,375.430977738547,10.007376721516));
#4400=CARTESIAN_POINT('Ctrl Pts',(1.55603211780579,375.569059807112,9.92797992074725));
#4401=CARTESIAN_POINT('Ctrl Pts',(0.785848965924845,377.017310421492,9.84858311997849));
#4402=CARTESIAN_POINT('Ctrl Pts',(1.5850801988766,378.449643339726,9.76918631920973));
#4403=CARTESIAN_POINT('Ctrl Pts',(3.22204106470486,378.554861803339,9.68978951844098));
#4404=CARTESIAN_POINT('Ctrl Pts',(4.19781251854254,377.236172116209,9.61039271767222));
#4405=CARTESIAN_POINT('Ctrl Pts',(3.61933608833559,375.701906259841,9.53099591690345));
#4406=CARTESIAN_POINT('Ctrl Pts',(2.01557357907844,375.354702111707,9.45159911613469));
#4407=CARTESIAN_POINT('Ctrl Pts',(0.856557142482636,376.516735249723,9.37220231536594));
#4408=CARTESIAN_POINT('Ctrl Pts',(1.08646071016044,377.580943237829,9.31927111485343));
#4409=CARTESIAN_POINT('Ctrl Pts',(1.40120355280903,377.946377159885,9.29280551459718));
#4410=CARTESIAN_POINT('Ctrl Pts',(2.14943867702696,375.688717979757,14.5071949145563));
#4411=CARTESIAN_POINT('Ctrl Pts',(1.71333703799799,375.805306452083,14.4807293143));
#4412=CARTESIAN_POINT('Ctrl Pts',(0.974320005901583,376.506974706887,14.4277981137875));
#4413=CARTESIAN_POINT('Ctrl Pts',(1.25771493727045,378.016774636293,14.3484013130187));
#4414=CARTESIAN_POINT('Ctrl Pts',(2.68095604288792,378.594084222499,14.26900451225));
#4415=CARTESIAN_POINT('Ctrl Pts',(3.93741072461327,377.712766720948,14.1896077114812));
#4416=CARTESIAN_POINT('Ctrl Pts',(3.87833001741841,376.178469320346,14.1102109107125));
#4417=CARTESIAN_POINT('Ctrl Pts',(2.5570359077908,375.39653262702,14.0308141099437));
#4418=CARTESIAN_POINT('Ctrl Pts',(1.18363658842624,376.082607583071,13.9514173091749));
#4419=CARTESIAN_POINT('Ctrl Pts',(1.01541542640532,377.608666973381,13.8720205084062));
#4420=CARTESIAN_POINT('Ctrl Pts',(2.20647163409103,378.577425579389,13.7926237076374));
#4421=CARTESIAN_POINT('Ctrl Pts',(3.66626377171425,378.101938179352,13.7132269068687));
#4422=CARTESIAN_POINT('Ctrl Pts',(4.05825693551337,376.61753701118,13.6338301060999));
#4423=CARTESIAN_POINT('Ctrl Pts',(3.02354283509612,375.483312243949,13.5544333053312));
#4424=CARTESIAN_POINT('Ctrl Pts',(1.50948605720644,375.737731373691,13.4750365045624));
#4425=CARTESIAN_POINT('Ctrl Pts',(0.902320744286252,377.147855398291,13.3956397037936));
#4426=CARTESIAN_POINT('Ctrl Pts',(1.75795450915853,378.422606176143,13.3162429030249));
#4427=CARTESIAN_POINT('Ctrl Pts',(3.29298812705484,378.394851177681,13.2368461022561));
#4428=CARTESIAN_POINT('Ctrl Pts',(4.1019799042362,377.090002106681,13.1574493014874));
#4429=CARTESIAN_POINT('Ctrl Pts',(3.44423527277609,375.702749174231,13.0780525007186));
#4430=CARTESIAN_POINT('Ctrl Pts',(1.92197030546709,375.503229595673,12.9986556999499));
#4431=CARTESIAN_POINT('Ctrl Pts',(0.928936179079387,376.674118975873,12.9192588991811));
#4432=CARTESIAN_POINT('Ctrl Pts',(1.37433237290911,378.143377610858,12.8398620984123));
#4433=CARTESIAN_POINT('Ctrl Pts',(2.85036425337573,378.565785700351,12.7604652976436));
#4434=CARTESIAN_POINT('Ctrl Pts',(4.00561058941099,377.554595999274,12.6810684968748));
#4435=CARTESIAN_POINT('Ctrl Pts',(3.78235409859191,376.035630809883,12.6016716961061));
#4436=CARTESIAN_POINT('Ctrl Pts',(2.38500334876275,375.399620126526,12.5222748953373));
#4437=CARTESIAN_POINT('Ctrl Pts',(1.09294091836245,376.228880871737,12.4428780945685));
#4438=CARTESIAN_POINT('Ctrl Pts',(1.08914979453339,377.764160759851,12.3634812937998));
#4439=CARTESIAN_POINT('Ctrl Pts',(2.37710104401835,378.599792428974,12.284084493031));
#4440=CARTESIAN_POINT('Ctrl Pts',(3.7775757835762,377.970690520402,12.2046876922623));
#4441=CARTESIAN_POINT('Ctrl Pts',(4.00833118057428,376.452846439394,12.1252908914935));
#4442=CARTESIAN_POINT('Ctrl Pts',(2.85809283960545,375.435963719282,12.0458940907247));
#4443=CARTESIAN_POINT('Ctrl Pts',(1.37999283570977,375.85107706041,11.966497289956));
#4444=CARTESIAN_POINT('Ctrl Pts',(0.927345928776587,377.318118124982,11.8871004891872));
#4445=CARTESIAN_POINT('Ctrl Pts',(1.9145853361495,378.493897466538,11.8077036884185));
#4446=CARTESIAN_POINT('Ctrl Pts',(3.43781710070772,378.301898250554,11.7283068876497));
#4447=CARTESIAN_POINT('Ctrl Pts',(4.10240484854337,376.917910594207,11.6489100868809));
#4448=CARTESIAN_POINT('Ctrl Pts',(3.29986714672276,375.609082131549,11.5695132861122));
#4449=CARTESIAN_POINT('Ctrl Pts',(1.76498926984455,375.573746447606,11.4901164853434));
#4450=CARTESIAN_POINT('Ctrl Pts',(0.903070507481783,376.844256091235,11.4107196845747));
#4451=CARTESIAN_POINT('Ctrl Pts',(1.50326408328882,378.257361317027,11.3313228838059));
#4452=CARTESIAN_POINT('Ctrl Pts',(3.01604640424236,378.519255106192,11.2519260830372));
#4453=CARTESIAN_POINT('Ctrl Pts',(4.05634836952114,377.390153459611,11.1725292822684));
#4454=CARTESIAN_POINT('Ctrl Pts',(3.67169315015,375.903836174945,11.0931324814996));
#4455=CARTESIAN_POINT('Ctrl Pts',(2.21426232047278,375.421141568667,11.0137356807309));
#4456=CARTESIAN_POINT('Ctrl Pts',(1.01844641354804,376.384013846128,10.9343388799621));
#4457=CARTESIAN_POINT('Ctrl Pts',(1.17910728936761,377.910869045489,10.8549420791934));
#4458=CARTESIAN_POINT('Ctrl Pts',(2.54914749885546,378.603753247438,10.7755452784246));
#4459=CARTESIAN_POINT('Ctrl Pts',(3.87418938108952,377.828277452116,10.6961484776558));
#4460=CARTESIAN_POINT('Ctrl Pts',(3.94105469591958,376.294449618456,10.6167516768871));
#4461=CARTESIAN_POINT('Ctrl Pts',(2.68852311694507,375.406607745326,10.5373548761183));
#4462=CARTESIAN_POINT('Ctrl Pts',(1.2633840063049,375.977639443699,10.4579580753496));
#4463=CARTESIAN_POINT('Ctrl Pts',(0.970462495979347,377.484721548549,10.3785612745808));
#4464=CARTESIAN_POINT('Ctrl Pts',(2.07795051666502,378.548002933832,10.2991644738121));
#4465=CARTESIAN_POINT('Ctrl Pts',(3.5718579487616,378.193969493986,10.2197676730433));
#4466=CARTESIAN_POINT('Ctrl Pts',(4.08439554746769,376.746761603444,10.1403708722745));
#4467=CARTESIAN_POINT('Ctrl Pts',(3.14629886774324,375.531419687706,10.0609740715058));
#4468=CARTESIAN_POINT('Ctrl Pts',(1.61646081684983,375.660662345606,9.98157727073702));
#4469=CARTESIAN_POINT('Ctrl Pts',(0.895581424950229,377.016202283948,9.90218046996827));
#4470=CARTESIAN_POINT('Ctrl Pts',(1.64364936669935,378.356843507497,9.8227836691995));
#4471=CARTESIAN_POINT('Ctrl Pts',(3.17581915078225,378.455326344833,9.74338686843075));
#4472=CARTESIAN_POINT('Ctrl Pts',(4.08912597988857,377.22105340931,9.66399006766199));
#4473=CARTESIAN_POINT('Ctrl Pts',(3.54768108302553,375.785004548919,9.58459326689322));
#4474=CARTESIAN_POINT('Ctrl Pts',(2.04658444179001,375.460026893202,9.50519646612447));
#4475=CARTESIAN_POINT('Ctrl Pts',(0.961763173012137,376.547671747356,9.42579966535571));
#4476=CARTESIAN_POINT('Ctrl Pts',(1.17694931887675,377.54375379024,9.3728684648432));
#4477=CARTESIAN_POINT('Ctrl Pts',(1.47154370004329,377.885794229411,9.34640286458695));
#4478=CARTESIAN_POINT('Ctrl Pts',(2.17341493646901,375.778401683744,14.560792264546));
#4479=CARTESIAN_POINT('Ctrl Pts',(1.76713999352785,375.887016214631,14.5343266642898));
#4480=CARTESIAN_POINT('Ctrl Pts',(1.07866722553724,376.540694634228,14.4813954637773));
#4481=CARTESIAN_POINT('Ctrl Pts',(1.3426796695814,377.947233443708,14.4019986630085));
#4482=CARTESIAN_POINT('Ctrl Pts',(2.66857975164423,378.485058570248,14.3226018622398));
#4483=CARTESIAN_POINT('Ctrl Pts',(3.83910058541759,377.66401781825,14.243205061471));
#4484=CARTESIAN_POINT('Ctrl Pts',(3.78406063877131,376.234657015406,14.1638082607022));
#4485=CARTESIAN_POINT('Ctrl Pts',(2.55313499906788,375.506200029616,14.0844114599335));
#4486=CARTESIAN_POINT('Ctrl Pts',(1.27366782863333,376.145351637126,14.0050146591647));
#4487=CARTESIAN_POINT('Ctrl Pts',(1.11695196956497,377.567037859411,13.925617858396));
#4488=CARTESIAN_POINT('Ctrl Pts',(2.22654718662189,378.46953927687,13.8462210576272));
#4489=CARTESIAN_POINT('Ctrl Pts',(3.5864984327107,378.026572319099,13.7668242568584));
#4490=CARTESIAN_POINT('Ctrl Pts',(3.95168165149066,376.643695150273,13.6874274560897));
#4491=CARTESIAN_POINT('Ctrl Pts',(2.98773569374685,375.587044449268,13.6080306553209));
#4492=CARTESIAN_POINT('Ctrl Pts',(1.57723117829387,375.824062860043,13.5286338545522));
#4493=CARTESIAN_POINT('Ctrl Pts',(1.01159227491402,377.137742989542,13.4492370537834));
#4494=CARTESIAN_POINT('Ctrl Pts',(1.80870590139805,378.325308577897,13.3698402530146));
#4495=CARTESIAN_POINT('Ctrl Pts',(3.23875256875799,378.299451852292,13.2904434522459));
#4496=CARTESIAN_POINT('Ctrl Pts',(3.99241423544205,377.08384651073,13.2110466514771));
#4497=CARTESIAN_POINT('Ctrl Pts',(3.37965533086349,375.791473229972,13.1316498507084));
#4498=CARTESIAN_POINT('Ctrl Pts',(1.96150401615654,375.605599575438,13.0522530499396));
#4499=CARTESIAN_POINT('Ctrl Pts',(1.03638737606524,376.696407253187,12.9728562491709));
#4500=CARTESIAN_POINT('Ctrl Pts',(1.45132118286609,378.065177545872,12.8934594484021));
#4501=CARTESIAN_POINT('Ctrl Pts',(2.82640147229391,378.458695494667,12.8140626476333));
#4502=CARTESIAN_POINT('Ctrl Pts',(3.90263599482578,377.51666501062,12.7346658468646));
#4503=CARTESIAN_POINT('Ctrl Pts',(3.69464888826337,376.101587789119,12.6552690460958));
#4504=CARTESIAN_POINT('Ctrl Pts',(2.39286841933485,375.50907636296,12.5758722453271));
#4505=CARTESIAN_POINT('Ctrl Pts',(1.18917519003142,376.281620723707,12.4964754445583));
#4506=CARTESIAN_POINT('Ctrl Pts',(1.18564335598291,377.711896817902,12.4170786437895));
#4507=CARTESIAN_POINT('Ctrl Pts',(2.38550658410697,378.490376370165,12.3376818430208));
#4508=CARTESIAN_POINT('Ctrl Pts',(3.690197380893,377.904301200674,12.258285042252));
#4509=CARTESIAN_POINT('Ctrl Pts',(3.90517051412293,376.49026841057,12.1788882414833));
#4510=CARTESIAN_POINT('Ctrl Pts',(2.83360147029551,375.542934275318,12.0994914407145));
#4511=CARTESIAN_POINT('Ctrl Pts',(1.45659450448552,375.929656392108,12.0200946399458));
#4512=CARTESIAN_POINT('Ctrl Pts',(1.03490588919793,377.296360782691,11.940697839177));
#4513=CARTESIAN_POINT('Ctrl Pts',(1.95462413376304,378.39172397822,11.8613010384082));
#4514=CARTESIAN_POINT('Ctrl Pts',(3.37367612267552,378.212856339263,11.7819042376395));
#4515=CARTESIAN_POINT('Ctrl Pts',(3.99281011614668,376.923525009609,11.7025074368707));
#4516=CARTESIAN_POINT('Ctrl Pts',(3.24516110537643,375.704212442542,11.623110636102));
#4517=CARTESIAN_POINT('Ctrl Pts',(1.81525952729748,375.671293504173,11.5437138353332));
#4518=CARTESIAN_POINT('Ctrl Pts',(1.01229075887332,376.854908026056,11.4643170345644));
#4519=CARTESIAN_POINT('Ctrl Pts',(1.57143474949807,378.171365460742,11.3849202337957));
#4520=CARTESIAN_POINT('Ctrl Pts',(2.98075197310741,378.415347309759,11.3055234330269));
#4521=CARTESIAN_POINT('Ctrl Pts',(3.94990361978842,377.363469339154,11.2261266322582));
#4522=CARTESIAN_POINT('Ctrl Pts',(3.5915564747284,375.978807104532,11.1467298314894));
#4523=CARTESIAN_POINT('Ctrl Pts',(2.23380503750332,375.529125869533,11.0673330307206));
#4524=CARTESIAN_POINT('Ctrl Pts',(1.11977565564698,376.426143547467,10.9879362299519));
#4525=CARTESIAN_POINT('Ctrl Pts',(1.26944830604519,377.84857115031,10.9085394291831));
#4526=CARTESIAN_POINT('Ctrl Pts',(2.54578610926035,378.49406629277,10.8291426284144));
#4527=CARTESIAN_POINT('Ctrl Pts',(3.78020319674928,377.77162831891,10.7497458276456));
#4528=CARTESIAN_POINT('Ctrl Pts',(3.8424953312797,376.342704967488,10.6703490268769));
#4529=CARTESIAN_POINT('Ctrl Pts',(2.67562928392218,375.515586071192,10.5909522261081));
#4530=CARTESIAN_POINT('Ctrl Pts',(1.34796100882064,376.047562679193,10.5115554253393));
#4531=CARTESIAN_POINT('Ctrl Pts',(1.07507354580001,377.451569546763,10.4321586245706));
#4532=CARTESIAN_POINT('Ctrl Pts',(2.10681613088623,378.442128961074,10.3527618238018));
#4533=CARTESIAN_POINT('Ctrl Pts',(3.49854939308132,378.112309252317,10.2733650230331));
#4534=CARTESIAN_POINT('Ctrl Pts',(3.97603254158121,376.764081567452,10.1939682222643));
#4535=CARTESIAN_POINT('Ctrl Pts',(3.10209596139097,375.631861636864,10.1145714214955));
#4536=CARTESIAN_POINT('Ctrl Pts',(1.67688951589387,375.7522648841,10.0351746207268));
#4537=CARTESIAN_POINT('Ctrl Pts',(1.00531388397561,377.015094146404,9.95577781995803));
#4538=CARTESIAN_POINT('Ctrl Pts',(1.70221853452209,378.264043675267,9.87638101918927));
#4539=CARTESIAN_POINT('Ctrl Pts',(3.12959723685963,378.355790886327,9.79698421842052));
#4540=CARTESIAN_POINT('Ctrl Pts',(3.9804394412346,377.205934702411,9.71758741765176));
#4541=CARTESIAN_POINT('Ctrl Pts',(3.47602607771546,375.868102837997,9.638190616883));
#4542=CARTESIAN_POINT('Ctrl Pts',(2.07759530450158,375.565351674696,9.55879381611423));
#4543=CARTESIAN_POINT('Ctrl Pts',(1.06696920354164,376.578608244989,9.47939701534548));
#4544=CARTESIAN_POINT('Ctrl Pts',(1.26743792759306,377.506564342651,9.42646581483297));
#4545=CARTESIAN_POINT('Ctrl Pts',(1.54188384727756,377.825211298936,9.40000021457672));
#4546=CARTESIAN_POINT('Ctrl Pts',(1.23333572486933,377.000082999524,9.95658054095729));
#4547=CARTESIAN_POINT('Ctrl Pts',(1.23333188386745,377.004315722531,9.95631296729086));
#4548=CARTESIAN_POINT('Ctrl Pts',(1.23335125062817,377.008548408243,9.95604539362444));
#4549=CARTESIAN_POINT('Ctrl Pts',(1.23339393105304,377.012780857497,9.95577781995802));
#4550=CARTESIAN_POINT('Ctrl Pts',(1.23761543415775,377.431410656025,9.92931221970177));
#4551=CARTESIAN_POINT('Ctrl Pts',(1.46991698433991,377.847727165646,9.90284661944551));
#4552=CARTESIAN_POINT('Ctrl Pts',(1.82396420982059,378.0711766223,9.87638101918926));
#4553=CARTESIAN_POINT('Ctrl Pts',(2.17801143530126,378.294626078954,9.84991541893301));
#4554=CARTESIAN_POINT('Ctrl Pts',(2.65380433608045,378.325208482641,9.82344981867675));
#4555=CARTESIAN_POINT('Ctrl Pts',(3.03350782053255,378.148856987165,9.7969842184205));
#4556=CARTESIAN_POINT('Ctrl Pts',(3.41321130498464,377.972505491689,9.77051861816425));
#4557=CARTESIAN_POINT('Ctrl Pts',(3.69682537310963,377.58922009705,9.744053017908));
#4558=CARTESIAN_POINT('Ctrl Pts',(3.75456351325227,377.174605422328,9.71758741765174));
#4559=CARTESIAN_POINT('Ctrl Pts',(3.81230165339491,376.759990747606,9.69112181739549));
#4560=CARTESIAN_POINT('Ctrl Pts',(3.6441638655552,376.314046792802,9.66465621713924));
#4561=CARTESIAN_POINT('Ctrl Pts',(3.32702317609969,376.040616288182,9.63819061688298));
#4562=CARTESIAN_POINT('Ctrl Pts',(3.00988248664418,375.767185783563,9.61172501662673));
#4563=CARTESIAN_POINT('Ctrl Pts',(2.54373889557287,375.666268729129,9.58525941637047));
#4564=CARTESIAN_POINT('Ctrl Pts',(2.14222941654389,375.784686296961,9.55879381611422));
#4565=CARTESIAN_POINT('Ctrl Pts',(1.74071993751491,375.903103864793,9.53232821585797));
#4566=CARTESIAN_POINT('Ctrl Pts',(1.40384457052826,376.240856054891,9.50586261560172));
#4567=CARTESIAN_POINT('Ctrl Pts',(1.28552406804779,376.641721174355,9.47939701534547));
#4568=CARTESIAN_POINT('Ctrl Pts',(1.25152198372824,376.756918873039,9.47179152388274));
#4569=CARTESIAN_POINT('Ctrl Pts',(1.23556883298321,376.877328631734,9.46418603242001));
#4570=CARTESIAN_POINT('Ctrl Pts',(1.23661225496782,376.998003631123,9.45658054095729));
#4571=CARTESIAN_POINT('Origin',(2.5,396.25,15.5042119381654));
#4572=CARTESIAN_POINT('Ctrl Pts',(0.955459709366684,396.251106167807,14.2542119381655));
#4573=CARTESIAN_POINT('Ctrl Pts',(0.954882717364487,396.322051148116,14.2505429792673));
#4574=CARTESIAN_POINT('Ctrl Pts',(0.991598203917026,396.904157777584,14.2204084201129));
#4575=CARTESIAN_POINT('Ctrl Pts',(1.73173430329368,397.904401015344,14.1638082607022));
#4576=CARTESIAN_POINT('Ctrl Pts',(3.47349201350457,397.792448359362,14.0844114599335));
#4577=CARTESIAN_POINT('Ctrl Pts',(4.32388886173252,396.268418294939,14.0050146591647));
#4578=CARTESIAN_POINT('Ctrl Pts',(3.50439959481067,394.727452899444,13.925617858396));
#4579=CARTESIAN_POINT('Ctrl Pts',(1.76529312349023,394.58053073297,13.8462210576272));
#4580=CARTESIAN_POINT('Ctrl Pts',(0.997878873601908,395.574746810049,13.7890857508837));
#4581=CARTESIAN_POINT('Ctrl Pts',(0.955037192651168,396.16742875365,13.7584160443965));
#4582=CARTESIAN_POINT('Ctrl Pts',(0.95574359867636,396.248773938145,13.7542119381655));
#4583=CARTESIAN_POINT('Ctrl Pts',(0.958588734987125,396.248735003382,14.295788490988));
#4584=CARTESIAN_POINT('Ctrl Pts',(0.961234041060674,396.60201831753,14.2775945316717));
#4585=CARTESIAN_POINT('Ctrl Pts',(1.25633935627002,397.474231000481,14.2329349720992));
#4586=CARTESIAN_POINT('Ctrl Pts',(2.70570929488847,398.062146424808,14.1618098122704));
#4587=CARTESIAN_POINT('Ctrl Pts',(4.13403621058455,397.060264995808,14.0824130115017));
#4588=CARTESIAN_POINT('Ctrl Pts',(4.06687303317026,395.316092397968,14.0030162107329));
#4589=CARTESIAN_POINT('Ctrl Pts',(2.56483812339579,394.42719196049,13.9236194099642));
#4590=CARTESIAN_POINT('Ctrl Pts',(1.20652096835327,395.105733290471,13.8545435033825));
#4591=CARTESIAN_POINT('Ctrl Pts',(0.96052435512366,395.936839531962,13.8119331970571));
#4592=CARTESIAN_POINT('Ctrl Pts',(0.95891840025977,396.250865077604,13.795788490988));
#4593=CARTESIAN_POINT('Ctrl Pts',(3.45811615272233,397.075211298937,14.4000002145767));
#4594=CARTESIAN_POINT('Ctrl Pts',(3.73256207240687,396.756564342651,14.3735346143205));
#4595=CARTESIAN_POINT('Ctrl Pts',(3.933011069139,395.828585489763,14.320603413808));
#4596=CARTESIAN_POINT('Ctrl Pts',(2.92240652224225,394.815349208794,14.2412066130392));
#4597=CARTESIAN_POINT('Ctrl Pts',(1.52396830588548,395.118095600651,14.1618098122704));
#4598=CARTESIAN_POINT('Ctrl Pts',(1.01955672598951,396.455936837795,14.0824130115017));
#4599=CARTESIAN_POINT('Ctrl Pts',(1.87040053565447,397.605793962348,14.0030162107329));
#4600=CARTESIAN_POINT('Ctrl Pts',(3.29778396051621,397.514047926386,13.9236194099642));
#4601=CARTESIAN_POINT('Ctrl Pts',(3.99469051565831,396.265093929974,13.8442226091954));
#4602=CARTESIAN_POINT('Ctrl Pts',(3.3231129537512,395.00226130353,13.7648258084267));
#4603=CARTESIAN_POINT('Ctrl Pts',(1.89790223891991,394.881857493092,13.6854290076579));
#4604=CARTESIAN_POINT('Ctrl Pts',(1.0239630651899,396.014080900512,13.6060322068891));
#4605=CARTESIAN_POINT('Ctrl Pts',(1.5014476328777,397.362312546509,13.5266354061204));
#4606=CARTESIAN_POINT('Ctrl Pts',(2.89318503997603,397.692133264596,13.4472386053516));
#4607=CARTESIAN_POINT('Ctrl Pts',(3.9249306974677,396.701570886878,13.3678418045829));
#4608=CARTESIAN_POINT('Ctrl Pts',(3.65204242165728,395.297559845293,13.2884450038141));
#4609=CARTESIAN_POINT('Ctrl Pts',(2.3243701931503,394.765581649729,13.2090482030453));
#4610=CARTESIAN_POINT('Ctrl Pts',(1.15750067096563,395.592703010747,13.1296514022766));
#4611=CARTESIAN_POINT('Ctrl Pts',(1.21979299105651,397.021630616403,13.0502546015078));
#4612=CARTESIAN_POINT('Ctrl Pts',(2.45421375438272,397.744070741973,12.9708578007391));
#4613=CARTESIAN_POINT('Ctrl Pts',(3.7305553583274,397.098573677137,12.8914609999703));
#4614=CARTESIAN_POINT('Ctrl Pts',(3.8802284544128,395.676141838657,12.8120641992015));
#4615=CARTESIAN_POINT('Ctrl Pts',(2.7661957551805,394.779121489514,12.7326673984328));
#4616=CARTESIAN_POINT('Ctrl Pts',(1.40844027480865,395.228804063608,12.653270597664));
#4617=CARTESIAN_POINT('Ctrl Pts',(1.05009206265579,396.613470421497,12.5738737968953));
#4618=CARTESIAN_POINT('Ctrl Pts',(2.01924659529784,397.665351524415,12.4944769961265));
#4619=CARTESIAN_POINT('Ctrl Pts',(3.42856801560488,397.42136894886,12.4150801953578));
#4620=CARTESIAN_POINT('Ctrl Pts',(3.9877136712614,396.104907593998,12.335683394589));
#4621=CARTESIAN_POINT('Ctrl Pts',(3.18474251173864,394.92128954752,12.2562865938202));
#4622=CARTESIAN_POINT('Ctrl Pts',(1.75483667566584,394.954208583916,12.1768897930515));
#4623=CARTESIAN_POINT('Ctrl Pts',(1.00718543852906,396.173524781879,12.0974929922827));
#4624=CARTESIAN_POINT('Ctrl Pts',(1.62632127567148,397.462859950934,12.018096191514));
#4625=CARTESIAN_POINT('Ctrl Pts',(3.04537749026958,397.641728122527,11.9386993907452));
#4626=CARTESIAN_POINT('Ctrl Pts',(3.96509847359295,396.546361665202,11.8593025899764));
#4627=CARTESIAN_POINT('Ctrl Pts',(3.54340860259148,395.179653204815,11.7799057892077));
#4628=CARTESIAN_POINT('Ctrl Pts',(2.16639753629856,394.792929936434,11.7005089884389));
#4629=CARTESIAN_POINT('Ctrl Pts',(1.09482530152806,395.74026689268,11.6211121876702));
#4630=CARTESIAN_POINT('Ctrl Pts',(1.3097990749098,397.154303893523,11.5417153869014));
#4631=CARTESIAN_POINT('Ctrl Pts',(2.6144937568339,397.740380808242,11.4623185861326));
#4632=CARTESIAN_POINT('Ctrl Pts',(3.81436055793859,396.961898937805,11.3829217853639));
#4633=CARTESIAN_POINT('Ctrl Pts',(3.81082871337259,395.531618584501,11.3035249845951));
#4634=CARTESIAN_POINT('Ctrl Pts',(2.60713189968486,394.759071923254,11.2241281838264));
#4635=CARTESIAN_POINT('Ctrl Pts',(1.30534755428249,395.351585113805,11.1447313830576));
#4636=CARTESIAN_POINT('Ctrl Pts',(1.09735982837515,396.76666654916,11.0653345822889));
#4637=CARTESIAN_POINT('Ctrl Pts',(2.17359755573465,397.708699838398,10.9859377815201));
#4638=CARTESIAN_POINT('Ctrl Pts',(3.5486819399247,397.315180717795,10.9065409807513));
#4639=CARTESIAN_POINT('Ctrl Pts',(3.96361698229188,395.946406349116,10.8271441799826));
#4640=CARTESIAN_POINT('Ctrl Pts',(3.03849758743401,394.855595423212,10.7477473792138));
#4641=CARTESIAN_POINT('Ctrl Pts',(1.62034204958942,395.041469631086,10.6683505784451));
#4642=CARTESIAN_POINT('Ctrl Pts',(1.00758132059062,396.333846760628,10.5889537776763));
#4643=CARTESIAN_POINT('Ctrl Pts',(1.76124523101428,397.549455721385,10.5095569769075));
#4644=CARTESIAN_POINT('Ctrl Pts',(3.19129615784982,397.575312525337,10.4301601761388));
#4645=CARTESIAN_POINT('Ctrl Pts',(3.98841215593586,396.387743397876,10.35076337537));
#4646=CARTESIAN_POINT('Ctrl Pts',(3.42277157220215,395.074059362044,10.2713665746013));
#4647=CARTESIAN_POINT('Ctrl Pts',(2.01226284875059,394.837040234187,10.1919697738325));
#4648=CARTESIAN_POINT('Ctrl Pts',(1.04831403539462,395.89369410449,10.1125729730638));
#4649=CARTESIAN_POINT('Ctrl Pts',(1.41349831360353,397.276575345449,10.033176172295));
#4650=CARTESIAN_POINT('Ctrl Pts',(2.77345366136328,397.719543714284,9.95377937152624));
#4651=CARTESIAN_POINT('Ctrl Pts',(3.88305208820159,396.817039425986,9.87438257075748));
#4652=CARTESIAN_POINT('Ctrl Pts',(3.7263359280773,395.395349336964,9.79498576998872));
#4653=CARTESIAN_POINT('Ctrl Pts',(2.44686466692621,394.756195111724,9.71558896921996));
#4654=CARTESIAN_POINT('Ctrl Pts',(1.21593578780997,395.48465572922,9.6361921684512));
#4655=CARTESIAN_POINT('Ctrl Pts',(1.16089504495131,396.914018213672,9.55679536768244));
#4656=CARTESIAN_POINT('Ctrl Pts',(2.3314196862295,397.735067713941,9.47739856691368));
#4657=CARTESIAN_POINT('Ctrl Pts',(3.65732322899316,397.19723445164,9.39800176614492));
#4658=CARTESIAN_POINT('Ctrl Pts',(3.9213292981041,395.790724548812,9.31860496537617));
#4659=CARTESIAN_POINT('Ctrl Pts',(3.23286000647228,395.137016214631,9.26567376486366));
#4660=CARTESIAN_POINT('Ctrl Pts',(2.82658506353113,395.028401683745,9.23920816460741));
#4661=CARTESIAN_POINT('Ctrl Pts',(3.52845629995659,397.135794229411,14.4535975645665));
#4662=CARTESIAN_POINT('Ctrl Pts',(3.82305068112318,396.79375379024,14.4271319643102));
#4663=CARTESIAN_POINT('Ctrl Pts',(4.03821565138632,395.797647321554,14.3742007637977));
#4664=CARTESIAN_POINT('Ctrl Pts',(2.9534175190643,394.710024246266,14.294803963029));
#4665=CARTESIAN_POINT('Ctrl Pts',(1.45231288824717,395.034996780243,14.2154071622602));
#4666=CARTESIAN_POINT('Ctrl Pts',(0.910869905952099,396.471055701463,14.1360103614915));
#4667=CARTESIAN_POINT('Ctrl Pts',(1.82417845820087,397.70532964668,14.0566135607227));
#4668=CARTESIAN_POINT('Ctrl Pts',(3.35635331151233,397.606848070711,13.977216759954));
#4669=CARTESIAN_POINT('Ctrl Pts',(4.10442329768305,396.266202051629,13.8978199591852));
#4670=CARTESIAN_POINT('Ctrl Pts',(3.38354183410436,394.910658502168,13.8184231584164));
#4671=CARTESIAN_POINT('Ctrl Pts',(1.85369920044335,394.781415239718,13.7390263576477));
#4672=CARTESIAN_POINT('Ctrl Pts',(0.915599736774287,395.99676088754,13.6596295568789));
#4673=CARTESIAN_POINT('Ctrl Pts',(1.42813885885805,397.443973030021,13.5802327561102));
#4674=CARTESIAN_POINT('Ctrl Pts',(2.92205074015617,397.798007553298,13.5008359553414));
#4675=CARTESIAN_POINT('Ctrl Pts',(4.02954205880809,396.734722987048,13.4214391545726));
#4676=CARTESIAN_POINT('Ctrl Pts',(3.73661967602173,395.227636401749,13.3420423538039));
#4677=CARTESIAN_POINT('Ctrl Pts',(2.31147632173665,394.656602999262,13.2626455530351));
#4678=CARTESIAN_POINT('Ctrl Pts',(1.05894101283038,395.54444751806,13.1832487522664));
#4679=CARTESIAN_POINT('Ctrl Pts',(1.12580652684385,397.078279918279,13.1038519514976));
#4680=CARTESIAN_POINT('Ctrl Pts',(2.45085235477698,397.85375802328,13.0244551507288));
#4681=CARTESIAN_POINT('Ctrl Pts',(3.8208966440251,397.160871757823,12.9450583499601));
#4682=CARTESIAN_POINT('Ctrl Pts',(3.98155799825198,395.634012011866,12.8656615491913));
#4683=CARTESIAN_POINT('Ctrl Pts',(2.78573853040595,394.671136867089,12.7862647484226));
#4684=CARTESIAN_POINT('Ctrl Pts',(1.32830336075413,395.153832910772,12.7068679476538));
#4685=CARTESIAN_POINT('Ctrl Pts',(0.943646995949491,396.640154621414,12.627471146885));
#4686=CARTESIAN_POINT('Ctrl Pts',(1.9839520590623,397.769259630267,12.5480743461163));
#4687=CARTESIAN_POINT('Ctrl Pts',(3.49673888481431,397.507365061225,12.4686775453475));
#4688=CARTESIAN_POINT('Ctrl Pts',(4.0969342478915,396.094255627458,12.3892807445788));
#4689=CARTESIAN_POINT('Ctrl Pts',(3.2350129188875,394.823742200474,12.30988394381));
#4690=CARTESIAN_POINT('Ctrl Pts',(1.7001304714146,394.859077989642,12.2304871430413));
#4691=CARTESIAN_POINT('Ctrl Pts',(0.897590379778656,396.167910349759,12.1510903422725));
#4692=CARTESIAN_POINT('Ctrl Pts',(1.5621801066388,397.551902127377,12.0716935415037));
#4693=CARTESIAN_POINT('Ctrl Pts',(3.08541640711157,397.7439019151,11.992296740735));
#4694=CARTESIAN_POINT('Ctrl Pts',(4.07265875430882,396.568119072282,11.9128999399662));
#4695=CARTESIAN_POINT('Ctrl Pts',(3.62001049947344,395.101073639121,11.8335031391975));
#4696=CARTESIAN_POINT('Ctrl Pts',(2.14190609405765,394.685959061859,11.7541063384287));
#4697=CARTESIAN_POINT('Ctrl Pts',(0.991664327882502,395.702844810068,11.6747095376599));
#4698=CARTESIAN_POINT('Ctrl Pts',(1.22242041202919,397.220693410947,11.5953127368912));
#4699=CARTESIAN_POINT('Ctrl Pts',(2.62289932195272,397.849797192872,11.5159159361224));
#4700=CARTESIAN_POINT('Ctrl Pts',(3.91085440672886,397.014163035387,11.4365191353537));
#4701=CARTESIAN_POINT('Ctrl Pts',(3.90706327161018,395.478878575481,11.3571223345849));
#4702=CARTESIAN_POINT('Ctrl Pts',(2.6149969936778,394.649615360878,11.2777255338161));
#4703=CARTESIAN_POINT('Ctrl Pts',(1.21764208278326,395.285627938161,11.1983287330474));
#4704=CARTESIAN_POINT('Ctrl Pts',(0.994384927150021,396.804597650766,11.1189319322786));
#4705=CARTESIAN_POINT('Ctrl Pts',(2.14963470329551,397.815790362977,11.0395351315099));
#4706=CARTESIAN_POINT('Ctrl Pts',(3.62567097914153,397.393381015648,10.9601383307411));
#4707=CARTESIAN_POINT('Ctrl Pts',(4.07106849924674,395.924118005431,10.8807415299724));
#4708=CARTESIAN_POINT('Ctrl Pts',(3.07803141585113,394.753225138611,10.8013447292036));
#4709=CARTESIAN_POINT('Ctrl Pts',(1.55576191536262,394.952745311133,10.7219479284348));
#4710=CARTESIAN_POINT('Ctrl Pts',(0.898015325542375,396.340002374925,10.6425511276661));
#4711=CARTESIAN_POINT('Ctrl Pts',(1.7070095111876,397.644855330824,10.5631543268973));
#4712=CARTESIAN_POINT('Ctrl Pts',(3.24204770126915,397.672610413385,10.4837575261286));
#4713=CARTESIAN_POINT('Ctrl Pts',(4.0976840118547,396.397855836602,10.4043607253598));
#4714=CARTESIAN_POINT('Ctrl Pts',(3.49051689521738,394.987727618885,10.324963924591));
#4715=CARTESIAN_POINT('Ctrl Pts',(1.97645560039868,394.733307719418,10.2455671238223));
#4716=CARTESIAN_POINT('Ctrl Pts',(0.941738434724373,395.86753588862,10.1661703230535));
#4717=CARTESIAN_POINT('Ctrl Pts',(1.33373273573048,397.351941427882,10.0867735222848));
#4718=CARTESIAN_POINT('Ctrl Pts',(2.79352927614902,397.827430342577,10.007376721516));
#4719=CARTESIAN_POINT('Ctrl Pts',(3.98458892926239,396.858668654967,9.92797992074724));
#4720=CARTESIAN_POINT('Ctrl Pts',(3.8163674440835,395.332605114042,9.84858311997849));
#4721=CARTESIAN_POINT('Ctrl Pts',(2.44296373368222,394.64652734808,9.76918631920973));
#4722=CARTESIAN_POINT('Ctrl Pts',(1.12166614682014,395.428467939735,9.68978951844097));
#4723=CARTESIAN_POINT('Ctrl Pts',(1.06258458495894,396.962767145399,9.61039271767221));
#4724=CARTESIAN_POINT('Ctrl Pts',(2.31904335371729,397.844094037476,9.53099591690346));
#4725=CARTESIAN_POINT('Ctrl Pts',(3.74228817410311,397.266775718223,9.4515991161347));
#4726=CARTESIAN_POINT('Ctrl Pts',(4.0256762625227,395.757006817652,9.37220231536594));
#4727=CARTESIAN_POINT('Ctrl Pts',(3.28666296200213,395.055306452083,9.31927111485343));
#4728=CARTESIAN_POINT('Ctrl Pts',(2.85056132297318,394.938717979757,9.29280551459718));
#4729=CARTESIAN_POINT('Ctrl Pts',(3.59879644719086,397.196377159885,14.5071949145563));
#4730=CARTESIAN_POINT('Ctrl Pts',(3.91353928983949,396.830943237829,14.4807293143));
#4731=CARTESIAN_POINT('Ctrl Pts',(4.14342023363364,395.766709153345,14.4277981137875));
#4732=CARTESIAN_POINT('Ctrl Pts',(2.98442851588635,394.604699283737,14.3484013130187));
#4733=CARTESIAN_POINT('Ctrl Pts',(1.38065747060887,394.951897959835,14.26900451225));
#4734=CARTESIAN_POINT('Ctrl Pts',(0.802183085914689,396.486174565131,14.1896077114812));
#4735=CARTESIAN_POINT('Ctrl Pts',(1.77795638074728,397.804865331012,14.1102109107125));
#4736=CARTESIAN_POINT('Ctrl Pts',(3.41492266250845,397.699648215037,14.0308141099437));
#4737=CARTESIAN_POINT('Ctrl Pts',(4.21415607970778,396.267310173284,13.9514173091749));
#4738=CARTESIAN_POINT('Ctrl Pts',(3.44397071445751,394.819055700806,13.8720205084062));
#4739=CARTESIAN_POINT('Ctrl Pts',(1.80949616196679,394.680972986344,13.7926237076374));
#4740=CARTESIAN_POINT('Ctrl Pts',(0.807236408358676,395.979440874569,13.7132269068687));
#4741=CARTESIAN_POINT('Ctrl Pts',(1.3548300848384,397.525633513533,13.6338301060999));
#4742=CARTESIAN_POINT('Ctrl Pts',(2.9509164403363,397.903881842,13.5544333053312));
#4743=CARTESIAN_POINT('Ctrl Pts',(4.13415342014847,396.767875087218,13.4750365045624));
#4744=CARTESIAN_POINT('Ctrl Pts',(3.82119693038618,395.157712958204,13.3956397037936));
#4745=CARTESIAN_POINT('Ctrl Pts',(2.29858245032301,394.547624348794,13.3162429030249));
#4746=CARTESIAN_POINT('Ctrl Pts',(0.960381354695128,395.496192025373,13.2368461022561));
#4747=CARTESIAN_POINT('Ctrl Pts',(1.03182006263118,397.134929220156,13.1574493014874));
#4748=CARTESIAN_POINT('Ctrl Pts',(2.44749095517124,397.963445304588,13.0780525007186));
#4749=CARTESIAN_POINT('Ctrl Pts',(3.91123792972279,397.223169838509,12.9986556999499));
#4750=CARTESIAN_POINT('Ctrl Pts',(4.08288754209117,395.591882185074,12.9192588991811));
#4751=CARTESIAN_POINT('Ctrl Pts',(2.8052813056314,394.563152244663,12.8398620984123));
#4752=CARTESIAN_POINT('Ctrl Pts',(1.24816644669961,395.078861757935,12.7604652976436));
#4753=CARTESIAN_POINT('Ctrl Pts',(0.837201929243188,396.666838821332,12.6810684968748));
#4754=CARTESIAN_POINT('Ctrl Pts',(1.94865752282676,397.873167736119,12.601671696106));
#4755=CARTESIAN_POINT('Ctrl Pts',(3.56490975402374,397.593361173591,12.5222748953373));
#4756=CARTESIAN_POINT('Ctrl Pts',(4.20615482452161,396.083603660917,12.4428780945685));
#4757=CARTESIAN_POINT('Ctrl Pts',(3.28528332603635,394.726194853429,12.3634812937998));
#4758=CARTESIAN_POINT('Ctrl Pts',(1.64542426716336,394.763947395368,12.284084493031));
#4759=CARTESIAN_POINT('Ctrl Pts',(0.787995321028253,396.16229591764,12.2046876922623));
#4760=CARTESIAN_POINT('Ctrl Pts',(1.49803893760612,397.640944303819,12.1252908914935));
#4761=CARTESIAN_POINT('Ctrl Pts',(3.12545532395356,397.846075707673,12.0458940907248));
#4762=CARTESIAN_POINT('Ctrl Pts',(4.18021903502468,396.589876479362,11.966497289956));
#4763=CARTESIAN_POINT('Ctrl Pts',(3.6966123963554,395.022494073427,11.8871004891872));
#4764=CARTESIAN_POINT('Ctrl Pts',(2.11741465181675,394.578988187283,11.8077036884185));
#4765=CARTESIAN_POINT('Ctrl Pts',(0.88850335423694,395.665422727456,11.7283068876497));
#4766=CARTESIAN_POINT('Ctrl Pts',(1.13504174914858,397.28708292837,11.6489100868809));
#4767=CARTESIAN_POINT('Ctrl Pts',(2.63130488707155,397.959213577503,11.5695132861122));
#4768=CARTESIAN_POINT('Ctrl Pts',(4.00734825551913,397.066427132969,11.4901164853434));
#4769=CARTESIAN_POINT('Ctrl Pts',(4.00329782984775,395.426138566461,11.4107196845747));
#4770=CARTESIAN_POINT('Ctrl Pts',(2.62286208767074,394.540158798502,11.3313228838059));
#4771=CARTESIAN_POINT('Ctrl Pts',(1.12993661128403,395.219670762517,11.2519260830372));
#4772=CARTESIAN_POINT('Ctrl Pts',(0.891410025924896,396.842528752372,11.1725292822684));
#4773=CARTESIAN_POINT('Ctrl Pts',(2.12567185085637,397.922880887557,11.0931324814996));
#4774=CARTESIAN_POINT('Ctrl Pts',(3.70266001835836,397.471581313501,11.0137356807309));
#4775=CARTESIAN_POINT('Ctrl Pts',(4.17852001620161,395.901829661745,10.9343388799621));
#4776=CARTESIAN_POINT('Ctrl Pts',(3.11756524426825,394.65085485401,10.8549420791934));
#4777=CARTESIAN_POINT('Ctrl Pts',(1.49118178113583,394.86402099118,10.7755452784246));
#4778=CARTESIAN_POINT('Ctrl Pts',(0.788449330494131,396.346157989221,10.6961484776558));
#4779=CARTESIAN_POINT('Ctrl Pts',(1.65277379136093,397.740254940263,10.6167516768871));
#4780=CARTESIAN_POINT('Ctrl Pts',(3.29279924468847,397.769908301431,10.5373548761183));
#4781=CARTESIAN_POINT('Ctrl Pts',(4.20695586777355,396.407968275329,10.4579580753496));
#4782=CARTESIAN_POINT('Ctrl Pts',(3.55826221823261,394.901395875727,10.3785612745808));
#4783=CARTESIAN_POINT('Ctrl Pts',(1.94064835204677,394.629575204648,10.2991644738121));
#4784=CARTESIAN_POINT('Ctrl Pts',(0.835162834054119,395.841377672751,10.2197676730433));
#4785=CARTESIAN_POINT('Ctrl Pts',(1.25396715785744,397.427307510314,10.1403708722745));
#4786=CARTESIAN_POINT('Ctrl Pts',(2.81360489093476,397.93531697087,10.0609740715058));
#4787=CARTESIAN_POINT('Ctrl Pts',(4.08612577032319,396.900297883948,9.98157727073701));
#4788=CARTESIAN_POINT('Ctrl Pts',(3.9063989600897,395.26986089112,9.90218046996826));
#4789=CARTESIAN_POINT('Ctrl Pts',(2.43906280043824,394.536859584435,9.8227836691995));
#4790=CARTESIAN_POINT('Ctrl Pts',(1.0273965058303,395.372280150249,9.74338686843075));
#4791=CARTESIAN_POINT('Ctrl Pts',(0.964274124966573,397.011516077126,9.66399006766198));
#4792=CARTESIAN_POINT('Ctrl Pts',(2.30666702120508,397.953120361012,9.58459326689323));
#4793=CARTESIAN_POINT('Ctrl Pts',(3.82725311921307,397.336316984806,9.50519646612446));
#4794=CARTESIAN_POINT('Ctrl Pts',(4.13002322694131,395.723289086492,9.42579966535571));
#4795=CARTESIAN_POINT('Ctrl Pts',(3.34046591753199,394.973596689535,9.3728684648432));
#4796=CARTESIAN_POINT('Ctrl Pts',(2.87453758241522,394.849034275769,9.34640286458695));
#4797=CARTESIAN_POINT('Ctrl Pts',(3.66913659442512,397.256960090359,14.560792264546));
#4798=CARTESIAN_POINT('Ctrl Pts',(4.0040278985558,396.868132685418,14.5343266642898));
#4799=CARTESIAN_POINT('Ctrl Pts',(4.24862481588096,395.735770985136,14.4813954637773));
#4800=CARTESIAN_POINT('Ctrl Pts',(3.0154395127084,394.499374321209,14.4019986630085));
#4801=CARTESIAN_POINT('Ctrl Pts',(1.30900205297056,394.868799139427,14.3226018622398));
#4802=CARTESIAN_POINT('Ctrl Pts',(0.693496265877278,396.501293428799,14.243205061471));
#4803=CARTESIAN_POINT('Ctrl Pts',(1.73173430329368,397.904401015344,14.1638082607022));
#4804=CARTESIAN_POINT('Ctrl Pts',(3.47349201350457,397.792448359362,14.0844114599335));
#4805=CARTESIAN_POINT('Ctrl Pts',(4.32388886173252,396.268418294939,14.0050146591647));
#4806=CARTESIAN_POINT('Ctrl Pts',(3.50439959481067,394.727452899444,13.925617858396));
#4807=CARTESIAN_POINT('Ctrl Pts',(1.76529312349023,394.58053073297,13.8462210576272));
#4808=CARTESIAN_POINT('Ctrl Pts',(0.698873079943068,395.962120861598,13.7668242568585));
#4809=CARTESIAN_POINT('Ctrl Pts',(1.28152131081874,397.607293997045,13.6874274560897));
#4810=CARTESIAN_POINT('Ctrl Pts',(2.97978214051644,398.009756130701,13.6080306553209));
#4811=CARTESIAN_POINT('Ctrl Pts',(4.23876478148886,396.801027187388,13.5286338545522));
#4812=CARTESIAN_POINT('Ctrl Pts',(3.90577418475063,395.08778951466,13.4492370537834));
#4813=CARTESIAN_POINT('Ctrl Pts',(2.28568857890936,394.438645698326,13.3698402530147));
#4814=CARTESIAN_POINT('Ctrl Pts',(0.861821696559876,395.447936532686,13.2904434522459));
#4815=CARTESIAN_POINT('Ctrl Pts',(0.937833598418511,397.191578522032,13.2110466514771));
#4816=CARTESIAN_POINT('Ctrl Pts',(2.44412955556549,398.073132585895,13.1316498507084));
#4817=CARTESIAN_POINT('Ctrl Pts',(4.00157921542048,397.285467919195,13.0522530499396));
#4818=CARTESIAN_POINT('Ctrl Pts',(4.18421708593036,395.549752358282,12.9728562491709));
#4819=CARTESIAN_POINT('Ctrl Pts',(2.82482408085685,394.455167622238,12.8934594484021));
#4820=CARTESIAN_POINT('Ctrl Pts',(1.1680295326451,395.003890605099,12.8140626476333));
#4821=CARTESIAN_POINT('Ctrl Pts',(0.730756862536887,396.693523021249,12.7346658468646));
#4822=CARTESIAN_POINT('Ctrl Pts',(1.91336298659121,397.977075841971,12.6552690460958));
#4823=CARTESIAN_POINT('Ctrl Pts',(3.63308062323317,397.679357285956,12.5758722453271));
#4824=CARTESIAN_POINT('Ctrl Pts',(4.31537540115171,396.072951694377,12.4964754445583));
#4825=CARTESIAN_POINT('Ctrl Pts',(3.33555373318521,394.628647506384,12.4170786437896));
#4826=CARTESIAN_POINT('Ctrl Pts',(1.59071806291212,394.668816801093,12.3376818430208));
#4827=CARTESIAN_POINT('Ctrl Pts',(0.678400262277848,396.156681485519,12.258285042252));
#4828=CARTESIAN_POINT('Ctrl Pts',(1.43389776857344,397.729986480262,12.1788882414833));
#4829=CARTESIAN_POINT('Ctrl Pts',(3.16549424079555,397.948249500245,12.0994914407145));
#4830=CARTESIAN_POINT('Ctrl Pts',(4.28777931574055,396.611633886442,12.0200946399458));
#4831=CARTESIAN_POINT('Ctrl Pts',(3.77321429323736,394.943914507734,11.940697839177));
#4832=CARTESIAN_POINT('Ctrl Pts',(2.09292320957584,394.472017312707,11.8613010384082));
#4833=CARTESIAN_POINT('Ctrl Pts',(0.785342380591377,395.628000644844,11.7819042376395));
#4834=CARTESIAN_POINT('Ctrl Pts',(1.04766308626796,397.353472445793,11.7025074368707));
#4835=CARTESIAN_POINT('Ctrl Pts',(2.63971045219037,398.068629962133,11.623110636102));
#4836=CARTESIAN_POINT('Ctrl Pts',(4.10384210430941,397.118691230552,11.5437138353332));
#4837=CARTESIAN_POINT('Ctrl Pts',(4.09953238808533,395.373398557441,11.4643170345644));
#4838=CARTESIAN_POINT('Ctrl Pts',(2.63072718166368,394.430702236126,11.3849202337957));
#4839=CARTESIAN_POINT('Ctrl Pts',(1.0422311397848,395.153713586873,11.3055234330269));
#4840=CARTESIAN_POINT('Ctrl Pts',(0.78843512469977,396.880459853977,11.2261266322582));
#4841=CARTESIAN_POINT('Ctrl Pts',(2.10170899841723,398.029971412137,11.1467298314894));
#4842=CARTESIAN_POINT('Ctrl Pts',(3.77964905757519,397.549781611354,11.0673330307206));
#4843=CARTESIAN_POINT('Ctrl Pts',(4.28597153315648,395.879541318059,10.9879362299519));
#4844=CARTESIAN_POINT('Ctrl Pts',(3.15709907268537,394.548484569408,10.9085394291831));
#4845=CARTESIAN_POINT('Ctrl Pts',(1.42660164690903,394.775296671227,10.8291426284144));
#4846=CARTESIAN_POINT('Ctrl Pts',(0.678883335445888,396.352313603518,10.7497458276456));
#4847=CARTESIAN_POINT('Ctrl Pts',(1.59853807153425,397.835654549701,10.6703490268769));
#4848=CARTESIAN_POINT('Ctrl Pts',(3.34355078810779,397.867206189478,10.5909522261081));
#4849=CARTESIAN_POINT('Ctrl Pts',(4.31622772369239,396.418080714055,10.5115554253393));
#4850=CARTESIAN_POINT('Ctrl Pts',(3.62600754124784,394.815064132569,10.4321586245706));
#4851=CARTESIAN_POINT('Ctrl Pts',(1.90484110369485,394.525842689878,10.3527618238018));
#4852=CARTESIAN_POINT('Ctrl Pts',(0.728587233383867,395.815219456882,10.2733650230331));
#4853=CARTESIAN_POINT('Ctrl Pts',(1.17420157998439,397.502673592747,10.1939682222643));
#4854=CARTESIAN_POINT('Ctrl Pts',(2.8336805057205,398.043203599162,10.1145714214955));
#4855=CARTESIAN_POINT('Ctrl Pts',(4.187662611384,396.941927112928,10.0351746207268));
#4856=CARTESIAN_POINT('Ctrl Pts',(3.9964304760959,395.207116668197,9.95577781995803));
#4857=CARTESIAN_POINT('Ctrl Pts',(2.43516186719425,394.427191820791,9.87638101918927));
#4858=CARTESIAN_POINT('Ctrl Pts',(0.933126864840469,395.316092360764,9.79698421842052));
#4859=CARTESIAN_POINT('Ctrl Pts',(0.865963664974205,397.060265008853,9.71758741765175));
#4860=CARTESIAN_POINT('Ctrl Pts',(2.29429068869287,398.062146684548,9.638190616883));
#4861=CARTESIAN_POINT('Ctrl Pts',(3.91221806432302,397.405858251388,9.55879381611424));
#4862=CARTESIAN_POINT('Ctrl Pts',(4.23437019135991,395.689571355332,9.47939701534548));
#4863=CARTESIAN_POINT('Ctrl Pts',(3.39426887306185,394.891886926987,9.42646581483297));
#4864=CARTESIAN_POINT('Ctrl Pts',(2.89851384185727,394.759350571782,9.40000021457672));
#4865=CARTESIAN_POINT('Ctrl Pts',(1.23745553740915,396.250290447936,9.59341988819613));
#4866=CARTESIAN_POINT('Ctrl Pts',(1.23786984999976,396.02285885124,9.60767731494783));
#4867=CARTESIAN_POINT('Ctrl Pts',(1.29645520135218,395.79521480069,9.62193474169952));
#4868=CARTESIAN_POINT('Ctrl Pts',(1.41191714385291,395.601472707046,9.63619216845121));
#4869=CARTESIAN_POINT('Ctrl Pts',(1.62624541418206,395.241835523388,9.66265776870746));
#4870=CARTESIAN_POINT('Ctrl Pts',(2.03655504055414,394.999015317556,9.68912336896371));
#4871=CARTESIAN_POINT('Ctrl Pts',(2.45495506393202,394.984130918847,9.71558896921997));
#4872=CARTESIAN_POINT('Ctrl Pts',(2.87335508730991,394.969246520137,9.74205456947622));
#4873=CARTESIAN_POINT('Ctrl Pts',(3.29984550769361,395.182297928551,9.76852016973247));
#4874=CARTESIAN_POINT('Ctrl Pts',(3.53921007790618,395.525771980928,9.79498576998873));
#4875=CARTESIAN_POINT('Ctrl Pts',(3.77857464811874,395.869246033305,9.82145137024498));
#4876=CARTESIAN_POINT('Ctrl Pts',(3.83081336816017,396.343142729646,9.84791697050123));
#4877=CARTESIAN_POINT('Ctrl Pts',(3.67199965704117,396.730508459199,9.87438257075748));
#4878=CARTESIAN_POINT('Ctrl Pts',(3.51318594592216,397.117874188752,9.90084817101373));
#4879=CARTESIAN_POINT('Ctrl Pts',(3.14331980364273,397.418708951518,9.92731377126999));
#4880=CARTESIAN_POINT('Ctrl Pts',(2.73172750787638,397.495298271429,9.95377937152624));
#4881=CARTESIAN_POINT('Ctrl Pts',(2.32013521211003,397.571887591339,9.9802449717825));
#4882=CARTESIAN_POINT('Ctrl Pts',(1.86681676285677,397.424231468394,10.0067105720387));
#4883=CARTESIAN_POINT('Ctrl Pts',(1.57929349186199,397.119923200095,10.033176172295));
#4884=CARTESIAN_POINT('Ctrl Pts',(1.36113016430898,396.889023961281,10.0532574109287));
#4885=CARTESIAN_POINT('Ctrl Pts',(1.23841979515908,396.567935665877,10.0733386495624));
#4886=CARTESIAN_POINT('Ctrl Pts',(1.23550638435,396.248842581122,10.0934198881961));
#4887=CARTESIAN_POINT('Ctrl Pts',(2.10148615814286,394.759350571782,14.4000002145767));
#4888=CARTESIAN_POINT('Ctrl Pts',(1.60573112693827,394.891886926987,14.3735346143205));
#4889=CARTESIAN_POINT('Ctrl Pts',(0.765629711243624,395.689570510744,14.320603413808));
#4890=CARTESIAN_POINT('Ctrl Pts',(1.08778201664042,397.405858215031,14.2412066130392));
#4891=CARTESIAN_POINT('Ctrl Pts',(2.70570929488847,398.062146424808,14.1618098122704));
#4892=CARTESIAN_POINT('Ctrl Pts',(4.13403621058455,397.060264995808,14.0824130115017));
#4893=CARTESIAN_POINT('Ctrl Pts',(4.06687303317026,395.316092397968,14.0030162107329));
#4894=CARTESIAN_POINT('Ctrl Pts',(2.56483812339579,394.42719196049,13.9236194099642));
#4895=CARTESIAN_POINT('Ctrl Pts',(1.00356963085378,395.207116733916,13.8442226091954));
#4896=CARTESIAN_POINT('Ctrl Pts',(0.812337504260189,396.941927068193,13.7648258084266));
#4897=CARTESIAN_POINT('Ctrl Pts',(2.16631951841187,398.043203472799,13.6854290076579));
#4898=CARTESIAN_POINT('Ctrl Pts',(3.82579832733637,397.502673506502,13.6060322068891));
#4899=CARTESIAN_POINT('Ctrl Pts',(4.27141264373301,395.81521948669,13.5266354061204));
#4900=CARTESIAN_POINT('Ctrl Pts',(3.09515885478714,394.525842809953,13.4472386053516));
#4901=CARTESIAN_POINT('Ctrl Pts',(1.37399253710818,394.815064232226,13.3678418045829));
#4902=CARTESIAN_POINT('Ctrl Pts',(0.683772402538194,396.41808070242,13.2884450038141));
#4903=CARTESIAN_POINT('Ctrl Pts',(1.65644927055684,397.867206077022,13.2090482030453));
#4904=CARTESIAN_POINT('Ctrl Pts',(3.40146186578421,397.835654439475,13.1296514022766));
#4905=CARTESIAN_POINT('Ctrl Pts',(4.32111653795084,396.352313596399,13.0502546015078));
#4906=CARTESIAN_POINT('Ctrl Pts',(3.57339827846356,394.775296773754,12.9708578007391));
#4907=CARTESIAN_POINT('Ctrl Pts',(1.84290097299903,394.5484846877,12.8914609999703));
#4908=CARTESIAN_POINT('Ctrl Pts',(0.71402859100774,395.879541343815,12.8120641992015));
#4909=CARTESIAN_POINT('Ctrl Pts',(1.22035103138909,397.549781520989,12.7326673984328));
#4910=CARTESIAN_POINT('Ctrl Pts',(2.89829097389237,398.02997128839,12.653270597664));
#4911=CARTESIAN_POINT('Ctrl Pts',(4.21156475630838,396.880459810146,12.5738737968953));
#4912=CARTESIAN_POINT('Ctrl Pts',(3.95776875886787,395.153713663089,12.4944769961265));
#4913=CARTESIAN_POINT('Ctrl Pts',(2.36927282742496,394.430702362608,12.4150801953577));
#4914=CARTESIAN_POINT('Ctrl Pts',(0.900467723117857,395.373398618384,12.335683394589));
#4915=CARTESIAN_POINT('Ctrl Pts',(0.896158007193253,397.118691170158,12.2562865938202));
#4916=CARTESIAN_POINT('Ctrl Pts',(2.36028955752245,398.068629835698,12.1768897930515));
#4917=CARTESIAN_POINT('Ctrl Pts',(3.95233681276218,397.353472369077,12.0974929922827));
#4918=CARTESIAN_POINT('Ctrl Pts',(4.21465750020179,395.628000688087,12.018096191514));
#4919=CARTESIAN_POINT('Ctrl Pts',(2.90707676212342,394.472017436317,11.9386993907452));
#4920=CARTESIAN_POINT('Ctrl Pts',(1.22678579527951,394.943914598535,11.8593025899764));
#4921=CARTESIAN_POINT('Ctrl Pts',(0.712220808549883,396.6116338613,11.7799057892077));
#4922=CARTESIAN_POINT('Ctrl Pts',(1.83450580547096,397.948249382178,11.7005089884389));
#4923=CARTESIAN_POINT('Ctrl Pts',(3.56610215730858,397.72998637737,11.6211121876702));
#4924=CARTESIAN_POINT('Ctrl Pts',(4.32159961108042,396.156681492007,11.5417153869014));
#4925=CARTESIAN_POINT('Ctrl Pts',(3.40928187387268,394.668816911021,11.4623185861326));
#4926=CARTESIAN_POINT('Ctrl Pts',(1.66444632490453,394.628647619104,11.3829217853639));
#4927=CARTESIAN_POINT('Ctrl Pts',(0.684624725057319,396.072951706685,11.3035249845951));
#4928=CARTESIAN_POINT('Ctrl Pts',(1.36691945554102,397.679357186583,11.2241281838264));
#4929=CARTESIAN_POINT('Ctrl Pts',(3.08663697262428,397.977075721901,11.1447313830576));
#4930=CARTESIAN_POINT('Ctrl Pts',(4.2692430144613,396.693522990415,11.0653345822889));
#4931=CARTESIAN_POINT('Ctrl Pts',(3.83197037475338,395.003890691731,10.9859377815201));
#4932=CARTESIAN_POINT('Ctrl Pts',(2.17517594172589,394.455167747019,10.9065409807513));
#4933=CARTESIAN_POINT('Ctrl Pts',(0.815783031160189,395.549752406964,10.8271441799826));
#4934=CARTESIAN_POINT('Ctrl Pts',(0.998420888972822,397.285467847209,10.7477473792138));
#4935=CARTESIAN_POINT('Ctrl Pts',(2.55587044054971,398.073132459143,10.6683505784451));
#4936=CARTESIAN_POINT('Ctrl Pts',(4.06216629297674,397.191578456579,10.5889537776763));
#4937=CARTESIAN_POINT('Ctrl Pts',(4.13817818954915,395.447936588432,10.5095569769075));
#4938=CARTESIAN_POINT('Ctrl Pts',(2.71431140619327,394.438645824286,10.4301601761388));
#4939=CARTESIAN_POINT('Ctrl Pts',(1.09422591297945,395.087789595396,10.35076337537));
#4940=CARTESIAN_POINT('Ctrl Pts',(0.761235339396698,396.801027149206,10.2713665746013));
#4941=CARTESIAN_POINT('Ctrl Pts',(2.02021789283921,398.009756008108,10.1919697738325));
#4942=CARTESIAN_POINT('Ctrl Pts',(3.71847860445596,397.607293903182,10.1125729730638));
#4943=CARTESIAN_POINT('Ctrl Pts',(4.30112679489542,395.962120880629,10.033176172295));
#4944=CARTESIAN_POINT('Ctrl Pts',(3.23470682524812,394.580530850963,9.95377937152623));
#4945=CARTESIAN_POINT('Ctrl Pts',(1.49560047552325,394.727453001561,9.87438257075748));
#4946=CARTESIAN_POINT('Ctrl Pts',(0.676111263653012,396.268418300906,9.79498576998872));
#4947=CARTESIAN_POINT('Ctrl Pts',(1.52650805743421,397.792448238648,9.71558896921996));
#4948=CARTESIAN_POINT('Ctrl Pts',(3.26826563340943,397.904400927143,9.6361921684512));
#4949=CARTESIAN_POINT('Ctrl Pts',(4.30650362396504,396.501293369461,9.55679536768244));
#4950=CARTESIAN_POINT('Ctrl Pts',(3.69099778711519,394.868799344761,9.47739856691368));
#4951=CARTESIAN_POINT('Ctrl Pts',(1.98456053369454,394.499374396865,9.39800176614493));
#4952=CARTESIAN_POINT('Ctrl Pts',(0.751374627773409,395.735771628015,9.31860496537616));
#4953=CARTESIAN_POINT('Ctrl Pts',(0.995972101444136,396.868132685418,9.26567376486366));
#4954=CARTESIAN_POINT('Ctrl Pts',(1.33086340557478,397.256960090359,9.23920816460741));
#4955=CARTESIAN_POINT('Ctrl Pts',(2.12546241758491,394.849034275769,14.4535975645665));
#4956=CARTESIAN_POINT('Ctrl Pts',(1.65953408246813,394.973596689535,14.4271319643102));
#4957=CARTESIAN_POINT('Ctrl Pts',(0.869976681522012,395.723288292718,14.3742007637977));
#4958=CARTESIAN_POINT('Ctrl Pts',(1.17274695687927,397.336316950636,14.294803963029));
#4959=CARTESIAN_POINT('Ctrl Pts',(2.69333296336406,397.953120116899,14.2154071622602));
#4960=CARTESIAN_POINT('Ctrl Pts',(4.03572575807908,397.011516064866,14.1360103614915));
#4961=CARTESIAN_POINT('Ctrl Pts',(3.97260339831653,395.372280185214,14.0566135607227));
#4962=CARTESIAN_POINT('Ctrl Pts',(2.56093719071795,394.536859715729,13.9772167599539));
#4963=CARTESIAN_POINT('Ctrl Pts',(1.09360114042545,395.269860952884,13.8978199591852));
#4964=CARTESIAN_POINT('Ctrl Pts',(0.91387433836335,396.900297841904,13.8184231584164));
#4965=CARTESIAN_POINT('Ctrl Pts',(2.18639513174569,397.935316852109,13.7390263576477));
#4966=CARTESIAN_POINT('Ctrl Pts',(3.74603275503929,397.427307429258,13.6596295568789));
#4967=CARTESIAN_POINT('Ctrl Pts',(4.16483705045592,395.841377700766,13.5802327561102));
#4968=CARTESIAN_POINT('Ctrl Pts',(3.05935160893314,394.629575317499,13.5008359553414));
#4969=CARTESIAN_POINT('Ctrl Pts',(1.4417378554092,394.901395969389,13.4214391545726));
#4970=CARTESIAN_POINT('Ctrl Pts',(0.793044250862478,396.407968264394,13.3420423538039));
#4971=CARTESIAN_POINT('Ctrl Pts',(1.70720081044664,397.769908195741,13.2626455530351));
#4972=CARTESIAN_POINT('Ctrl Pts',(3.3472261497287,397.740254836668,13.1832487522664));
#4973=CARTESIAN_POINT('Ctrl Pts',(4.21155055051959,396.346157982531,13.1038519514976));
#4974=CARTESIAN_POINT('Ctrl Pts',(3.50881814872667,394.864021087539,13.0244551507288));
#4975=CARTESIAN_POINT('Ctrl Pts',(1.8824347986676,394.650854965185,12.9450583499601));
#4976=CARTESIAN_POINT('Ctrl Pts',(0.821480100492369,395.901829685951,12.8656615491913));
#4977=CARTESIAN_POINT('Ctrl Pts',(1.29734006525345,397.471581228573,12.7862647484225));
#4978=CARTESIAN_POINT('Ctrl Pts',(2.87432812311919,397.922880771255,12.7068679476538));
#4979=CARTESIAN_POINT('Ctrl Pts',(4.1085898622423,396.842528711178,12.627471146885));
#4980=CARTESIAN_POINT('Ctrl Pts',(3.87006329346612,395.219670834148,12.5480743461163));
#4981=CARTESIAN_POINT('Ctrl Pts',(2.3771379208711,394.540158917374,12.4686775453475));
#4982=CARTESIAN_POINT('Ctrl Pts',(0.996702274664993,395.426138623737,12.3892807445788));
#4983=CARTESIAN_POINT('Ctrl Pts',(0.992651849275056,397.066427076209,12.30988394381));
#4984=CARTESIAN_POINT('Ctrl Pts',(2.3686951220569,397.959213458674,12.2304871430413));
#4985=CARTESIAN_POINT('Ctrl Pts',(3.86495815595633,397.28708285627,12.1510903422725));
#4986=CARTESIAN_POINT('Ctrl Pts',(4.11149653372821,395.665422768097,12.0716935415037));
#4987=CARTESIAN_POINT('Ctrl Pts',(2.88258532158522,394.578988303456,11.992296740735));
#4988=CARTESIAN_POINT('Ctrl Pts',(1.30338768683593,395.022494158766,11.9128999399662));
#4989=CARTESIAN_POINT('Ctrl Pts',(0.819781081787917,396.589876455733,11.8335031391975));
#4990=CARTESIAN_POINT('Ctrl Pts',(1.87454471952935,397.846075596709,11.7541063384287));
#4991=CARTESIAN_POINT('Ctrl Pts',(3.50196099273514,397.640944207118,11.6747095376599));
#4992=CARTESIAN_POINT('Ctrl Pts',(4.21200455994931,396.162295923737,11.5953127368912));
#4993=CARTESIAN_POINT('Ctrl Pts',(3.35457567342474,394.763947498681,11.5159159361224));
#4994=CARTESIAN_POINT('Ctrl Pts',(1.71471672855847,394.726194959368,11.4365191353537));
#4995=CARTESIAN_POINT('Ctrl Pts',(0.79384529409416,396.083603672485,11.3571223345849));
#4996=CARTESIAN_POINT('Ctrl Pts',(1.43509032001106,397.593361080197,11.2777255338161));
#4997=CARTESIAN_POINT('Ctrl Pts',(3.05134243884249,397.873167623272,11.1983287330474));
#4998=CARTESIAN_POINT('Ctrl Pts',(4.1627979551553,396.666838792353,11.1189319322786));
#4999=CARTESIAN_POINT('Ctrl Pts',(3.75183346627016,395.078861839355,11.0395351315099));
#5000=CARTESIAN_POINT('Ctrl Pts',(2.19471871559268,394.563152361937,10.9601383307411));
#5001=CARTESIAN_POINT('Ctrl Pts',(0.917112567954722,395.591882230827,10.8807415299724));
#5002=CARTESIAN_POINT('Ctrl Pts',(1.08876216838977,397.223169770854,10.8013447292036));
#5003=CARTESIAN_POINT('Ctrl Pts',(2.55250904117768,397.963445185461,10.7219479284348));
#5004=CARTESIAN_POINT('Ctrl Pts',(3.96817983529819,397.13492915864,10.6425511276661));
#5005=CARTESIAN_POINT('Ctrl Pts',(4.03961853826606,395.496192077765,10.5631543268973));
#5006=CARTESIAN_POINT('Ctrl Pts',(2.70141753567592,394.547624467176,10.4837575261286));
#5007=CARTESIAN_POINT('Ctrl Pts',(1.17880316146406,395.157713034083,10.4043607253598));
#5008=CARTESIAN_POINT('Ctrl Pts',(0.8658466934641,396.767875051333,10.324963924591));
#5009=CARTESIAN_POINT('Ctrl Pts',(2.04908359101252,397.903881726782,10.2455671238223));
#5010=CARTESIAN_POINT('Ctrl Pts',(3.64516983553373,397.525633425317,10.1661703230535));
#5011=CARTESIAN_POINT('Ctrl Pts',(4.19276347401005,395.979440892455,10.0867735222848));
#5012=CARTESIAN_POINT('Ctrl Pts',(3.19050378985568,394.680973097238,10.007376721516));
#5013=CARTESIAN_POINT('Ctrl Pts',(1.55602935164484,394.819055796779,9.92797992074724));
#5014=CARTESIAN_POINT('Ctrl Pts',(0.785844038134029,396.267310178892,9.84858311997849));
#5015=CARTESIAN_POINT('Ctrl Pts',(1.58507740416235,397.699648101585,9.76918631920973));
#5016=CARTESIAN_POINT('Ctrl Pts',(3.22204355976403,397.804865248118,9.68978951844097));
#5017=CARTESIAN_POINT('Ctrl Pts',(4.19781681055518,396.486174509362,9.61039271767222));
#5018=CARTESIAN_POINT('Ctrl Pts',(3.619342379098,394.951898152815,9.53099591690345));
#5019=CARTESIAN_POINT('Ctrl Pts',(2.01557152772481,394.604699354841,9.4515991161347));
#5020=CARTESIAN_POINT('Ctrl Pts',(0.856579243492811,395.766709757546,9.37220231536593));
#5021=CARTESIAN_POINT('Ctrl Pts',(1.08646071016045,396.830943237829,9.31927111485343));
#5022=CARTESIAN_POINT('Ctrl Pts',(1.40120355280904,397.196377159885,9.29280551459718));
#5023=CARTESIAN_POINT('Ctrl Pts',(2.14943867702695,394.938717979757,14.5071949145563));
#5024=CARTESIAN_POINT('Ctrl Pts',(1.71333703799798,395.055306452083,14.4807293143));
#5025=CARTESIAN_POINT('Ctrl Pts',(0.9743236518004,395.757006074692,14.4277981137875));
#5026=CARTESIAN_POINT('Ctrl Pts',(1.25771189711811,397.26677568624,14.3484013130187));
#5027=CARTESIAN_POINT('Ctrl Pts',(2.68095663183966,397.84409380899,14.26900451225));
#5028=CARTESIAN_POINT('Ctrl Pts',(3.93741530557362,396.962767133924,14.1896077114812));
#5029=CARTESIAN_POINT('Ctrl Pts',(3.8783337634628,395.428467972461,14.1102109107125));
#5030=CARTESIAN_POINT('Ctrl Pts',(2.55703625804012,394.646527470969,14.0308141099437));
#5031=CARTESIAN_POINT('Ctrl Pts',(1.18363264999711,395.332605171853,13.951417309175));
#5032=CARTESIAN_POINT('Ctrl Pts',(1.01541117246651,396.858668615615,13.8720205084062));
#5033=CARTESIAN_POINT('Ctrl Pts',(2.20647074507951,397.827430231419,13.7926237076374));
#5034=CARTESIAN_POINT('Ctrl Pts',(3.66626718274221,397.351941352015,13.7132269068687));
#5035=CARTESIAN_POINT('Ctrl Pts',(4.05826145717883,395.867535914842,13.6338301060999));
#5036=CARTESIAN_POINT('Ctrl Pts',(3.02354436307913,394.733307825044,13.5544333053312));
#5037=CARTESIAN_POINT('Ctrl Pts',(1.50948317371021,394.987727706551,13.4750365045624));
#5038=CARTESIAN_POINT('Ctrl Pts',(0.902316099186761,396.397855826367,13.3956397037936));
#5039=CARTESIAN_POINT('Ctrl Pts',(1.75795235033645,397.672610314459,13.3162429030249));
#5040=CARTESIAN_POINT('Ctrl Pts',(3.2929904336732,397.644855233861,13.2368461022561));
#5041=CARTESIAN_POINT('Ctrl Pts',(4.10198456308832,396.340002368662,13.1574493014874));
#5042=CARTESIAN_POINT('Ctrl Pts',(3.44423801898978,394.952745401324,13.0780525007186));
#5043=CARTESIAN_POINT('Ctrl Pts',(1.92196862433616,394.753225242669,12.9986556999498));
#5044=CARTESIAN_POINT('Ctrl Pts',(0.928931609976999,395.924118028087,12.9192588991811));
#5045=CARTESIAN_POINT('Ctrl Pts',(1.37432909911781,397.393380936157,12.8398620984123));
#5046=CARTESIAN_POINT('Ctrl Pts',(2.85036527234601,397.81579025412,12.7604652976436));
#5047=CARTESIAN_POINT('Ctrl Pts',(4.00561496817621,396.804597612209,12.6810684968748));
#5048=CARTESIAN_POINT('Ctrl Pts',(3.78235782806438,395.285628005206,12.6016716961061));
#5049=CARTESIAN_POINT('Ctrl Pts',(2.38500301431724,394.649615472141,12.5222748953373));
#5050=CARTESIAN_POINT('Ctrl Pts',(1.09293682621213,395.478878629091,12.4428780945685));
#5051=CARTESIAN_POINT('Ctrl Pts',(1.08914569135686,397.01416298226,12.3634812937998));
#5052=CARTESIAN_POINT('Ctrl Pts',(2.37710068659135,397.849797081651,12.284084493031));
#5053=CARTESIAN_POINT('Ctrl Pts',(3.77757949915048,397.220693343462,12.2046876922623));
#5054=CARTESIAN_POINT('Ctrl Pts',(4.00833556725464,395.702844848107,12.1252908914935));
#5055=CARTESIAN_POINT('Ctrl Pts',(2.85809388104701,394.685959170595,12.0458940907247));
#5056=CARTESIAN_POINT('Ctrl Pts',(1.37998957839235,395.101073718997,11.966497289956));
#5057=CARTESIAN_POINT('Ctrl Pts',(0.927341355025948,396.568119050165,11.8871004891872));
#5058=CARTESIAN_POINT('Ctrl Pts',(1.91458363358775,397.74390181124,11.8077036884185));
#5059=CARTESIAN_POINT('Ctrl Pts',(3.4378198281617,397.551902036866,11.7283068876497));
#5060=CARTESIAN_POINT('Ctrl Pts',(4.1024095088182,396.167910355466,11.6489100868809));
#5061=CARTESIAN_POINT('Ctrl Pts',(3.2998694729768,394.859078086342,11.5695132861122));
#5062=CARTESIAN_POINT('Ctrl Pts',(1.76498713221242,394.823742299631,11.4901164853434));
#5063=CARTESIAN_POINT('Ctrl Pts',(0.903065863131001,396.094255638285,11.4107196845747));
#5064=CARTESIAN_POINT('Ctrl Pts',(1.5032611844811,397.50736497381,11.3313228838059));
#5065=CARTESIAN_POINT('Ctrl Pts',(3.01604790506071,397.769259524644,11.2519260830371));
#5066=CARTESIAN_POINT('Ctrl Pts',(4.05635289584929,396.64015459429,11.1725292822684));
#5067=CARTESIAN_POINT('Ctrl Pts',(3.67169655778695,395.153832986979,11.0931324814996));
#5068=CARTESIAN_POINT('Ctrl Pts',(2.21426148945946,394.671136976855,11.0137356807309));
#5069=CARTESIAN_POINT('Ctrl Pts',(1.01844210474926,395.63401205469,10.9343388799621));
#5070=CARTESIAN_POINT('Ctrl Pts',(1.17910344780672,397.160871694498,10.8549420791934));
#5071=CARTESIAN_POINT('Ctrl Pts',(2.54914764180565,397.85375791178,10.7755452784246));
#5072=CARTESIAN_POINT('Ctrl Pts',(3.87419337761963,397.078279860702,10.6961484776559));
#5073=CARTESIAN_POINT('Ctrl Pts',(3.94105888698297,395.544447567098,10.6167516768871));
#5074=CARTESIAN_POINT('Ctrl Pts',(2.68852366515857,394.656603110066,10.5373548761183));
#5075=CARTESIAN_POINT('Ctrl Pts',(1.26338040994866,395.22763647277,10.4579580753496));
#5076=CARTESIAN_POINT('Ctrl Pts',(0.970458047531504,396.73472295346,10.3785612745808));
#5077=CARTESIAN_POINT('Ctrl Pts',(2.07794928918583,397.798007445456,10.2991644738121));
#5078=CARTESIAN_POINT('Ctrl Pts',(3.5718610666115,397.443972947452,10.2197676730433));
#5079=CARTESIAN_POINT('Ctrl Pts',(4.08440015312468,395.996760904282,10.1403708722745));
#5080=CARTESIAN_POINT('Ctrl Pts',(3.14630075446325,394.781415343513,10.0609740715058));
#5081=CARTESIAN_POINT('Ctrl Pts',(1.61645822776641,394.910658591998,9.98157727073701));
#5082=CARTESIAN_POINT('Ctrl Pts',(0.895576812615049,396.266202056878,9.90218046996826));
#5083=CARTESIAN_POINT('Ctrl Pts',(1.64364675089048,397.606847964522,9.8227836691995));
#5084=CARTESIAN_POINT('Ctrl Pts',(3.17582148611863,397.705329569092,9.74338686843074));
#5085=CARTESIAN_POINT('Ctrl Pts',(4.08912999714531,396.471055649264,9.66399006766198));
#5086=CARTESIAN_POINT('Ctrl Pts',(3.54768697108081,395.03499696087,9.58459326689323));
#5087=CARTESIAN_POINT('Ctrl Pts',(2.04658252175507,394.710024312818,9.50519646612446));
#5088=CARTESIAN_POINT('Ctrl Pts',(0.961783859212212,395.797647887076,9.42579966535571));
#5089=CARTESIAN_POINT('Ctrl Pts',(1.17694931887676,396.79375379024,9.3728684648432));
#5090=CARTESIAN_POINT('Ctrl Pts',(1.47154370004331,397.135794229411,9.34640286458695));
#5091=CARTESIAN_POINT('Ctrl Pts',(2.173414936469,395.028401683744,14.560792264546));
#5092=CARTESIAN_POINT('Ctrl Pts',(1.76713999352784,395.137016214631,14.5343266642898));
#5093=CARTESIAN_POINT('Ctrl Pts',(1.07867062207879,395.790723856666,14.4813954637773));
#5094=CARTESIAN_POINT('Ctrl Pts',(1.34267683735696,397.197234421845,14.4019986630085));
#5095=CARTESIAN_POINT('Ctrl Pts',(2.66858030031526,397.735067501082,14.3226018622398));
#5096=CARTESIAN_POINT('Ctrl Pts',(3.83910485306815,396.914018202981,14.243205061471));
#5097=CARTESIAN_POINT('Ctrl Pts',(3.78406412860907,395.484655759708,14.1638082607022));
#5098=CARTESIAN_POINT('Ctrl Pts',(2.55313532536228,394.756195226209,14.0844114599335));
#5099=CARTESIAN_POINT('Ctrl Pts',(1.27366415956878,395.395349390821,14.0050146591647));
#5100=CARTESIAN_POINT('Ctrl Pts',(1.11694800656967,396.817039389326,13.925617858396));
#5101=CARTESIAN_POINT('Ctrl Pts',(2.22654635841334,397.719543610729,13.8462210576272));
#5102=CARTESIAN_POINT('Ctrl Pts',(3.58650161044512,397.276575274771,13.7668242568584));
#5103=CARTESIAN_POINT('Ctrl Pts',(3.95168586390175,395.893694128917,13.6874274560897));
#5104=CARTESIAN_POINT('Ctrl Pts',(2.98773711722512,394.837040332589,13.6080306553209));
#5105=CARTESIAN_POINT('Ctrl Pts',(1.57722849201122,395.074059443714,13.5286338545522));
#5106=CARTESIAN_POINT('Ctrl Pts',(1.01158794751105,396.387743388341,13.4492370537834));
#5107=CARTESIAN_POINT('Ctrl Pts',(1.80870389022625,397.575312433178,13.3698402530147));
#5108=CARTESIAN_POINT('Ctrl Pts',(3.2387547176177,397.549455631054,13.2904434522459));
#5109=CARTESIAN_POINT('Ctrl Pts',(3.99241857565706,396.333846754794,13.2110466514771));
#5110=CARTESIAN_POINT('Ctrl Pts',(3.37965788925288,395.041469715108,13.1316498507084));
#5111=CARTESIAN_POINT('Ctrl Pts',(1.96150245000473,394.855595520153,13.0522530499396));
#5112=CARTESIAN_POINT('Ctrl Pts',(1.03638311946163,395.946406370223,12.9728562491709));
#5113=CARTESIAN_POINT('Ctrl Pts',(1.45131813298217,397.31518064374,12.8934594484021));
#5114=CARTESIAN_POINT('Ctrl Pts',(2.82640242157283,397.708699736985,12.8140626476333));
#5115=CARTESIAN_POINT('Ctrl Pts',(3.90264007411013,396.766666513241,12.7346658468646));
#5116=CARTESIAN_POINT('Ctrl Pts',(3.69465236266263,395.351585176264,12.6552690460958));
#5117=CARTESIAN_POINT('Ctrl Pts',(2.39286810776337,394.759072026907,12.5758722453271));
#5118=CARTESIAN_POINT('Ctrl Pts',(1.18917137775926,395.531618634444,12.4964754445583));
#5119=CARTESIAN_POINT('Ctrl Pts',(1.18563953343866,396.961898888312,12.4170786437896));
#5120=CARTESIAN_POINT('Ctrl Pts',(2.3855062511258,397.740380704627,12.3376818430208));
#5121=CARTESIAN_POINT('Ctrl Pts',(3.69020084234463,397.154303830654,12.258285042252));
#5122=CARTESIAN_POINT('Ctrl Pts',(3.90517460078106,395.740266928117,12.1788882414833));
#5123=CARTESIAN_POINT('Ctrl Pts',(2.83360244050881,394.792930037734,12.0994914407145));
#5124=CARTESIAN_POINT('Ctrl Pts',(1.45659146994877,395.179653279227,12.0200946399457));
#5125=CARTESIAN_POINT('Ctrl Pts',(1.03490162826398,396.546361644598,11.940697839177));
#5126=CARTESIAN_POINT('Ctrl Pts',(1.95462254764614,397.641728025771,11.8613010384082));
#5127=CARTESIAN_POINT('Ctrl Pts',(3.37367866358826,397.462859866614,11.7819042376395));
#5128=CARTESIAN_POINT('Ctrl Pts',(3.99281445768709,396.173524787196,11.7025074368707));
#5129=CARTESIAN_POINT('Ctrl Pts',(3.24516327252886,394.954208674002,11.623110636102));
#5130=CARTESIAN_POINT('Ctrl Pts',(1.81525753586636,394.921289639894,11.5437138353332));
#5131=CARTESIAN_POINT('Ctrl Pts',(1.01228643216784,396.104907604085,11.4643170345644));
#5132=CARTESIAN_POINT('Ctrl Pts',(1.57143204895114,397.421368867424,11.3849202337957));
#5133=CARTESIAN_POINT('Ctrl Pts',(2.98075337127892,397.665351426016,11.3055234330269));
#5134=CARTESIAN_POINT('Ctrl Pts',(3.94990783654329,396.613470396228,11.2261266322582));
#5135=CARTESIAN_POINT('Ctrl Pts',(3.59155964930373,395.228804134604,11.1467298314894));
#5136=CARTESIAN_POINT('Ctrl Pts',(2.23380426332625,394.779121591773,11.0673330307207));
#5137=CARTESIAN_POINT('Ctrl Pts',(1.11977164154379,395.676141878552,10.9879362299519));
#5138=CARTESIAN_POINT('Ctrl Pts',(1.26944472722367,397.098573618144,10.9085394291831));
#5139=CARTESIAN_POINT('Ctrl Pts',(2.54578624243362,397.744070638098,10.8291426284144));
#5140=CARTESIAN_POINT('Ctrl Pts',(3.78020691994108,397.021630562764,10.7497458276456));
#5141=CARTESIAN_POINT('Ctrl Pts',(3.84249923569988,395.59270305643,10.6703490268769));
#5142=CARTESIAN_POINT('Ctrl Pts',(2.67562979464123,394.765581752955,10.5909522261081));
#5143=CARTESIAN_POINT('Ctrl Pts',(1.34795765843327,395.297559911457,10.5115554253393));
#5144=CARTESIAN_POINT('Ctrl Pts',(1.07506940159891,396.701570855587,10.4321586245706));
#5145=CARTESIAN_POINT('Ctrl Pts',(2.10681498735914,397.69213316413,10.3527618238018));
#5146=CARTESIAN_POINT('Ctrl Pts',(3.49855229768927,397.362312469587,10.2733650230331));
#5147=CARTESIAN_POINT('Ctrl Pts',(3.97603683223931,396.014080916108,10.1939682222643));
#5148=CARTESIAN_POINT('Ctrl Pts',(3.10209771907082,394.881857589788,10.1145714214955));
#5149=CARTESIAN_POINT('Ctrl Pts',(1.67688710388799,395.002261387216,10.0351746207268));
#5150=CARTESIAN_POINT('Ctrl Pts',(1.00530958709607,396.265093934864,9.95577781995803));
#5151=CARTESIAN_POINT('Ctrl Pts',(1.70221609761862,397.514047827459,9.87638101918927));
#5152=CARTESIAN_POINT('Ctrl Pts',(3.12959941247323,397.605793890066,9.79698421842051));
#5153=CARTESIAN_POINT('Ctrl Pts',(3.98044318373545,396.455936789166,9.71758741765176));
#5154=CARTESIAN_POINT('Ctrl Pts',(3.47603156306363,395.118095768924,9.63819061688299));
#5155=CARTESIAN_POINT('Ctrl Pts',(2.07759351578534,394.815349270794,9.55879381611424));
#5156=CARTESIAN_POINT('Ctrl Pts',(1.06698847493162,395.828586016607,9.47939701534547));
#5157=CARTESIAN_POINT('Ctrl Pts',(1.26743792759307,396.756564342651,9.42646581483297));
#5158=CARTESIAN_POINT('Ctrl Pts',(1.54188384727757,397.075211298936,9.40000021457672));
#5159=CARTESIAN_POINT('Ctrl Pts',(1.23333205244841,396.250082929104,9.95658054095728));
#5160=CARTESIAN_POINT('Ctrl Pts',(1.23332821127724,396.254315664963,9.95631296729086));
#5161=CARTESIAN_POINT('Ctrl Pts',(1.2333475779322,396.258548363545,9.95604539362444));
#5162=CARTESIAN_POINT('Ctrl Pts',(1.23339025831512,396.262780825688,9.95577781995801));
#5163=CARTESIAN_POINT('Ctrl Pts',(1.23761175727023,396.681411899062,9.92931221970176));
#5164=CARTESIAN_POINT('Ctrl Pts',(1.46991392744442,397.097729863261,9.90284661944551));
#5165=CARTESIAN_POINT('Ctrl Pts',(1.82396223167395,397.321179855795,9.87638101918926));
#5166=CARTESIAN_POINT('Ctrl Pts',(2.17801053590348,397.544629848328,9.849915418933));
#5167=CARTESIAN_POINT('Ctrl Pts',(2.65380497418837,397.575211869197,9.82344981867675));
#5168=CARTESIAN_POINT('Ctrl Pts',(3.03350948854118,397.398860029482,9.7969842184205));
#5169=CARTESIAN_POINT('Ctrl Pts',(3.41321400289399,397.222508189766,9.77051861816424));
#5170=CARTESIAN_POINT('Ctrl Pts',(3.69682859331474,396.839222489466,9.74405301790799));
#5171=CARTESIAN_POINT('Ctrl Pts',(3.7545672850798,396.424606135942,9.71758741765174));
#5172=CARTESIAN_POINT('Ctrl Pts',(3.81230597684487,396.009989782419,9.69112181739549));
#5173=CARTESIAN_POINT('Ctrl Pts',(3.64416876995426,395.564042775672,9.66465621713923));
#5174=CARTESIAN_POINT('Ctrl Pts',(3.32702715862923,395.29061152261,9.63819061688298));
#5175=CARTESIAN_POINT('Ctrl Pts',(3.00988554730421,395.017180269547,9.61172501662672));
#5176=CARTESIAN_POINT('Ctrl Pts',(2.54373953154477,394.916264770171,9.58525941637047));
#5177=CARTESIAN_POINT('Ctrl Pts',(2.14223235018942,395.034679811451,9.55879381611422));
#5178=CARTESIAN_POINT('Ctrl Pts',(1.74072516883408,395.153094852732,9.53232821585797));
#5179=CARTESIAN_POINT('Ctrl Pts',(1.40385682188283,395.49084043467,9.50586261560171));
#5180=CARTESIAN_POINT('Ctrl Pts',(1.28553501157257,395.891707807149,9.47939701534546));
#5181=CARTESIAN_POINT('Ctrl Pts',(1.25153255141842,396.006906153288,9.47179152388274));
#5182=CARTESIAN_POINT('Ctrl Pts',(1.23557833709804,396.127317291222,9.46418603242001));
#5183=CARTESIAN_POINT('Ctrl Pts',(1.23662043408,396.247993927574,9.45658054095728));
#5184=CARTESIAN_POINT('Origin',(2.00000002980232,373.000005558133,9.40000021457672));
#5185=CARTESIAN_POINT('',(2.00000002980232,373.000005558133,9.40000021457672));
#5186=CARTESIAN_POINT('',(2.00000002980232,369.000005498528,9.40000021457672));
#5187=CARTESIAN_POINT('Origin',(14.0000002086163,373.000005558133,9.40000021457672));
#5188=CARTESIAN_POINT('',(14.0000002086163,373.000005558133,9.40000021457672));
#5189=CARTESIAN_POINT('Origin',(14.0000002086163,369.000005498528,9.40000021457672));
#5190=CARTESIAN_POINT('',(14.0000002086163,369.000005498528,9.40000021457672));
#5191=CARTESIAN_POINT('Origin',(2.00000002980232,369.000005498528,9.40000021457672));
#5192=CARTESIAN_POINT('Origin',(2.5,377.,14.4000002145767));
#5193=CARTESIAN_POINT('Origin',(2.5,396.25,14.4000002145767));
#5194=CARTESIAN_POINT('Origin',(6.5,379.,14.4000002145767));
#5195=CARTESIAN_POINT('',(6.5,379.,14.4000002145767));
#5196=CARTESIAN_POINT('',(11.5,379.,14.4000002145767));
#5197=CARTESIAN_POINT('Origin',(6.5,394.,14.4000002145767));
#5198=CARTESIAN_POINT('',(6.5,394.,14.4000002145767));
#5199=CARTESIAN_POINT('Origin',(11.5,379.,14.4000002145767));
#5200=CARTESIAN_POINT('',(11.5,394.,14.4000002145767));
#5201=CARTESIAN_POINT('Origin',(11.5,394.,14.4000002145767));
#5202=UNCERTAINTY_MEASURE_WITH_UNIT(LENGTH_MEASURE(0.01),#5206,
'DISTANCE_ACCURACY_VALUE',
'Maximum model space distance between geometric entities at asserted c
onnectivities');
#5203=UNCERTAINTY_MEASURE_WITH_UNIT(LENGTH_MEASURE(0.01),#5206,
'DISTANCE_ACCURACY_VALUE',
'Maximum model space distance between geometric entities at asserted c
onnectivities');
#5204=(
GEOMETRIC_REPRESENTATION_CONTEXT(3)
GLOBAL_UNCERTAINTY_ASSIGNED_CONTEXT((#5202))
GLOBAL_UNIT_ASSIGNED_CONTEXT((#5206,#5208,#5209))
REPRESENTATION_CONTEXT('','3D')
);
#5205=(
GEOMETRIC_REPRESENTATION_CONTEXT(3)
GLOBAL_UNCERTAINTY_ASSIGNED_CONTEXT((#5203))
GLOBAL_UNIT_ASSIGNED_CONTEXT((#5206,#5208,#5209))
REPRESENTATION_CONTEXT('','3D')
);
#5206=(
LENGTH_UNIT()
NAMED_UNIT(*)
SI_UNIT(.MILLI.,.METRE.)
);
#5207=(
LENGTH_UNIT()
NAMED_UNIT(*)
SI_UNIT($,.METRE.)
);
#5208=(
NAMED_UNIT(*)
PLANE_ANGLE_UNIT()
SI_UNIT($,.RADIAN.)
);
#5209=(
NAMED_UNIT(*)
SI_UNIT($,.STERADIAN.)
SOLID_ANGLE_UNIT()
);
#5210=SHAPE_DEFINITION_REPRESENTATION(#5211,#5212);
#5211=PRODUCT_DEFINITION_SHAPE('',$,#5214);
#5212=SHAPE_REPRESENTATION('',(#1438),#5204);
#5213=PRODUCT_DEFINITION_CONTEXT('part definition',#5218,'design');
#5214=PRODUCT_DEFINITION('End_Stop_Board_libs','End_Stop_Board_libs v4',
#5215,#5213);
#5215=PRODUCT_DEFINITION_FORMATION('',$,#5220);
#5216=PRODUCT_RELATED_PRODUCT_CATEGORY('End_Stop_Board_libs v4',
'End_Stop_Board_libs v4',(#5220));
#5217=APPLICATION_PROTOCOL_DEFINITION('international standard',
'automotive_design',2009,#5218);
#5218=APPLICATION_CONTEXT(
'Core Data for Automotive Mechanical Design Process');
#5219=PRODUCT_CONTEXT('part definition',#5218,'mechanical');
#5220=PRODUCT('End_Stop_Board_libs','End_Stop_Board_libs v4',$,(#5219));
#5221=PRESENTATION_STYLE_ASSIGNMENT((#5222));
#5222=SURFACE_STYLE_USAGE(.BOTH.,#5223);
#5223=SURFACE_SIDE_STYLE('',(#5224));
#5224=SURFACE_STYLE_FILL_AREA(#5225);
#5225=FILL_AREA_STYLE('Steel - Satin',(#5226));
#5226=FILL_AREA_STYLE_COLOUR('Steel - Satin',#5227);
#5227=COLOUR_RGB('Steel - Satin',0.627450980392157,0.627450980392157,0.627450980392157);
ENDSEC;
END-ISO-10303-21;
